no_diacritics,with_diacritics
Thoi trang noi bat cua 3 cap doi dinh dam.,Thời trang nổi bật của 3 cặp đôi đình đám.
"Theo Forbes, loai UAV cam tu pho bien cua Nga la KUB, co hinh tam giac va su dung dong co dien, duoc phong len bang bo phong.","Theo Forbes, loại UAV cảm tử phổ biến của Nga là KUB, có hình tam giác và sử dụng động cơ điện, được phóng lên bằng bộ phóng."
Sasuke Viet Nam: Ca si Cuong Seven that bai ngay o thu thach bam tru.,Sasuke Việt Nam: Ca sĩ Cường Seven thất bại ngay ở thử thách bám trụ.
"Tinh toan dieu chinh Truoc su keu cuu cua nguoi dan, ong Doan Van Doan, Chu tich UBND phuong Long Binh Tan, thua nhan nhieu nam nay, nguoi dan lien tuc phan anh nhung kho khan, de nghi UBND phuong va UBND TP Bien Hoa som xoa bo cac du an da keo dai nhieu nam.","Tính toán điều chỉnh Trước sự kêu cứu của người dân, ông Đoàn Văn Đoàn, Chủ tịch UBND phường Long Bình Tân, thừa nhận nhiều năm nay, người dân liên tục phản ánh những khó khăn, đề nghị UBND phường và UBND TP Biên Hòa sớm xóa bỏ các dự án đã kéo dài nhiều năm."
Ben cang du lich My Tho moi ngay co hang tram khach xuong thuyen di tham quan cac diem du lich ven song.,Bến cảng du lịch Mỹ Tho mỗi ngày có hàng trăm khách xuống thuyền đi tham quan các điểm du lịch ven sông.
Chu tich Quoc hoi tiep Chanh an Toa an Nhan dan Toi cao Lao.,Chủ tịch Quốc hội tiếp Chánh án Tòa án Nhân dân Tối cao Lào.
"M.U chu y, Lucas Moura san sang ra di vao mua dong.","M.U chú ý, Lucas Moura sẵn sàng ra đi vào mùa đông."
Quen noi ma chua lam.,Quen nói mà chưa làm.
My: Mot phu nu hau toa vi pham toi da phu.,Mỹ: Một phụ nữ hầu tòa vì phạm tội đa phu.
Mot dau xe khach Dat Cang moi nam chiu gan 500 trieu phi BOT.,Một đầu xe khách Đất Cảng mỗi năm chịu gần 500 triệu phí BOT.
My lai tang muc thue chong ban pha gia ca tra.,Mỹ lại tăng mức thuế chống bán phá giá cá tra.
"3 to may tren moi tau duoc lenh tang het cong suat, vuot qua nhung con song cap 4, cap 5 de nhanh chong co dong den vi tri chien dau.","3 tổ máy trên mỗi tàu được lệnh tăng hết công suất, vượt qua những con sóng cấp 4, cấp 5 để nhanh chóng cơ động đến vị trí chiến đấu."
Trien lam quoc te ve hang hai tai TP Ho Chi Minh.,Triển lãm quốc tế về hàng hải tại TP Hồ Chí Minh.
Xe bac ty gay tai nan lien hoan.,Xe bạc tỷ gây tai nạn liên hoàn.
Dao dien tre Dang Minh Quoc: 'Ga tinh cho vai la tu dao mo chon minh'.,Đạo diễn trẻ Đặng Minh Quốc: 'Gạ tình cho vai là tự đào mồ chôn mình'.
Giai quan vot Men s Futures F2 Campuchia: Ly Hoang Nam vao ban ket.,Giải quần vợt Men s Futures F2 Campuchia: Lý Hoàng Nam vào bán kết.
Thanh Doan TP.HCM phai la dau tau cua cong tac Doan.,Thành Đoàn TP.HCM phải là đầu tàu của công tác Đoàn.
"Bach Quoc Khanh, Vien truong Vien Huyet hoc - Truyen mau Trung uong, Truong Ban to chuc Hanh trinh Do 2018 - 2022 khang dinh: ""Lan dau tien, chung ta co duoc mot chien dich ve hien mau quy mo nhat, keo dai nhat.","Bạch Quốc Khánh, Viện trưởng Viện Huyết học - Truyền máu Trung ương, Trưởng Ban tổ chức Hành trình Đỏ 2018 - 2022 khẳng định: ""Lần đầu tiên, chúng ta có được một chiến dịch về hiến máu quy mô nhất, kéo dài nhất."
Cuc doc thuc vat co the 'gia dang' hoa hong tuyet dep.,Cực độc thực vật có thể 'giả dạng' hoa hồng tuyệt đẹp.
Chanh long phim nha giao.,Chạnh lòng phim nhà giáo.
Ngung thu tien ky quy.,Ngừng thu tiền ký quỹ.
Xon xao clip chong danh vo truoc mat con va nhan tinh.,Xôn xao clip chồng đánh vợ trước mặt con và nhân tình.
Anh em thu dich.,Anh em thù địch.
May... hon tu xa.,Máy... hôn từ xa.
Con thong bao dong tien khong con?.,Còn thông báo đóng tiền không con?.
Lat lai cau chuyen tinh dac biet cua sao ngoai Thanh Hoa va DJ Myno.,Lật lại câu chuyện tình đặc biệt của sao ngoại Thanh Hóa và DJ Myno.
Tien Giang: Nhieu loai trai cay tang gia.,Tiền Giang: Nhiều loại trái cây tăng giá.
Phuong My Chi duoc Quang Le mua cho micro 200 trieu.,Phương Mỹ Chi được Quang Lê mua cho micro 200 triệu.
Khong thieu nguon de bao lanh tin dung.,Không thiếu nguồn để bảo lãnh tín dụng.
Ga ap chao sot xi dau cay don gian ma ngon.,Gà áp chảo sốt xì dầu cay đơn giản mà ngon.
Hau qua kho luong vi nang mui S-line khong dung cach..,Hậu quả khó lường vì nâng mũi S-line không đúng cách..
Quoc hoi Pa-le-xtin nhom hop lan dau trong 20 nam.,Quốc hội Pa-le-xtin nhóm họp lần đầu trong 20 năm.
La thu cua Bac Ho gui cac ban Chau Phi.,Lá thư của Bác Hồ gửi các bạn Châu Phi.
Mot Sai gon that khac biet qua hieu ung Time Lapse.,Một Sài gòn thật khác biệt qua hiệu ứng Time Lapse.
"Khi do toi cui xuong nhin con trai cua minh va noi: 'Cuoc doi me con minh se thay doi tu day'', co nho lai.","Khi đó tôi cúi xuống nhìn con trai của mình và nói: 'Cuộc đời mẹ con mình sẽ thay đổi từ đây'', cô nhớ lại."
Hoan thanh truc vot sa lan bi chim o song Nha Be.,Hoàn thành trục vớt sà lan bị chìm ở sông Nhà Bè.
Chuyen vui ve tu vi van menh tuoi Mui nam 2015.,Chuyện vui về tử vi vận mệnh tuổi Mùi năm 2015.
Scrambler cuc chat boi ban tay mot bong hong.,Scrambler cực chất bởi bàn tay một bóng hồng.
Bai 2: Nen can nhac viec ra doi tap doan co khi?.,Bài 2: Nên cân nhắc việc ra đời tập đoàn cơ khí?.
"Nam 2019, Hoa hau Sieu quoc gia Viet Nam Nguyen Thi Ngoc Chau vao Top 10 chung cuoc, dat danh hieu Hoa hau Sieu quoc gia Chau A.","Năm 2019, Hoa hậu Siêu quốc gia Việt Nam Nguyễn Thị Ngọc Châu vào Top 10 chung cuộc, đạt danh hiệu Hoa hậu Siêu quốc gia Châu Á."
Mot nguoi tam than bi dan phong danh nhap vien.,Một người tâm thần bị dân phòng đánh nhập viện.
Thanh tra tram can Dau Giay.,Thanh tra trạm cân Dầu Giây.
"Hien nay, thuong hieu da dat muc do nhan dien tuong doi cao tren thi truong.","Hiện nay, thương hiệu đã đạt mức độ nhận diện tương đối cao trên thị trường."
Tam thiep Noel 11.000km co '1-0-2' cua doi vo chong tre.,Tấm thiệp Noel 11.000km có '1-0-2' của đôi vợ chồng trẻ.
Man moi Sa Huynh.,Mặn mòi Sa Huỳnh.
BTC Hoa hau Bien phai giai trinh ve nghi van mua ban giai.,BTC Hoa hậu Biển phải giải trình về nghi vấn mua bán giải.
"Xu ly nghiem hang gia, bao ve nguoi tieu dung.","Xử lý nghiêm hàng giả, bảo vệ người tiêu dùng."
Xac dinh tuyen duong mang ten Dai tuong Vo Nguyen Giap?.,Xác định tuyến đường mang tên Đại tướng Võ Nguyên Giáp?.
"Vi the, neu ho tro ve dia phuong hoat dong trong nganh nay thi van tao ra thu nhap on dinh.","Vì thế, nếu họ trở về địa phương hoạt động trong ngành này thì vẫn tạo ra thu nhập ổn định."
"Sau mot thoi gian, nam YouTuber kiem duoc 5.000 USD dau tien trong doi, roi 1 trieu USD.","Sau một thời gian, nam YouTuber kiếm được 5.000 USD đầu tiên trong đời, rồi 1 triệu USD."
Bo truong Pham Vu Luan tra loi chat van ve Ky thi quoc gia.,Bộ trưởng Phạm Vũ Luận trả lời chất vấn về Kỳ thi quốc gia.
Khong hop ve sinh.,Không hợp vệ sinh.
Tran Lap chia se tam thu truoc ngay len ban mo.,Trần Lập chia sẻ tâm thư trước ngày lên bàn mổ.
Xay dung kien truc Bo TT&TT; dien tu.,Xây dựng kiến trúc Bộ TT&TT; điện tử.
Nha van T mat tich ve Viet Nam.,Nhà văn T mất tích về Việt Nam.
"Tuong dau bung binh thuong, hoa ra dau de.","Tưởng đau bụng bình thường, hóa ra đau đẻ."
"Nhin chung, Hyundai Ioniq 5 co nhung net co dien duoc danh gia rat cao, tac gia cung cho rang nhin chiec xe tu ben suon se cam nhan duoc tron ven net dep cua chiec xe.","Nhìn chung, Hyundai Ioniq 5 có những nét cổ điển được đánh giá rất cao, tác giả cũng cho rằng nhìn chiếc xe từ bên sườn sẽ cảm nhận được trọn vẹn nét đẹp của chiếc xe."
"My dua hang loat may bay, tau chien den ban dao Trieu Tien truoc them Olympic.","Mỹ đưa hàng loạt máy bay, tàu chiến đến bán đảo Triều Tiên trước thềm Olympic."
Neu Viet Nam co ca PAC 3 lan S-400?.,Nếu Việt Nam có cả PAC 3 lẫn S-400?.
Cong dich vu cong quoc gia se hoat dong thu nghiem tu thang 6/2016.,Cổng dịch vụ công quốc gia sẽ hoạt động thử nghiệm từ tháng 6/2016.
2 cum tau san bay Hoa Ky den sat Bien Dong bao ve phan quyet cua PCA.,2 cụm tàu sân bay Hoa Kỳ đến sát Biển Đông bảo vệ phán quyết của PCA.
Trung-Nga tiep tuc doi dau tren dat My La tinh.,Trung-Nga tiếp tục đối đấu trên đất Mỹ La tinh.
Cassano: 'Patrik Schick xuat sac hon ca Paulo Dybala'.,Cassano: 'Patrik Schick xuất sắc hơn cả Paulo Dybala'.
Doanh nghiep duoc: Da tang chung lai.,Doanh nghiệp dược: Đà tăng chững lại.
1.,1.
"Guardiola: ""Toi den Premier League de khang dinh tai nang cua minh"".","Guardiola: ""Tôi đến Premier League để khẳng định tài năng của mình""."
Viet Nam Lao tang cuong hop tac ve bao tang.,Việt Nam Lào tăng cường hợp tác về bảo tàng.
Dao chinh mem o Pakistan?.,Đảo chính mềm ở Pakistan?.
Ve dep thien nhien Viet Nam trong tranh nhuom cua hoa si Toba Mika.,Vẻ đẹp thiên nhiên Việt Nam trong tranh nhuộm của hoạ sĩ Toba Mika.
Sao nam Viet 'manh may cung yeu' trong ngay cuoi vo.,Sao nam Việt 'mạnh mấy cũng yếu' trong ngày cưới vợ.
Vietnam Airlines cam ket quang ba du lich tinh Thua Thien Hue.,Vietnam Airlines cam kết quảng bá du lịch tỉnh Thừa Thiên Huế.
Cuu hau ve M.U se ve pho ta David Moyes.,Cựu hậu vệ M.U sẽ về phò tá David Moyes.
Gan cung can duoc tam mat moi ngay..,Gan cũng cần được tắm mát mỗi ngày..
"Tuy nhien, dien vien Pho trong lang thua nhan nhung nguoi quen biet qua cong viec thi co chi xem do la nhung moi quan he xa giao.","Tuy nhiên, diễn viên Phố trong làng thừa nhận những người quen biết qua công việc thì cô chỉ xem đó là những mối quan hệ xã giao."
"Khoi to, bat tam giam nguyen Pho phong Thi hanh an dan su TP HCM.","Khởi tố, bắt tạm giam nguyên Phó phòng Thi hành án dân sự TP HCM."
Me thieu nu bi thieu song khoc ngat khi nhin di anh cua con.,Mẹ thiếu nữ bị thiêu sống khóc ngất khi nhìn di ảnh của con.
Khat vong tre: Dem nay khai dien 'To quoc - bon mua thanh xuan'.,Khát vọng trẻ: Đêm nay khai diễn 'Tổ quốc - bốn mùa thanh xuân'.
Tim thay 200 tan bac trong xac tau dam tu The chien II.,Tìm thấy 200 tấn bạc trong xác tàu đắm từ Thế chiến II.
Jetstar Pacific ban 20.000 ve gia tu 16 nghin dong.,Jetstar Pacific bán 20.000 vé giá từ 16 nghìn đồng.
Tat ca nhung yeu to do da tac dong tich cuc len nganh cong nghiep loc hoa dau va BSR da nam bat va duoc huong loi cac yeu to tren.,Tất cả những yếu tố đó đã tác động tích cực lên ngành công nghiệp lọc hóa dầu và BSR đã nắm bắt và được hưởng lợi các yếu tố trên.
"Binh Dinh: Xe may bi cuon vao gam xe tai, mot thanh nien tu vong.","Bình Định: Xe máy bị cuốn vào gầm xe tải, một thanh niên tử vong."
Nga lan dau tien coi My la moi de doa ve an ninh quoc gia.,Nga lần đầu tiên coi Mỹ là mối đe dọa về an ninh quốc gia.
Tu vong vi roi tu do cao 20m.,Tử vong vì rơi từ độ cao 20m.
Cuc Thue tinh Phu Tho: Tap huan chinh sach thue moi cho can bo thue.,Cục Thuế tỉnh Phú Thọ: Tập huấn chính sách thuế mới cho cán bộ thuế.
Thai Lan: Xem xet bo lenh tinh trang khan cap tai mot so tinh mien Nam.,Thái Lan: Xem xét bỏ lệnh tình trạng khẩn cấp tại một số tỉnh miền Nam.
Ne tranh bao chi hoat dong hop phap cung can phai bi xu ly.,Né tránh báo chí hoạt động hợp pháp cũng cần phải bị xử lý.
"""Luc minh dang len thi co rat nhieu nguoi hoi xin nhan ve nuoi nhung minh chua dong y vi muon tim duoc chu nhan cua cac chu cho nay.","""Lúc mình đăng lên thì có rất nhiều người hỏi xin nhận về nuôi nhưng mình chưa đồng ý vì muốn tìm được chủ nhân của các chú chó này."
"Quan doi Syria giai trinh ve ""vu tham sat Tremseh"".","Quân đội Syria giải trình về ""vụ thảm sát Tremseh""."
"Ghi nhan nhung thanh tich do, trong thoi gian qua da co nhieu tap the, ca nhan duoc tang thuong Co thi dua, Bang khen, Giay khen trong phong trao toan dan bao ve an ninh To quoc cua cac cap lanh dao.","Ghi nhận những thành tích đó, trong thời gian qua đã có nhiều tập thể, cá nhân được tặng thưởng Cờ thi đua, Bằng khen, Giấy khen trong phong trào toàn dân bảo vệ an ninh Tổ quốc của các cấp lãnh đạo."
Wawrinka toa sang hon Federer.,Wawrinka tỏa sáng hơn Federer.
Chinh thuc lui thoi han thi hanh Bo luat Hinh su 2015.,Chính thức lùi thời hạn thi hành Bộ luật Hình sự 2015.
"Bai, anh: KHANH HUYEN","Bài, ảnh: KHÁNH HUYỀN"
Nguoi phu nu vuot ngan cay so lay chong bai liet.,Người phụ nữ vượt ngàn cây số lấy chồng bại liệt.
Hon trieu dong mot cap ve xem V.League.,Hơn triệu đồng một cặp vé xem V.League.
"Thi sinh bi tai nan, om dot xuat duoc lui buoi thi.","Thí sinh bị tai nạn, ốm đột xuất được lùi buổi thi."
"Pakistan: danh bom lieu chet, 6 nguoi thiet mang.","Pakistan: đánh bom liều chết, 6 người thiệt mạng."
"Ve kich thuoc, Hyundai Stargazer dai 4.460mm, rong 1.780mm, va cao 1.695mm, voi chieu dai co so 2.780mm.","Về kích thước, Hyundai Stargazer dài 4.460mm, rộng 1.780mm, và cao 1.695mm, với chiều dài cơ sở 2.780mm."
"""Ngoi mo"" dac biet ay duoc dat tren mot noc nha o thanh pho Gyueongju - ben canh nha tho nho nhat ma loai nguoi tung biet den.","""Ngôi mộ"" đặc biệt ấy được đặt trên một nóc nhà ở thành phố Gyueongju - bên cạnh nhà thờ nhỏ nhất mà loài người từng biết đến."
Phu nu mong to se khoe hon.,Phụ nữ mông to sẽ khỏe hơn.
Ha Noi bao dong cap 1 ve cung cap dien chong ngap.,Hà Nội báo động cấp 1 về cung cấp điện chống ngập.
"Ong Raikovych cho hay, cac doi cuu ho da co mat tai nhung khu vuc bi anh huong va mot quan nho o thu phu Kropyvnytskyi cua vung nay bi mat dien do cac vu tan cong tren.","Ông Raikovych cho hay, các đội cứu hộ đã có mặt tại những khu vực bị ảnh hưởng và một quận nhỏ ở thủ phủ Kropyvnytskyi của vùng này bị mất điện do các vụ tấn công trên."
"""Hien nhan vien an ninh nay da bi tam dinh chi, phai roi vi tri an ninh soi chieu de cho xac minh, lam ro vu viec"", lanh dao Cang vu Hang khong mien Nam noi.","""Hiện nhân viên an ninh này đã bị tạm đình chỉ, phải rời vị trí an ninh soi chiếu để chờ xác minh, làm rõ vụ việc"", lãnh đạo Cảng vụ Hàng không miền Nam nói."
Thu choi sinh vat canh tan pha san ho.,Thú chơi sinh vật cảnh tàn phá san hô.
HLV Wenger nga dau dieng o nha ga.,HLV Wenger ngã đau điếng ở nhà ga.
Bi cuc ngan hang nhom 4.,Bĩ cực ngân hàng nhóm 4.
"Trot trao ""doi con gai"" cho sep.","Trót trao ""đời con gái"" cho sếp."
"Ve doi tuong tiem, lieu luong tiem, loai vaccine tiem cho cac doi tuong, Bo Y te da co huong dan moi nhat tai van ban so 3309 ban hanh ngay 23.6.","Về đối tượng tiêm, liều lượng tiêm, loại vaccine tiêm cho các đối tượng, Bộ Y tế đã có hướng dẫn mới nhất tại văn bản số 3309 ban hành ngày 23.6."
"Ha Noi ra ""Toi hau thu"" cho 10 khu do thi moi.","Hà Nội ra ""Tối hậu thư"" cho 10 khu đô thị mới."
Cai ket xung dang cho ga dan ong boi bac.,Cái kết xứng đáng cho gã đàn ông bội bạc.
Kiem tra giao dich cua 4 ma CK tang tran 5 phien lien tuc.,Kiểm tra giao dịch của 4 mã CK tăng trần 5 phiên liên tục.
"PSG muon tro lai la cau lac bo dang so tai Phap, dieu chung toi khong lam duoc trong hai nam qua"". Cavani da dat moc 200 ban sau 301 tran nhung Mbappe duoc ky vong se som vuot qua ky luc do.","PSG muốn trở lại là câu lạc bộ đáng sợ tại Pháp, điều chúng tôi không làm được trong hai năm qua"". Cavani đã đạt mốc 200 bàn sau 301 trận nhưng Mbappe được kỳ vọng sẽ sớm vượt qua kỷ lục đó."
"Ca tam la ca nuoc ngot lon nhat the gioi, nhung chung kha lanh vi khong gay hai cho dong loai Theo tim hieu, ca tam Kaluga co kha nang sinh san trong nhieu moi truong nuoc, gom ca nuoc ngot, lo, va vung bien man.","Cá tầm là cá nước ngọt lớn nhất thế giới, nhưng chúng khá lành vì không gây hại cho đồng loại Theo tìm hiểu, cá tầm Kaluga có khả năng sinh sản trong nhiều môi trường nước, gồm cả nước ngọt, lợ, và vùng biển mặn."
"Mot nghien cuu moi day cua Dai hoc RMIT (Uc) cho thay, cac dong xe o to hien dai khong chi than thien hon voi moi truong ma cũng chu trong nhièu den su an toan.","Một nghiên cứu mới đây của Đại học RMIT (Úc) cho thấy, các dòng xe ô tô hiện đại không chỉ thân thiện hơn với môi trường mà cũng chú trọng nhiều đến sự an toàn."
Thuc trang can ho du lich condotel Nha Trang: Qua nhieu bat cap!.,Thực trạng căn hộ du lich condotel Nha Trang: Quá nhiều bất cập!.
McCartney mang vo cu qua nhac.,McCartney mắng vợ cũ qua nhạc.
Lam gi khi ban gai muon giu qua cua nguoi cu?.,Làm gì khi bạn gái muốn giữ quà của người cũ?.
Benh tu mieng ma ra.,Bệnh từ miệng mà ra.
De nghi xu ly nguoi dep thi chui cuoc thi Hoa hau Viet Nam toan cau.,Đề nghị xử lý người đẹp thi chui cuộc thi Hoa hậu Việt Nam toàn cầu.
"[DisplaySearch] iPhone to hon, iPad mini va MBA Retina se xuat hien tu cuoi 2013 den het 2014.","[DisplaySearch] iPhone to hơn, iPad mini và MBA Retina sẽ xuất hiện từ cuối 2013 đến hết 2014."
Clip may xuc xa hang chuc tan rac xuong suoi o Ha Giang.,Clip máy xúc xả hàng chục tấn rác xuống suối ở Hà Giang.
Adebayor doi mat voi an phat cua FA.,Adebayor đối mặt với án phạt của FA.
Lung tung mot vu cap giay do cho toc ho.,Lúng túng một vụ cấp giấy đỏ cho tộc họ.
"Nga, My ky thoa thuan hop tac trong linh vuc vu tru.","Nga, Mỹ ký thỏa thuận hợp tác trong lĩnh vực vũ trụ."
"Mo ban biet thu nghi duong Dai Lai gia tu 2,6 ty dong.","Mở bán biệt thự nghỉ dưỡng Đại Lải giá từ 2,6 tỷ đồng."
Ho Van Cuong chuyen truong len TPHCM.,Hồ Văn Cường chuyển trường lên TPHCM.
Tranh cai thue TNCN tu bat dong san.,Tranh cãi thuế TNCN từ bất động sản.
"Nhung nam thang song va lam viec voi nhac si Trinh Cong Son, ong Long tung de nghi ong Son viet ngan ve nhung nguoi phu nu co anh huong nhat toi nhac si.","Những năm tháng sống và làm việc với nhạc sĩ Trịnh Công Sơn, ông Long từng đề nghị ông Sơn viết ngắn về những người phụ nữ có ảnh hưởng nhất tới nhạc sĩ."
Hang chuc nghin nhan vien ngan hang Nhat mat viec vi cong nghe cao nhu the nao?.,Hàng chục nghìn nhân viên ngân hàng Nhật mất việc vì công nghệ cao như thế nào?.
Chuan bi cho cuoc trien lam xac uop lon nhat the gioi.,Chuẩn bị cho cuộc triển lãm xác ướp lớn nhất thế giới.
"Chieu 28.6, ong Nguyen Thanh Phong – Giam doc Bao tang tinh Khanh Hoa xac nhan, cac thanh vien trong Hoi dong ky luat Bao tang tinh da thong nhat muc hinh thuc ky luat khien trach doi voi ong Mai Ngoc Da - Truong phong nghien cuu suu tam Bao tang tinh Khanh Hoa.","Chiều 28.6, ông Nguyễn Thanh Phong – Giám đốc Bảo tàng tỉnh Khánh Hòa xác nhận, các thành viên trong Hội đồng kỷ luật Bảo tàng tỉnh đã thống nhất mức hình thức kỷ luật khiển trách đối với ông Mai Ngọc Đa - Trưởng phòng nghiên cứu sưu tầm Bảo tàng tỉnh Khánh Hòa."
Thong bao cac quyet dinh cua Bo Chinh tri ve cong tac can bo.,Thông báo các quyết định của Bộ Chính trị về công tác cán bộ.
Ninh Binh: Tet am tinh thuong.,Ninh Bình: Tết ấm tình thương.
O to dien nhap chui tran lan.,Ô tô điện nhập chui tràn lan.
"Vi du nhu nhieu nam qua khong con phong trao van nghe hoa phuong do cua cac em thieu nhi, van nghe quan chung cua luc luong cong nhan - vien chuc - lao dong, cac giai the thao, giai bong da tu ap den xa, huyen, den thanh pho.","Ví dụ như nhiều năm qua không còn phong trào văn nghệ hoa phượng đỏ của các em thiếu nhi, văn nghệ quần chúng của lực lượng công nhân - viên chức - lao động, các giải thể thao, giải bóng đá từ ấp đến xã, huyện, đến thành phố."
Nghe thuat nguy trang tai tinh cua sat thu bo rep.,Nghệ thuật ngụy trang tài tình của sát thủ bọ rệp.
"Ngan hang, chung khoan 'khat nhan luc truc tuyen.","Ngân hàng, chứng khoán 'khát nhân lực trực tuyến."
Giai vo dich bong ban toan quoc 2015: Cap My Trang-Dinh Duy vao chung ket.,Giải vô địch bóng bàn toàn quốc 2015: Cặp Mỹ Trang-Đình Duy vào chung kết.
Nhung Nice cung muon nhan duoc mot khoan tien mat trong vu nay.,Nhưng Nice cũng muốn nhận được một khoản tiền mặt trong vụ này.
"""Sot"" khau trang chong dich cum A (H1N1).","""Sốt"" khẩu trang chống dịch cúm A (H1N1)."
'Pep Guardiola la con cao gia'.,'Pep Guardiola là con cáo già'.
"Thay mat canh sat Bandung, toi gui loi chia buon den gia dinh hai ben"", ong Aswin noi.","Thay mặt cảnh sát Bandung, tôi gửi lời chia buồn đến gia đình hai bên"", ông Aswin nói."
Nhieu xe hop tai Ha Noi lien tiep bi vat banh xe.,Nhiều xế hộp tại Hà Nội liên tiếp bị vặt bánh xe.
Sap co smartphone trang bi 2 pin tu Gionee.,Sắp có smartphone trang bị 2 pin từ Gionee.
Doc chieu giup ban giai toa cang thang.,Độc chiêu giúp bạn giải tỏa căng thẳng.
Giam gia ve Vietnam Airlines cho chu the Techcombank.,Giảm giá vé Vietnam Airlines cho chủ thẻ Techcombank.
Lo danh sach mua sam toan sieu sao cua M.U.,Lộ danh sách mua sắm toàn siêu sao của M.U.
HTC One X so dang LG Optimus 4X HD.,HTC One X so dáng LG Optimus 4X HD.
Vn-Index mat diem manh.,Vn-Index mất điểm mạnh.
Bai tuong Rahul Gandhi bien mat bi an.,Bại tướng Rahul Gandhi biến mất bí ẩn.
"Tren cong truong, cong nhan chia thanh nhieu ca lam viec, bat dau tu 7h sang.","Trên công trường, công nhân chia thành nhiều ca làm việc, bắt đầu từ 7h sáng."
(SN 2007); Nguyen Ba T.,(SN 2007); Nguyễn Bá T.
Lich su thang tram cua ho ten lua huyen thoai Scud (ky 2).,Lịch sử thăng trầm của họ tên lửa huyền thoại Scud (kỳ 2).
TPHCM to chuc Ngay ngoi truong tieu hoc cua em.,TPHCM tổ chức Ngày ngôi trường tiểu học của em.
Van Mai Huong hao hung hat tren he pho Ha Noi.,Văn Mai Hương hào hứng hát trên hè phố Hà Nội.
"Dang anh DI BAO U23 Viet Nam, bo chong nhan tin: 'Con dau thay anh khac noi bat hon di'.","Đăng ảnh ĐI BÃO U23 Việt Nam, bố chồng nhắn tin: 'Con dâu thay ảnh khác nổi bật hơn đi'."
"Hu via hai bo con lieu mang ""chien dau"" ca sau.","Hú vía hai bố con liều mạng ""chiến đấu"" cá sấu."
Nguyen nhan bi mun o nguoi truong thanh..,Nguyên nhân bị mụn ở người trưởng thành..
"Anh tung tham gia san xuat, dan dung cac album cho nhung ngoi sao noi tieng cua Trung Quoc lan Han Quoc nhu Trieu Vy, Han Hong, Quang Luong, Bi Rain, BoA, DBSK, Super Junior, BTS,...Dac biet, Vuong Loi con la nha phe binh dien anh, am nhac tren nhieu bao, tap chi va lam giam khao trong cac chuong trinh truyen hinh thuc te tim kiem tai nang am nhac khi tuoi doi con rat tre.","Anh từng tham gia sản xuất, dàn dựng các album cho những ngôi sao nổi tiếng của Trung Quốc lẫn Hàn Quốc như Triệu Vy, Hàn Hồng, Quang Lượng, Bi Rain, BoA, DBSK, Super Junior, BTS,...Đặc biệt, Vương Lỗi còn là nhà phê bình điện ảnh, âm nhạc trên nhiều báo, tạp chí và làm giám khảo trong các chương trình truyền hình thực tế tìm kiếm tài năng âm nhạc khi tuổi đời còn rất trẻ."
Thach thuc voi ong chu moi Tesco.,Thách thức với ông chủ mới Tesco.
"Nhan luc nay, nguoi doc than hay tich cuc mo long, ban se co nhieu co hoi lam quen, tiep xuc voi doi tuong phu hop.","Nhân lúc này, người độc thân hãy tích cực mở lòng, bạn sẽ có nhiều cơ hội làm quen, tiếp xúc với đối tượng phù hợp."
Ha Noi se co duong mang ten nha giao Nguyen Lan.,Hà Nội sẽ có đường mang tên nhà giáo Nguyễn Lân.
Muc giam gia cua doanh nghiep van tai tuong doi phu hop.,Mức giảm giá của doanh nghiệp vận tải tương đối phù hợp.
Nguoi phu nu chet thuong tam khi di tham con gai.,Người phụ nữ chết thương tâm khi đi thăm con gái.
nam 2009-2010.,năm 2009-2010.
Canh voi rong quay bang Lumia 925.,Cảnh vòi rồng quay bằng Lumia 925.
Them nhung cai chet khong dang co.,Thêm những cái chết không đáng có.
"Thang 7/2013, Barca cong bo chieu mo thanh cong Neymar tu Santos voi gia 17,1 trieu euro.","Tháng 7/2013, Barca công bố chiêu mộ thành công Neymar từ Santos với giá 17,1 triệu euro."
"Nhung trong mot ngay ma Lewy van vo duyen, Dembele quyet dinh ""lam tat an ca"". Hai pha solo ghi ban da boc lo moi pham chat cua Dembele.","Nhưng trong một ngày mà Lewy vẫn vô duyên, Dembele quyết định ""làm tất ăn cả"". Hai pha solo ghi bàn đã bộc lộ mọi phẩm chất của Dembele."
"""Phai vay cho sao..."".","""Phải vậy chớ sao...""."
Nguoi giau Viet Nam tang nhanh thu 2 Dong Nam A.,Người giàu Việt Nam tăng nhanh thứ 2 Đông Nam Á.
Nhung dieu thu vi khi Obama cong du nuoc ngoai.,Những điều thú vị khi Obama công du nước ngoài.
Cai ket co hau cua chu cho sut moi.,Cái kết có hậu của chú chó sứt môi.
O to ham ho moi ra mat cua Mitsubishi gia chi 235 trieu co gi dac biet?.,Ô tô hầm hố mới ra mắt của Mitsubishi giá chỉ 235 triệu có gì đặc biệt?.
Nhung tieng keu thuong gui den toa soan.,Những tiếng kêu thương gửi đến tòa soạn.
"Khung hoang dia oc My, bai hoc cho Viet Nam.","Khủng hoảng địa ốc Mỹ, bài học cho Việt Nam."
BOT Phap Van Cau Gie: Buoc dau xac dinh viec thieu minh bach.,BOT Pháp Vân Cầu Giẽ: Bước đầu xác định việc thiếu minh bạch.
Phoi do hop xu huong Thu Dong 2015 theo cam hung cua cac kinh do thoi trang.,Phối đồ hợp xu hướng Thu Đông 2015 theo cảm hứng của các kinh đô thời trang.
"Co Cu Thi Ha, giao vien ngu van lop 12A5, cho hay, trong nam hoc vua qua, co da xay dung giao an giang day phu hop, khoa hoc de giup hoc sinh lop chon khoi D va C nam chac duoc bai, giup cac em hoan thanh tot nhat bai thi mon ngu van trong ky thi tot nghiep THPT.","Cô Cù Thị Hà, giáo viên ngữ văn lớp 12A5, cho hay, trong năm học vừa qua, cô đã xây dựng giáo án giảng dạy phù hợp, khoa học để giúp học sinh lớp chọn khối D và C nắm chắc được bài, giúp các em hoàn thành tốt nhất bài thi môn ngữ văn trong kỳ thi tốt nghiệp THPT."
"Theo ba Phan Thi Thang, trong boi canh hien nay doi hoi can thiet phai co mot nghi quyet moi thay the Nghi quyet 54, qua do tao dieu kien khoi thong nguon luc phat trien TP.HCM trong giai doan toi.","Theo bà Phan Thị Thắng, trong bối cảnh hiện nay đòi hỏi cần thiết phải có một nghị quyết mới thay thế Nghị quyết 54, qua đó tạo điều kiện khơi thông nguồn lực phát triển TP.HCM trong giai đoạn tới."
U23 Viet Nam khong the vuot qua U23 Myanmar.,U23 Việt Nam không thể vượt qua U23 Myanmar.
Chi la mot cai vay bi tut thoi ma.,Chỉ là một cái váy bị tụt thôi mà.
U23 Malaysia gui 'chien thu' toi U23 Viet Nam.,U23 Malaysia gửi 'chiến thư' tới U23 Việt Nam.
Madonna tai hop voi bo tre Jesus.,Madonna tái hợp với bồ trẻ Jesus.
"""Toi nghe nguoi ta noi ong ay song mot minh, khong vo khong con trong can phong tro von ven vai met vuong.","""Tôi nghe người ta nói ông ấy sống một mình, không vợ không con trong căn phòng trọ vỏn vẹn vài mét vuông."
"Hat Xoan, hat Gheo - Dan ca doc dao cua Phu Tho.","Hát Xoan, hát Ghẹo - Dân ca độc đáo của Phú Thọ."
ACItochu keu kho voi du an ethanol Binh Phuoc.,ACItochu kêu khó với dự án ethanol Bình Phước.
Xe canh sat giao thong gay tai nan giao thong.,Xe cảnh sát giao thông gây tai nạn giao thông.
TAND TP.HCM ky niem 70 nam nganh toa an.,TAND TP.HCM kỷ niệm 70 năm ngành tòa án.
Lam gi de co vu thi dau bong da co van hoa ?.,Làm gì để cổ vũ thi đấu bóng đá có văn hóa ?.
EU thoa thuan ve van de di cu: Bang mat nhung khong bang long.,EU thỏa thuận về vấn đề di cư: Bằng mặt nhưng không bằng lòng.
Chuc cac ban thanh cong.,Chúc các bạn thành công.
Tang qua hoc sinh ngheo vung giao vuot kho.,Tặng quà học sinh nghèo vùng giáo vượt khó.
"Tuy nhien, Ukraine kho tao duoc ket qua tuong tu o chien truong mien dong.","Tuy nhiên, Ukraine khó tạo được kết quả tương tự ở chiến trường miền đông."
"Xe may, o to va nan ket duong.","Xe máy, ô tô và nạn kẹt đường."
Lua chon chat beo tot 9.,Lựa chọn chất béo tốt 9.
Tiep Pho Chu tich thu nhat Thuong vien Tay Ban Nha.,Tiếp Phó Chủ tịch thứ nhất Thượng viện Tây Ban Nha.
Barcelona trut con mua ban thang vao luoi Basel.,Barcelona trút cơn mưa bàn thắng vào lưới Basel.
Chuyen tau boi thuc !.,Chuyến tàu bội thực !.
"Yen Bai can tan dung tiem nang de tang truong nhanh, ben vung.","Yên Bái cần tận dụng tiềm năng để tăng trưởng nhanh, bền vững."
Ha Noi: Thu giu 2.650 doi giay khong ro nguon goc.,Hà Nội: Thu giữ 2.650 đôi giày không rõ nguồn gốc.
Tran dau giua Viettel FC va Phnom Penh Crown FC dien ra vao luc 17h00 ngay 27/6 tren san Thong Nhat.,Trận đấu giữa Viettel FC và Phnom Penh Crown FC diễn ra vào lúc 17h00 ngày 27/6 trên sân Thống Nhất.
Ngoi buon gap giay nghich choi.,Ngồi buồn gấp giấy nghịch chơi.
'Nang tho' tiep tuc to ong trum Playboy.,'Nàng thỏ' tiếp tục tố ông trùm Playboy.
"VPK: Uoc lai sau thue 2015 dat 25 ty, co tuc 10%.","VPK: Ước lãi sau thuế 2015 đạt 25 tỷ, cổ tức 10%."
"Hoc sinh duoc yeu cau o nha tai nhung tinh ghi nhan muc ""bao dong do"", va Bo Y te Phap cung da mo duong day nong lien lac dac biet ve tinh hinh nang nong.","Học sinh được yêu cầu ở nhà tại những tỉnh ghi nhận mức ""báo động đỏ"", và Bộ Y tế Pháp cũng đã mở đường dây nóng liên lạc đặc biệt về tình hình nắng nóng."
Jule Verne Nga tai hoa bac phan.,Jule Verne Nga tài hoa bạc phận.
Nam Thai Binh Duong dang doi mat voi nguy co khung hoang toan dien.,Nam Thái Bình Dương đang đối mặt với nguy cơ khủng hoảng toàn diện.
Doan tau hoa cho 250 hanh khach trat banh ngay sat mep vinh.,Đoàn tàu hỏa chở 250 hành khách trật bánh ngay sát mép vịnh.
Nhieu nguoi khong biet noi tieng Anh cung the hien ro rang rang ho muon giup do.,Nhiều người không biết nói tiếng Anh cũng thể hiện rõ ràng rằng họ muốn giúp đỡ.
"Do la thoi diem V-League 2022 da ket thuc, khi ay doi tuyen hy vong se co duoc dan cau thu day du nhu y muon va dang co phong do tot.","Đó là thời điểm V-League 2022 đã kết thúc, khi ấy đội tuyển hy vọng sẽ có được dàn cầu thủ đầy đủ như ý muốn và đang có phong độ tốt."
Truc tiep SLNA- Hai Phong: Cuoc chien chua bao gio nguoi.,Trực tiếp SLNA- Hải Phòng: Cuộc chiến chưa bao giờ nguội.
Nhung cong trinh giup ha nhiet ket xe.,Những công trình giúp hạ nhiệt kẹt xe.
Cap dien them cang thang.,Cấp điện thêm căng thẳng.
Chi can xoi loi thi kho khan nao cung se duoc giai quyet trong ngay hom nay.,Chỉ cần xởi lởi thì khó khăn nào cũng sẽ được giải quyết trong ngày hôm nay.
"Mo rong vong tay, giup nguoi lam loi tai co so lam lai cuoc doi.","Mở rộng vòng tay, giúp người lầm lỗi tại cơ sở làm lại cuộc đời."
Loi keu cuu cua nguoi di hop tac lao dong tai Arab Saudi.,Lời kêu cứu của người đi hợp tác lao động tại Arab Saudi.
Tuyen truyen phap luat lao dong cho DN.,Tuyên truyền pháp luật lao động cho DN.
Thu gui chau va me chau.,Thư gửi cháu và mẹ cháu.
Bat mot Tong giam doc lua tien ty.,Bắt một Tổng giám đốc lừa tiền tỷ.
"Bac si Luong Chan Quang de nghi truoc mat can thanh lap cac to xung kich SXH cong dong de di tung ngo, go tung nha, huy dong nhan dan cung chung tay phong chong SXH giong nhu chien dau voi Covid-19; tao thuong quy cho nhan dan.","Bác sĩ Lương Chấn Quang đề nghị trước mắt cần thành lập các tổ xung kích SXH cộng đồng để đi từng ngõ, gõ từng nhà, huy động nhân dân cùng chung tay phòng chống SXH giống như chiến đấu với Covid-19; tạo thường quy cho nhân dân."
De xuat nham ngan chan nguon cung dau hang trieu thung moi ngay cua Nga gap kho khan trong viec luan chuyen do thieu bao hiem.,Đề xuất nhằm ngăn chặn nguồn cung dầu hàng triệu thùng mỗi ngày của Nga gặp khó khăn trong việc luân chuyển do thiếu bảo hiểm.
Bang Kieu gay soc khi chup hinh chung 2 vo cu - moi.,Bằng Kiều gây sốc khi chụp hình chung 2 vợ cũ - mới.
Ky thu Le Quang Liem la cong dan tieu bieu cua TP HCM.,Kỳ thủ Lê Quang Liêm là công dân tiêu biểu của TP HCM.
"Gap troi mua, xe khach lat tren duong Ho Chi Minh.","Gặp trời mưa, xe khách lật trên đường Hồ Chí Minh."
Nuoc mat me gia bi nghich tu bat hieu...hanh xac.,Nước mắt mẹ già bị nghịch tử bất hiếu...hành xác.
"Dong euro-""trai tim tan vo cua chau Au"".","Đồng euro-""trái tim tan vỡ của châu Âu""."
"Khi dang tren da phat trien su nghiep nguoi mau, nguoi dep Tay Do quyet dinh gac lai tat ca va di du hoc o Singapore.","Khi đang trên đà phát triển sự nghiệp người mẫu, người đẹp Tây Đô quyết định gác lại tất cả và đi du học ở Singapore."
A hau ep ban trai ban chet Hoa hau vi ghen ti.,Á hậu ép bạn trai bắn chết Hoa hậu vì ghen tị.
Be 6 tuoi te tu lau 4 xuong dat.,Bé 6 tuổi té từ lầu 4 xuống đất.
Chinh quyen bo tay nan trom cat song Van Uc.,Chính quyền bó tay nạn trộm cát sông Văn Úc.
Cong duong vat co the phai mo.,Cong dương vật có thể phải mổ.
Newcastle vs Man City: Dung day o James Park.,Newcastle vs Man City: Đứng dạy ở James Park.
Vi sao ong Hai 'lo' nhay dung?.,Vì sao ông Hải 'lơ' nhảy dựng?.
"Moi day, to chuc nay da cong bo danh sach bang xep hang (BXH) cac truong dai hoc theo Thanh tuu Hoc thuat nam 2022.","Mới đây, tổ chức này đã công bố danh sách bảng xếp hạng (BXH) các trường đại học theo Thành tựu Học thuật năm 2022."
Nhu Quynh o lai Viet Nam ung ho show dien cua em trai?.,Như Quỳnh ở lại Việt Nam ủng hộ show diễn của em trai?.
Se thay doi cach thu bao hiem y te cua hoc sinh.,Sẽ thay đổi cách thu bảo hiểm y tế của học sinh.
Chu de: Tinh duc va suc khoe.,Chủ đề: Tình dục và sức khỏe.
Xe buyt 'dan tran': UBND tinh Hai Duong noi gi?.,Xe buýt 'dàn trận': UBND tỉnh Hải Dương nói gì?.
Xac dinh trach nhiem hoan tra cua nguoi lam oan ong Nen.,Xác định trách nhiệm hoàn trả của người làm oan ông Nén.
Hung khoi nhat the gioi!.,Hứng khởi nhất thế giới!.
"""Toi lam viec gan 3 nam voi Marvel.","""Tôi làm việc gần 3 năm với Marvel."
It ma van thua.,Ít mà vẫn thừa.
Cang Singapore: Trung tam chuyen tai container nhon nhip nhat tren the gioi.,Cảng Singapore: Trung tâm chuyển tải container nhộn nhịp nhất trên thế giới.
Game thu Viet than phien vi Evolve hut mau nguoi choi qua DLC.,Game thủ Việt than phiền vì Evolve hút máu người chơi qua DLC.
Milan Anderlecht: Phao cuu sinh.,Milan Anderlecht: Phao cứu sinh.
"Mot so nguoi cho rang, nghi pham da len ke hoach rat ky luong.","Một số người cho rằng, nghi phạm đã lên kế hoạch rất kỹ lưỡng."
Da so nguoi dan Phap khong tin tuong vao chuong trinh cai cach cua Chinh phu.,Đa số người dân Pháp không tin tưởng vào chương trình cải cách của Chính phủ.
"Trung Quoc: Sieu tang Armata chi manh ngang M1A2, Leopard 2.","Trung Quốc: Siêu tăng Armata chỉ mạnh ngang M1A2, Leopard 2."
"My dua P - 8 Poseidon den Singapore, Trung Quoc lo ngai.","Mỹ đưa P - 8 Poseidon đến Singapore, Trung Quốc lo ngại."
"Cac du an gom boi thuong, giai phong mat bang du an thanh phan ba thuoc duong cao toc Bien Hoa-Vung Tau, 5 tuyen duong ven bien (Tinh lo 994); duong Vanh dai 4 doan qua tinh Ba Ria-Vung Tau, duong noi vao cao toc Bien Hoa-Vung Tau (tu quoc lo 56 den nut giao Vung Van), duong truc chinh Ba Ria-Vung Tau (tu nut giao Vung Van den vong xoay quoc lo 51B, quoc lo 51C), duong Hoi Bai-Phuoc Tan (noi cao toc Bien Hoa-Vung Tau voi quoc lo 51). HDND tinh Ba Ria-Vung Tau khoa VII cung thong qua nghi quyet thong qua Chuong trinh phat trien nha o tren dia ban tinh Ba Ria-Vung Tau giai doan 2021-2030... Phat bieu be mac ky hop, ong Pham Viet Thanh, Bi thu Tinh uy, Chu tich HDND tinh Ba Ria-Vung Tau de nghi, UBND tinh va cac so, ban, nganh, dia phuong tap trung chi dao cong tac trien khai du an dau tu cong va giai ngan het von dau tu cong da bo tri.","Các dự án gồm bồi thường, giải phóng mặt bằng dự án thành phần ba thuộc đường cao tốc Biên Hòa-Vũng Tàu, 5 tuyến đường ven biển (Tỉnh lộ 994); đường Vành đai 4 đoạn qua tỉnh Bà Rịa-Vũng Tàu, đường nối vào cao tốc Biên Hòa-Vũng Tàu (từ quốc lộ 56 đến nút giao Vũng Vằn), đường trục chính Bà Rịa-Vũng Tàu (từ nút giao Vũng Văn đến vòng xoay quốc lộ 51B, quốc lộ 51C), đường Hội Bài-Phước Tân (nối cao tốc Biên Hoà-Vũng Tàu với quốc lộ 51). HĐND tỉnh Bà Rịa-Vũng Tàu khóa VII cũng thông qua nghị quyết thông qua Chương trình phát triển nhà ở trên địa bàn tỉnh Bà Rịa-Vũng Tàu giai đoạn 2021-2030... Phát biểu bế mạc kỳ họp, ông Phạm Viết Thanh, Bí thư Tỉnh ủy, Chủ tịch HĐND tỉnh Bà Rịa-Vũng Tàu đề nghị, UBND tỉnh và các sở, ban, ngành, địa phương tập trung chỉ đạo công tác triển khai dự án đầu tư công và giải ngân hết vốn đầu tư công đã bố trí."
"Nhung thiet ke bai do xe thong minh, an tuong nhat the gioi.","Những thiết kế bãi đỗ xe thông minh, ấn tượng nhất thế giới."
Phat hien va khuyen nghi ve san pham va dich vu du phong HIV.,Phát hiện và khuyến nghị về sản phẩm và dịch vụ dự phòng HIV.
"Chia se ve quyet dinh tren, Giang chia se co them tien phu cap cho nhan vien neu duoc khach hang danh gia tot qua ung dung danh gia sau khi khach hoan thanh dich vu.","Chia sẻ về quyết định trên, Giang chia sẻ cô thêm tiền phụ cấp cho nhân viên nếu được khách hàng đánh giá tốt qua ứng dụng đánh giá sau khi khách hoàn thành dịch vụ."
Truong Giang: Ai ma khong say nang Angela Phuong Trinh.,Trường Giang: Ai mà không say nắng Angela Phương Trinh.
Du lich lam an kieu mua vu.,Du lịch làm ăn kiểu mùa vụ.
Thong tin ngung cap thi thuc vao ho chieu mau moi cua Viet Nam duoc thong bao qua dot ngot vao chieu cung ngay.,Thông tin ngừng cấp thị thực vào hộ chiếu mẫu mới của Việt Nam được thông báo quá đột ngột vào chiều cùng ngày.
Thu tuong Nguyen Tan Dung du Hoi nghi cap cao CLV lan thu 6.,Thủ tướng Nguyễn Tấn Dũng dự Hội nghị cấp cao CLV lần thứ 6.
Dac Nong: Hai doi tuong cuop tiem vang da bi bat giu.,Đác Nông: Hai đối tượng cướp tiệm vàng đã bị bắt giữ.
Mot so dung cu dung khuan dat da vut lai doc suoi.,Một số dụng cụ dùng khuân đất đá vứt lại dọc suối.
Dien ca dau voi thong gia kiem hang xom.,Điên cả đầu với thông gia kiêm hàng xóm.
Chia se cuoc song so voi tinh nang OVI Share.,Chia sẻ cuộc sống số với tính năng OVI Share.
"""Thu truong oi "".","""Thủ trưởng ơi ""."
Casting VNTM 2012 mien Bac: Gay can voi phan thi chup hinh keo dai den rang sang.,Casting VNTM 2012 miền Bắc: Gay cấn với phần thi chụp hình kéo dài đến rạng sáng.
"NTL: Thanh vien HDQT dang ky ban 300,000 cp.","NTL: Thành viên HĐQT đăng ký bán 300,000 cp."
"Tai nan lien hoan, 3 nguoi thuong vong.","Tai nạn liên hoàn, 3 người thương vong."
Ly giai chuyen a quan SEA Games chay chan dat.,Lý giải chuyện á quân SEA Games chạy chân đất.
Khu cong nghe cao Hoa Lac duoc trien khai voi 450 trieu USD.,Khu công nghệ cao Hòa Lạc được triển khai với 450 triệu USD.
Anh thuc te Honda Wave 110 RS moi ban o Viet Nam.,Ảnh thực tế Honda Wave 110 RS mới bán ở Việt Nam.
"Tuong truyen, vao thoi vua Ly Thai Tong, co nang cong ca dep nguoi dep net.","Tương truyền, vào thời vua Lý Thái Tông, có nàng công cả đẹp người đẹp nết."
Thu hoach Khi canh hoa dat chieu cao can thiet va hoa bat dau chom no bong la ban da co the thu hoach duoc roi.,Thu hoạch Khi cành hoa đạt chiều cao cần thiết và hoa bắt đầu chớm nở bông là bạn đã có thể thu hoạch được rồi.
Chuyen trong ngay: Song trong so hai.,Chuyện trong ngày: Sống trong sợ hãi.
Hotgirl Tam Tit tinh khoi don ngay moi.,Hotgirl Tâm Tít tinh khôi đón ngày mới.
Di tim loi giai cho con khat tien dao cua bong da Viet Nam.,Đi tìm lời giải cho cơn khát tiền đạo của bóng đá Việt Nam.
"Gio day, nguoi dung si ay da o tuoi 89 nhung tinh than chien dau, cong hien cua ong duong nhu khong bi anh huong boi thoi gian.","Giờ đây, người dũng sĩ ấy đã ở tuổi 89 nhưng tinh thần chiến đấu, cống hiến của ông dường như không bị ảnh hưởng bởi thời gian."
"Dac biet, 28/6 la sinh nhat thu 51 cua ong, dong thoi la ngay ong dat duoc cot moc 100 trieu nguoi theo doi tren Twitter.","Đặc biệt, 28/6 là sinh nhật thứ 51 của ông, đồng thời là ngày ông đạt được cột mốc 100 triệu người theo dõi trên Twitter."
Antonio Conte: Chon binh yen hay hanh phuc.,Antonio Conte: Chọn bình yên hay hạnh phúc.
Nhu vay Quang Hai sau khi gia nhap Pau FC voi ban hop dong 2 nam cung gia han them 1 nam sap co co hoi doi dau day thu vi voi cac cau thu nay tren san co nuoc Phap.,Như vậy Quang Hải sau khi gia nhập Pau FC với bản hợp đồng 2 năm cùng gia hạn thêm 1 năm sắp có cơ hội đối đầu đầy thú vị với các cầu thủ này trên sân cỏ nước Pháp.
Ly Nha Ky tang kim cuong: Cai gia cua Xa Thi Man.,Lý Nhã Kỳ tặng kim cương: Cái giá của Xa Thi Mạn.
Than trong cho vay uu dai sam tau cu.,Thận trọng cho vay ưu đãi sắm tàu cũ.
Waxing tai nha bang bien phap tu nhien.,Waxing tại nhà bằng biện pháp tự nhiên.
"Theo do, Dai hoc Quoc gia Ha Noi cho biet, nguong dam bao chat luong dau vao doi voi phuong thuc su dung ket qua thi tot nghiep THPT nam 2022 cua truong (diem nhan dang ky xet tuyen dai hoc chinh quy) la 20 diem (da bao gom diem uu tien khu vuc va doi tuong, chua nhan he so). Muc diem nay de vao cac nganh/chuong trinh dao tao trinh do dai hoc cua cac truong dai hoc thanh vien, cac khoa truc thuoc Dai hoc Quoc gia Ha Noi.","Theo đó, Đại học Quốc gia Hà Nội cho biết, ngưỡng đảm bảo chất lượng đầu vào đối với phương thức sử dụng kết quả thi tốt nghiệp THPT năm 2022 của trường (điểm nhận đăng ký xét tuyển đại học chính quy) là 20 điểm (đã bao gồm điểm ưu tiên khu vực và đối tượng, chưa nhân hệ số). Mức điểm này để vào các ngành/chương trình đào tạo trình độ đại học của các trường đại học thành viên, các khoa trực thuộc Đại học Quốc gia Hà Nội."
"Dai Viet su ky toan thu chep: ""Thang 6 (1360), nuoc Nguyen loan.","Đại Việt sử ký toàn thư chép: ""Tháng 6 (1360), nước Nguyên loạn."
"Sau khi nhieu nguoi cung dung lai, nguoi phu nu bat khoc va dong y len xe de anh Loi dua ve nha.","Sau khi nhiều người cùng dừng lại, người phụ nữ bật khóc và đồng ý lên xe để anh Lợi đưa về nhà."
Khai truong Nha hat Quan doi tai TP Ho Chi Minh.,Khai trương Nhà hát Quân đội tại TP Hồ Chí Minh.
Mot to chuc da chi 9.000 ty dong mua co phieu Vinamilk.,Một tổ chức đã chi 9.000 tỷ đồng mua cổ phiếu Vinamilk.
CSGT kip thoi cuu mot phu nu dinh nhay cau.,CSGT kịp thời cứu một phụ nữ định nhảy cầu.
"De thi va goi y dap an mon Su, tieng Anh, Sinh hoc.","Đề thi và gợi ý đáp án môn Sử, tiếng Anh, Sinh học."
TQ nhoc nhan phat trien bom thong minh (1).,TQ nhọc nhằn phát triển bom thông minh (1).
Chelsea tang suc ep.,Chelsea tăng sức ép.
"Toi day, Bo Chinh tri se giao bien che cho cac dia phuong nen thanh pho se phai giai trinh, lam ro nguyen nhan tai sao co su chenh lech giua bien che cong chuc thuc te va duoc giao, sau do dieu chinh hop ly de van hanh chinh quyen do thi.","Tới đây, Bộ Chính trị sẽ giao biên chế cho các địa phương nên thành phố sẽ phải giải trình, làm rõ nguyên nhân tại sao có sự chênh lệch giữa biên chế công chức thực tế và được giao, sau đó điều chỉnh hợp lý để vận hành chính quyền đô thị."
ASEAN+3 tang cuong hop tac linh vuc nang luong.,ASEAN+3 tăng cường hợp tác lĩnh vực năng lượng.
"Quang Binh chan chinh cong tac giam sat, danh gia dau tu.","Quảng Bình chấn chỉnh công tác giám sát, đánh giá đầu tư."
Nuoc My chan dong vi xa sung lien tiep.,Nước Mỹ chấn động vì xả súng liên tiếp.
"Ngay sau do, 6 xe chua chay va hon 50 canh sat da co mat tai hien truong de dap lua.","Ngay sau đó, 6 xe chữa cháy và hơn 50 cảnh sát đã có mặt tại hiện trường để dập lửa."
"O Viet Nam, mot thoi gian dai phat thanh co dau hieu suy giam ve cong chung, nhung tu dai dich Covid-19 cung nhu theo da phat trien cua xa hoi cong nghiep, con nguoi di chuyen, dac biet la bang phuong tien o to ngay mot nhieu thi xu huong nghe phat thanh dang tro lai manh me.","Ở Việt Nam, một thời gian dài phát thanh có dấu hiệu suy giảm về công chúng, nhưng từ đại dịch Covid-19 cũng như theo đà phát triển của xã hội công nghiệp, con người di chuyển, đặc biệt là bằng phương tiện ô tô ngày một nhiều thì xu hướng nghe phát thanh đang trở lại mạnh mẽ."
"Nang nong diu bot o Bac Bo, chieu toi co mua rao va dong.","Nắng nóng dịu bớt ở Bắc Bộ, chiều tối có mưa rào và dông."
TPHCM to chuc Ngay hoi Du lich.,TPHCM tổ chức Ngày hội Du lịch.
Anh Nguyen Tat N.,Anh Nguyễn Tất N.
Su ket hop hoan hao giua anh chup va tranh ve.,Sự kết hợp hoàn hảo giữa ảnh chụp và tranh vẽ.
"Bi hai doi, thieu nu nen long tam rua, tu mac do.","Bị hại đời, thiếu nữ nén lòng tắm rửa, tự mặc đồ."
Trung Quoc ran de quan chuc khong duoc noi doi ve tai san ca nhan.,Trung Quốc răn đe quan chức không được nói dối về tài sản cá nhân.
"Tien gui tiet kiem tang, tin dung tiep tuc giam.","Tiền gửi tiết kiệm tăng, tín dụng tiếp tục giảm."
"Hoa Swansea 2-2, Liverpool tro lai ngoi dau bang.","Hòa Swansea 2-2, Liverpool trở lại ngôi đầu bảng."
Vietstock Weekly 05 - 09/03: Dong luc tang truong rat manh me.,Vietstock Weekly 05 - 09/03: Động lực tăng trưởng rất mạnh mẽ.
Xay dung thanh pho thong minh va bai hoc tu Canberra.,Xây dựng thành phố thông minh và bài học từ Canberra.
"""Chung mot mai nha"" la cum tu chung ta thuong mieu ta ve cuoc song cua cac thanh vien trong gia dinh.","""Chung một mái nhà"" là cụm từ chúng ta thường miêu tả về cuộc sống của các thành viên trong gia đình."
Nguoi chien si ao trang - Canh chim khong moi.,Người chiến sĩ áo trắng - Cánh chim không mỏi.
Bat tiep 3 doi tuong vu chem cong an cuop xe.,Bắt tiếp 3 đối tượng vụ chém công an cướp xe.
Kinh doanh trong thoi khung hoang.,Kinh doanh trong thời khủng hoảng.
"""Theo khuyen cao tu nha san xuat, mang loc nen duoc ve sinh khoang 1 thang/lan de dam bao su toi uu hieu qua lam lanh.","""Theo khuyến cáo từ nhà sản xuất, màng lọc nên được vệ sinh khoảng 1 tháng/lần để đảm bảo sự tối ưu hiệu quả làm lạnh."
"de tai nha nghi, lay trom 3 mieng vang SJC roi bo tron.","để tại nhà nghỉ, lấy trộm 3 miếng vàng SJC rồi bỏ trốn."
Phao sang bi cam trong cac tran dau o V-League.,Pháo sáng bị cấm trong các trận đấu ở V-League.
9 tuoi chay marathon de quyen gop 1 trieu USD.,9 tuổi chạy marathon để quyên góp 1 triệu USD.
Xem nam gheisa Nhat kiem tien nhu vu nu.,Xem nam gheisa Nhật kiếm tiền như vũ nữ.
"Khi nhac ve 3 tinh tu ""sexy, hien dai va thong minh"" the hien con nguoi cua minh, Phuong Mai co chia se: ""Neu nhu Mai phai chon 1 trong 3 tinh tu nay de the hien ban than thi rat kho va Mai nghi rang kha la bat cong cho chinh con nguoi cua Mai.","Khi nhắc về 3 tính từ ""sexy, hiện đại và thông minh"" thể hiện con người của mình, Phương Mai có chia sẻ: ""Nếu như Mai phải chọn 1 trong 3 tính từ này để thể hiện bản thân thì rất khó và Mai nghĩ rằng khá là bất công cho chính con người của Mai."
VN xuc tien hang loat gap go song phuong ben le G20.,VN xúc tiến hàng loạt gặp gỡ song phương bên lề G20.
"OCH: Nho hoan nhap du phong, quy 2 cong ty me lai 22 ty, tang 64% so cung ky.","OCH: Nhờ hoàn nhập dự phòng, quý 2 công ty mẹ lãi 22 tỷ, tăng 64% so cùng kỳ."
Hoi thao du hoc va hoc bong Anh.,Hội thảo du học và học bổng Anh.
"""Transformers 3"" da co nguoi thay the Megan Fox.","""Transformers 3"" đã có người thay thế Megan Fox."
Smartphone pin khung FPT F35.,Smartphone pin khủng FPT F35.
"Qua Bao cao tong ket va nghe cac y kien phat bieu; qua ket qua cu the trong thuc te, va qua dieu tra du luan xa hoi, su danh gia cua cac to chuc quoc te, chung ta hoan toan co co so de khang dinh rang: Phat huy ket qua va rut kinh nghiem ve cong tac dau tranh, phong, chong tham nhung trong cac giai doan truoc, trong 10 nam gan day, voi viec thanh lap Ban Chi dao Trung uong ve phong, chong tham nhung, lang phi (truc thuoc Bo Chinh tri) den nay, cong tac dau tranh phong, chong tham nhung da duoc Trung uong lanh dao, chi dao quyet liet, bai ban, ngay cang di vao chieu sau, co buoc tien manh, dat nhieu ket qua cu the, rat quan trong, toan dien, de lai dau an tot, tao hieu ung tich cuc, lan toa manh me trong toan xa hoi, va thuc su ""da tro thanh phong trao, xu the khong the dao nguoc"", duoc can bo, dang vien va nhan dan dong tinh, ung ho, danh gia cao, duoc ban be quoc te ghi nhan.","Qua Báo cáo tổng kết và nghe các ý kiến phát biểu; qua kết quả cụ thể trong thực tế, và qua điều tra dư luận xã hội, sự đánh giá của các tổ chức quốc tế, chúng ta hoàn toàn có cơ sở để khẳng định rằng: Phát huy kết quả và rút kinh nghiệm về công tác đấu tranh, phòng, chống tham nhũng trong các giai đoạn trước, trong 10 năm gần đây, với việc thành lập Ban Chỉ đạo Trung ương về phòng, chống tham nhũng, lãng phí (trực thuộc Bộ Chính trị) đến nay, công tác đấu tranh phòng, chống tham nhũng đã được Trung ương lãnh đạo, chỉ đạo quyết liệt, bài bản, ngày càng đi vào chiều sâu, có bước tiến mạnh, đạt nhiều kết quả cụ thể, rất quan trọng, toàn diện, để lại dấu ấn tốt, tạo hiệu ứng tích cực, lan toả mạnh mẽ trong toàn xã hội, và thực sự ""đã trở thành phong trào, xu thế không thể đảo ngược"", được cán bộ, đảng viên và nhân dân đồng tình, ủng hộ, đánh giá cao, được bạn bè quốc tế ghi nhận."
"Thong tin ban dau, vao khoang hon 8h cung ngay, nhom cong nhan 5 nguoi dang thuc hien thao do cong trinh nha dan tai khu vuc tren thi bat ngo mot buc tuong tai cong trinh do sap.","Thông tin ban đầu, vào khoảng hơn 8h cùng ngày, nhóm công nhân 5 người đang thực hiện tháo dỡ công trình nhà dân tại khu vực trên thì bất ngờ một bức tường tại công trình đổ sập."
"Pho Chu tich kiem Tong thu ky UBTUMTTQ Viet Nam Vu Trong Kim: Phan ung cua ba con chung ta la rat van hoa, la hanh dong tu ve dung muc.","Phó Chủ tịch kiêm Tổng thư ký UBTƯMTTQ Việt Nam Vũ Trọng Kim: Phản ứng của bà con chúng ta là rất văn hóa, là hành động tự vệ đúng mực."
"Ong Nguyen Hong Quang, Chu tich UBND xa Vinh Hiep cho biet, trong 115ha tren, co hon 30ha bo hoang lau nay.","Ông Nguyễn Hồng Quang, Chủ tịch UBND xã Vĩnh Hiệp cho biết, trong 115ha trên, có hơn 30ha bỏ hoang lâu nay."
BMI: Vinalines tiep tuc dang ky thoai het von.,BMI: Vinalines tiếp tục đăng ký thoái hết vốn.
CDV MU quay lung lai voi cau thu.,CĐV MU quay lưng lại với cầu thủ.
Them mot cuon sach cua dich gia Nguyen Bich Lan ra mat ban doc.,Thêm một cuốn sách của dịch giả Nguyễn Bích Lan ra mắt bạn đọc.
"Vi the, he thong y te can canh giac, khong duoc chu quan.","Vì thế, hệ thống y tế cần cảnh giác, không được chủ quan."
"Thao nuoc cho thuy san ""boi"".","Tháo nước cho thủy sản ""bơi""."
Co chu xinh dep cua toi chieu ra mat tai Bac Kinh.,Cô chủ xinh đẹp của tôi chiếu ra mắt tại Bắc Kinh.
"Nho vao hieu biet nay, Thai ne duoc nhung con song to.","Nhờ vào hiểu biết này, Thái né được những con sóng to."
Nguoi trong cao-su o Phu Yen thiet hai nang do bao so 12.,Người trồng cao-su ở Phú Yên thiệt hại nặng do bão số 12.
BAN TIN 0H 26/6: Pellegrini benh Ronaldo.,BẢN TIN 0H 26/6: Pellegrini bênh Ronaldo.
Vach Hillary da sap sau mot tran dong dat tai Nepal vao nam 2015.,Vách Hillary đã sập sau một trận động đất tại Nepal vào năm 2015.
Thuc hien an dinh thue doi voi mat hang trung Artemia NK.,Thực hiện ấn định thuế đối với mặt hàng trứng Artemia NK.
My: Tu hinh ke ban tia giet nguoi hang loat.,Mỹ: Tử hình kẻ bắn tỉa giết người hàng loạt.
"Ben canh nghia vu quoc gia cua Pickford, dam cuoi con phai tam hoan vi Megan mang thai Arlo, be trai dau long chao doi vao thang 2/2019.","Bên cạnh nghĩa vụ quốc gia của Pickford, đám cưới còn phải tạm hoãn vì Megan mang thai Arlo, bé trai đầu lòng chào đời vào tháng 2/2019."
Quyen duoc thong tin cua nguoi tieu dung.,Quyền được thông tin của người tiêu dùng.
"Dac biet, ke tu nam 1947, khi ngay 27/7 duoc chon lam ""Ngay Thuong binh"" theo chi thi cua Chu tich Ho Chi Minh de bay to tinh cam tham thiet, long biet on sau sac voi nhung nguoi da khong tiec mau xuong, cong hien het minh cho To quoc, Dang, Nha nuoc luon quan tam lanh dao, chi dao lam tot cong tac thuong binh, liet si, nguoi co cong voi cach mang trong suot 75 nam qua.","Đặc biệt, kể từ năm 1947, khi ngày 27/7 được chọn làm ""Ngày Thương binh"" theo chỉ thị của Chủ tịch Hồ Chí Minh để bày tỏ tình cảm thắm thiết, lòng biết ơn sâu sắc với những người đã không tiếc máu xương, cống hiến hết mình cho Tổ quốc, Đảng, Nhà nước luôn quan tâm lãnh đạo, chỉ đạo làm tốt công tác thương binh, liệt sĩ, người có công với cách mạng trong suốt 75 năm qua."
"Oanh Kieu ""lot mat xanh"" cong tu an choi.","Oanh Kiều ""lọt mắt xanh"" công tử ăn chơi."
Tang cho bat dong san phai lap van ban.,Tặng cho bất động sản phải lập văn bản.
"Vi vay, dung truoc van de, Shuggie khong lua chon giai phap ra di nhu anh chi minh, ma cau chon dung cam doi mat voi me.","Vì vậy, đứng trước vấn đề, Shuggie không lựa chọn giải pháp ra đi như anh chị mình, mà cậu chọn dũng cảm đối mặt với mẹ."
Nghen ngao phim ngan ve chuyen tinh chang banh gio.,Nghẹn ngào phim ngắn về chuyện tình chàng bánh giò.
Thi xa Son Tay: Rac tran xuong pho va Quoc lo 32.,Thị xã Sơn Tây: Rác tràn xuống phố và Quốc lộ 32.
"Nghe dan bang da ton tai va hien ngay cang phat trien, tro lai nhu ky tich.","Nghề đan bàng đã tồn tại và hiện ngày càng phát triển, trở lại như kỳ tích."
Tieu diet thu linh cap cao cua IS o Iraq.,Tiêu diệt thủ lĩnh cấp cao của IS ở Iraq.
Iran se trien khai tau chien den gan lanh tho My.,Iran sẽ triển khai tàu chiến đến gần lãnh thổ Mỹ.
"Vi chuyen gia nhan manh: ""Noi toi viem nao, chung ta noi toi nhiem trung he than kinh trung uong.","Vị chuyên gia nhấn mạnh: ""Nói tới viêm não, chúng ta nói tới nhiễm trùng hệ thần kinh trung ương."
"Quach Nguyen Chan ra lenh cho dan lang cam theo cung, giao, dao, kiem va nhung vat dung khac, cung ong lan theo vet mau.","Quách Nguyên Chấn ra lệnh cho dân làng cầm theo cung, giáo, dao, kiếm và những vật dụng khác, cùng ông lần theo vết máu."
Thien than boc lua cua Napoli.,Thiên thần bốc lửa của Napoli.
"Thoi tiet on dinh, tho lan chuan bi tiep can cac manh vo may bay QZ8501 duoi bien.","Thời tiết ổn định, thợ lặn chuẩn bị tiếp cận các mảnh vỡ máy bay QZ8501 dưới biển."
"Ket thuc bai thi mon Ngu van, chieu nay cac thi sinh tiep tuc lam bai thi mon Ngoai ngu voi hinh thuc trac nghiem, thoi gian lam bai 60 phut./.","Kết thúc bài thi môn Ngữ văn, chiều nay các thí sinh tiếp tục làm bài thi môn Ngoại ngữ với hình thức trắc nghiệm, thời gian làm bài 60 phút./."
"Iran tap tran hai quan ram ro tai vung bien ""nong"".","Iran tập trận hải quân rầm rộ tại vùng biển ""nóng""."
"Ngoai ra Happynest cung xay dung va phat trien he sinh thai da nen tang phu rong khap cac kenh mang xa hoi: 220.000 luot theo doi fanpage; 400.000 thanh vien group ""Happynest - Cong dong yeu nha dep"" tren Facebook; va dong dao nguoi theo doi tren cac kenh Instagram, Tiktok, Pinterest… Trong thoi gian qua, Happynest da to chuc nhieu chien dich dem lai gia tri cho cong dong nhu: Nha Cho Nguoi Cao Tuoi, Sac Mau To Am, O Nha Chill Phet... voi su tham gia cua chu nha, chuyen gia va nha ban hang, cung xay dung ngoi nha thanh to am mot cach tien loi, de dang.","Ngoài ra Happynest cũng xây dựng và phát triển hệ sinh thái đa nền tảng phủ rộng khắp các kênh mạng xã hội: 220.000 lượt theo dõi fanpage; 400.000 thành viên group ""Happynest - Cộng đồng yêu nhà đẹp"" trên Facebook; và đông đảo người theo dõi trên các kênh Instagram, Tiktok, Pinterest… Trong thời gian qua, Happynest đã tổ chức nhiều chiến dịch đem lại giá trị cho cộng đồng như: Nhà Cho Người Cao Tuổi, Sắc Màu Tổ Ấm, Ở Nhà Chill Phết... với sự tham gia của chủ nhà, chuyên gia và nhà bán hàng, cùng xây dựng ngôi nhà thành tổ ấm một cách tiện lợi, dễ dàng."
"Vi vay, moi ke hoach sau do, chi se xem xet sap xep lai cho hop ly.","Vì vậy, mọi kế hoạch sau đó, chị sẽ xem xét sắp xếp lại cho hợp lý."
Bi quyet mac dep trong ngay mua bao.,Bí quyết mặc đẹp trong ngày mưa bão.
Hoa Binh tuyen giao vien dot 2 nam 2014.,Hòa Bình tuyển giáo viên đợt 2 năm 2014.
Quan doi Syria thoc sau vao ben trong thanh co Palmyra.,Quân đội Syria thọc sâu vào bên trong thành cổ Palmyra.
To chuc chuong trinh Hang Viet cho tet Viet.,Tổ chức chương trình Hàng Việt cho tết Việt.
Quan chinh phu Syria chiem lai al-Qusayr.,Quân chính phủ Syria chiếm lại al-Qusayr.
(VnMedia) - Bat doi tuong van chuyen gan ½ banh heroin.,(VnMedia) - Bắt đối tượng vận chuyển gần ½ bánh heroin.
"Thu truong Bui Van Nam tham, lam viec voi Cuc An ninh Tay Nam Bo.","Thứ trưởng Bùi Văn Nam thăm, làm việc với Cục An ninh Tây Nam Bộ."
Doanh nghiep BDS buc xuc ve danh sach 77 du an the chap.,Doanh nghiệp BĐS bức xúc về danh sách 77 dự án thế chấp.
Ghe bap benh sac pin cho iPhone/iPad.,Ghế bập bênh sạc pin cho iPhone/iPad.
Benh da tinh.,Bệnh đa tình.
Soc: Mascherano DI TU 1 nam vi toi tron thue.,Sốc: Mascherano ĐI TÙ 1 năm vì tội trốn thuế.
Co hoi hoc bong cuc cool den tu Hoc vien Nghe thuat tai Bournemouth.,Cơ hội học bổng cực cool đến từ Học viện Nghệ thuật tại Bournemouth.
Vua A-rap Xe-ut mang 13 ty USD 'chia' cho dan sau khi ap thue gia tri gia tang.,Vua Ả-rập Xê-út mang 13 tỷ USD 'chia' cho dân sau khi áp thuế giá trị gia tăng.
Lap tien do thi cong chi tiet cac goi thau Du an duong cao toc Noi Bai - Lao Cai.,Lập tiến độ thi công chi tiết các gói thầu Dự án đường cao tốc Nội Bài - Lào Cai.
"Va giong nhu nhieu hang trong nganh, ho dang gap kho khan voi tinh trang thieu nhan vien.","Và giống như nhiều hãng trong ngành, họ đang gặp khó khăn với tình trạng thiếu nhân viên."
Truc tiep QPR 0 0 Tottenham (hiep 1).,Trực tiếp QPR 0 0 Tottenham (hiệp 1).
Co the khoi to vu an vu 'tin don' chu tich BIDV bi bat.,Có thể khởi tố vụ án vụ 'tin đồn' chủ tịch BIDV bị bắt.
Thuong vien My thong qua trung phat moi voi Iran.,Thượng viện Mỹ thông qua trừng phạt mới với Iran.
TP.HCM giup Binh Thuan tieu thu 100 tan hai san moi thang.,TP.HCM giúp Bình Thuận tiêu thụ 100 tấn hải sản mỗi tháng.
"Ben canh do, anh cung ra san 110 tran cho cac doi tuyen cua Viet Nam (43 tran khoac ao doi tuyen quoc gia). Nam 2019, ten tuoi cua Quang Hai da vuon xa toi tam chau A khi giup doi tuyen Viet Nam lot vao tu ket Asian Cup 2019.","Bên cạnh đó, anh cũng ra sân 110 trận cho các đội tuyển của Việt Nam (43 trận khoác áo đội tuyển quốc gia). Năm 2019, tên tuổi của Quang Hải đã vươn xa tới tầm châu Á khi giúp đội tuyển Việt Nam lọt vào tứ kết Asian Cup 2019."
Ly Hoang Nam thua tiec nuoi o tran dau tren san co.,Lý Hoàng Nam thua tiếc nuối ở trận đầu trên sân cỏ.
"""My ung ho Tho Nhi Ky hien dai hoa doi may bay chien dau vi dieu nay dong gop cho an ninh cua NATO, tu do cung tot cho an ninh cua My"", ba Wallander noi.","""Mỹ ủng hộ Thổ Nhĩ Kỳ hiện đại hoá đội máy bay chiến đấu vì điều này đóng góp cho an ninh của NATO, từ đó cũng tốt cho an ninh của Mỹ"", bà Wallander nói."
Lua ban nha nguoi khac.,Lừa bán nhà người khác.
Dien thoai Android chua day mam mong ma doc.,Điện thoại Android chứa đầy mầm mống mã độc.
Lam trong sach bong da chau Au.,Làm trong sạch bóng đá châu Âu.
TPP - hai goc nhin.,TPP - hai góc nhìn.
Ban nhac Dan Mach don Tet cung fan Viet Nam.,Ban nhạc Đan Mạch đón Tết cùng fan Việt Nam.
"Nho su men mo cua khan gia, ca 3 giong ca nay van luon dong hanh cung nhau qua nhung san pham am nhac va truyen them nang luong tich cuc cho nhieu the he khan gia.","Nhờ sự mến mộ của khán giả, cả 3 giọng ca này vẫn luôn đồng hành cùng nhau qua những sản phẩm âm nhạc và truyền thêm năng lượng tích cực cho nhiều thế hệ khán giả."
Nha o cong nghe xanh chua hap dan chu dau tu va nguoi tieu dung.,Nhà ở công nghệ xanh chưa hấp dẫn chủ đầu tư và người tiêu dùng.
Chinh phu My dong cua hoi nam 1995 da 'giup' Bill Clinton ngoai tinh?.,Chính phủ Mỹ đóng cửa hồi năm 1995 đã 'giúp' Bill Clinton ngoại tình?.
"JEAN-CLAIR TODIBO
(4 trieu euro)
Thang 2 nam ngoai, Todibo gia nhap Nice duoi dang hop dong cho muon kem dieu khoan mua dut (khi do, Benfica va Barca dong so huu Todibo). Cach day khong lau, doi bong dang gop mat o Ligue 1 da quyet dinh gan bo lau dai voi trung ve 22 tuoi nay.","JEAN-CLAIR TODIBO
(4 triệu euro)
Tháng 2 năm ngoái, Todibo gia nhập Nice dưới dạng hợp đồng cho mượn kèm điều khoản mua đứt (khi đó, Benfica và Barca đồng sở hữu Todibo). Cách đây không lâu, đội bóng đang góp mặt ở Ligue 1 đã quyết định gắn bó lâu dài với trung vệ 22 tuổi này."
Xem truc tiep U.19 Viet Nam 0-1 U.19 Nhat Ban (Hiep 2): Mao hiem tan cong.,Xem trực tiếp U.19 Việt Nam 0-1 U.19 Nhật Bản (Hiệp 2): Mạo hiểm tấn công.
"Den khi vao dai hoc, cau sinh vien Gates tham gia nhieu mon hoc chuyen nganh nhu Cau truc he thong, Quan tri du lieu, Chuong trinh dich, Do hoa may tinh va deu dat diem A.","Đến khi vào đại học, cậu sinh viên Gates tham gia nhiều môn học chuyên ngành như Cấu trúc hệ thống, Quản trị dữ liệu, Chương trình dịch, Đồ họa máy tính và đều đạt điểm A."
"Voi su ho tro cua cong nghe Piezotome, thao tac nho rang khon tro nen de dang hon chi khoang 2p/rang.","Với sự hỗ trợ của công nghệ Piezotome, thao tác nhổ răng khôn trở nên dễ dàng hơn chỉ khoảng 2p/răng."
Nhung dieu nay lam giam su xuat hien cua seo va cho thay ket qua co the nhin thay gan nhu ngay lap tuc.,Những điều này làm giảm sự xuất hiện của sẹo và cho thấy kết quả có thể nhìn thấy gần như ngay lập tức.
Florentino Perez: Thu tieu tien va chem HLV.,Florentino Perez: Thú tiêu tiền và chém HLV.
GS Dang Hung Vo doi thoai voi nguoi dan ve thu hoi dat du an Ecopark.,GS Đặng Hùng Võ đối thoại với người dân về thu hồi đất dự án Ecopark.
"Mang doanh nghiep da nang, on dinh.","Mạng doanh nghiệp đa năng, ổn định."
"DT Viet Nam ""chap"" doi thu 1 nguoi.","ĐT Việt Nam ""chấp"" đối thủ 1 người."
Rich Slim - thon gon voc dang an toan..,Rich Slim - thon gọn vóc dáng an toàn..
Vang co xu huong giam do bi ban thao.,Vàng có xu hướng giảm do bị bán tháo.
Keu goi khoa than ung ho Putin thanh tong thong.,Kêu gọi khỏa thân ủng hộ Putin thành tổng thống.
"Wenger len ke hoach ""thay mau"" Arsenal.","Wenger lên kế hoạch ""thay máu"" Arsenal."
Hat bui con vuong.,Hạt bụi còn vương.
"Van de la trong dong chay tin don, du luan bat dau mat dan kien nhan.","Vấn đề là trong dòng chảy tin đồn, dư luận bắt đầu mất dần kiên nhẫn."
Ban vo roi chup hinh dua len Facebook.,Bắn vợ rồi chụp hình đưa lên Facebook.
Ngheo doi: nhung con so noi doi.,Nghèo đói: những con số nói dối.
Ga Viet kieu 40 lan quay pha cac trai giam tu Nam ra Bac.,Gã Việt kiều 40 lần quậy phá các trại giam từ Nam ra Bắc.
El Clasico chuyen nhuong: Real thua dam Barca.,El Clasico chuyển nhượng: Real thua đậm Barca.
"Tam Binh (Vinh Long): Van dong hon 14,6 ty dong giup nguoi ngheo.","Tam Bình (Vĩnh Long): Vận động hơn 14,6 tỷ đồng giúp người nghèo."
Siu Black se lam Live show dau tien.,Siu Black sẽ làm Live show đầu tiên.
"Sao lai the , Anh Tuan?.","Sao lại thế , Anh Tuấn?."
Ngu giua 2.000 cay po mu.,Ngủ giữa 2.000 cây pơ mu.
Tuy nhien khi nam trong mot tap the thi do lai la cau chuyen hoan toan trai nguoc.,Tuy nhiên khi nằm trong một tập thể thì đó lại là câu chuyện hoàn toàn trái ngược.
"Con nho thoi diem dang gay chu y boi vai dien Cao Thanh Lam trong Chay an, dien vien Viet Anh khien khan gia bat ngo khi cong khai chuyen ""ve chung mot nha"" voi bien tap vien Thuy Linh.","Còn nhớ thời điểm đang gây chú ý bởi vai diễn Cao Thanh Lâm trong Chạy án, diễn viên Việt Anh khiến khán giả bất ngờ khi công khai chuyện ""về chung một nhà"" với biên tập viên Thùy Linh."
"Tuyen 1 gap kho, Ha Noi chua the trien khai tuyen buyt nhanh BRT so 2.","Tuyến 1 gặp khó, Hà Nội chưa thể triển khai tuyến buýt nhanh BRT số 2."
'Tieu Federer' Wawrinka - quyen luc moi thach thuc Big Four.,'Tiểu Federer' Wawrinka - quyền lực mới thách thức Big Four.
Viet Nam mat thoi gian nop thue gap ba lan the gioi.,Việt Nam mất thời gian nộp thuế gấp ba lần thế giới.
Ro rang la Xuan Nam da choi bong bang tay.,Rõ ràng là Xuân Nam đã chơi bóng bằng tay.
"Tham len dinh , roi loai chuyen ay.","Tham lên đỉnh , rối loại chuyện ấy."
Thanh pho cung da xay dung duong day nong de cap nhat thong tin ve thoi tiet hoac nhung thong tin du khach co nhu cau de kip thoi ho tro du khach.,Thành phố cũng đã xây dựng đường dây nóng để cập nhật thông tin về thời tiết hoặc những thông tin du khách có nhu cầu để kịp thời hỗ trợ du khách.
Nga khoi dong lai chuong trinh vu khi laser.,Nga khởi động lại chương trình vũ khí laser.
TTCK: Ap luc chot loi khien VN-Index giam nhe.,TTCK: Áp lực chốt lời khiến VN-Index giảm nhẹ.
Choang vang vi gia vang.,Choáng váng vì giá vàng.
"Co cung gay chu y vi he lo anh cuoi ben chong, mot doanh nhan.","Cô cũng gây chú ý vì hé lộ ảnh cưới bên chồng, một doanh nhân."
"Trung tam bao tin dong dat va canh bao song than cho biet, cac tran dong dat nay duoc xep loai cap do rui ro thien tai cap 0.","Trung tâm báo tin động đất và cảnh báo sóng thần cho biết, các trận động đất này được xếp loại cấp độ rủi ro thiên tai cấp 0."
"Galaxy Note8 ra mat: Camera kep, man hinh vo cuc 6.3 inch, but SPen cai tien.","Galaxy Note8 ra mắt: Camera kép, màn hình vô cực 6.3 inch, bút SPen cải tiến."
Manh Dung don qua tat tot bang cu danh dau cang khong cho thu mon co hoi can pha.,Mạnh Dũng đón quả tạt tốt bằng cú đánh đầu căng không cho thủ môn cơ hội cản phá.
"Voi khach hang su dung dien, su dung dien tiet kiem, hieu qua se gop phan giam chi phi hoa don tien dien hang thang.","Với khách hàng sử dụng điện, sử dụng điện tiết kiệm, hiệu quả sẽ góp phần giảm chi phí hóa đơn tiền điện hàng tháng."
"VNS: Red River Holding mua 1.7 trieu cp, nang nam giu len 13.31%.","VNS: Red River Holding mua 1.7 triệu cp, nâng nắm giữ lên 13.31%."
Tuy nhien tu thang 11 toi day chuan nay se duoc ap dung tren toan bo thi truong chu khong con gioi han o xe moi nua.,Tuy nhiên từ tháng 11 tới đây chuẩn này sẽ được áp dụng trên toàn bộ thị trường chứ không còn giới hạn ở xe mới nữa.
Bat hoa giua nuoc va lua o vuon quoc gia Tram Chim.,Bất hòa giữa nước và lửa ở vườn quốc gia Tràm Chim.
"Khi ""gai goi"" la sinh vien!.","Khi ""gái gọi"" là sinh viên!."
Lan Ngoc duoc vinh danh nu dien vien xuat sac tai My.,Lan Ngọc được vinh danh nữ diễn viên xuất sắc tại Mỹ.
Doi trai gai giu chat nu sinh vien de quan chuc doanh nghiep hiep 'giai den'.,Đôi trai gái giữ chặt nữ sinh viên để quan chức doanh nghiệp hiếp 'giải đen'.
Vu luat su Tran Hong Linh o Hai Phong bi tat axit: Da khoi to vu an Co y gay thuong tich.,Vụ luật sư Trần Hồng Lĩnh ở Hải Phòng bị tạt axit: Đã khởi tố vụ án Cố ý gây thương tích.
Xu phat vi pham 2 co quan bao chi.,Xử phạt vi phạm 2 cơ quan báo chí.
"Cuoi nam, chon kenh dau tu nao?.","Cuối năm, chọn kênh đầu tư nào?."
Benh nhan dau tien tu vong do mac sot ret o Binh Phuoc.,Bệnh nhân đầu tiên tử vong do mắc sốt rét ở Bình Phước.
Ca si 'Will You Wait For Me' thua nhan la nguoi dong tinh.,Ca sĩ 'Will You Wait For Me' thừa nhận là người đồng tính.
"Ngo My Uyen duoc quan tam nhat khi la chu nhan can biet thu dat vang rong nghin met vuong o Han Thuyen (Quan 1, TP.HCM) va duoc truyen thong luc do goi la ""Hoa hau giau nhat Viet Nam"". Sau nay, Ngo My Uyen roi Viet Nam dinh cu Italy cung chong la giao su Marco Casini.","Ngô Mỹ Uyên được quan tâm nhất khi là chủ nhân căn biệt thự dát vàng rộng nghìn mét vuông ở Hàn Thuyên (Quận 1, TP.HCM) và được truyền thông lúc đó gọi là ""Hoa hậu giàu nhất Việt Nam"". Sau này, Ngô Mỹ Uyên rời Việt Nam định cư Italy cùng chồng là giáo sư Marco Casini."
Hay dung Uber web app.,Hãy dùng Uber web app.
Tap huan tu hinh bang tiem thuoc doc.,Tập huấn tử hình bằng tiêm thuốc độc.
Khong can xem tai lieu.,Không cần xem tài liệu.
"TCty Ca phe Viet Nam trien khai cong tac tai chinh, kiem toan.","TCty Cà phê Việt Nam triển khai công tác tài chính, kiểm toán."
"AGF: LNST quy II chi dat gan 5,6 ty dong, giam 85% so voi cung ky.","AGF: LNST quý II chỉ đạt gần 5,6 tỷ đồng, giảm 85% so với cùng kỳ."
Ba bau Vic diu dang dam tim ngay sinh nhat.,Bà bầu Vic dịu dàng đầm tím ngày sinh nhật.
"Gan mac dai gia Viet, hanh xu nhu ""con do"".","Gắn mác đại gia Việt, hành xử như ""côn đồ""."
HTC Desire HD xuat hien tren trang ban hang Amazon Anh quoc.,HTC Desire HD xuất hiện trên trang bán hàng Amazon Anh quốc.
Sex trong phim Truong Nghe Muu.,Sex trong phim Trương Nghệ Mưu.
"Ba cung hon bay muoi, an mac sang trong, chiec xe hoi mau den dau xa xa dang cho.","Bà cũng hơn bảy mươi, ăn mặc sang trọng, chiếc xe hơi màu đen đậu xa xa đang chờ."
"Thoi diem ket hon, co da 36 tuoi.","Thời điểm kết hôn, cô đã 36 tuổi."
"Xay dung Cong an nhan dan vung manh ve chinh tri, tu tuong va to chuc.","Xây dựng Công an nhân dân vững mạnh về chính trị, tư tưởng và tổ chức."
Da Nang: Gap mat cac Doanh nhan tieu bieu nam 2009.,Đà Nẵng: Gặp mặt các Doanh nhân tiêu biểu năm 2009.
Con trai dung keo dam chet cha ruot vi khong doi duoc so do.,Con trai dùng kéo đâm chết cha ruột vì không đòi được sổ đỏ.
Hinh anh dang yeu cac be di le Phat dau xuan.,Hình ảnh đáng yêu các bé đi lễ Phật đầu xuân.
Bac si Tiin: Lo lang cua cau be 12 tuoi thuong xuyen xem phim sex.,Bác sĩ Tiin: Lo lắng của cậu bé 12 tuổi thường xuyên xem phim sex.
Du lich he an toan voi My Sony.,Du lịch hè an toàn với My Sony.
"Vao luc nay, Man United dang rat can su tiep vien cho hang tien ve trong mua He nay sau su ra di cua 4 cau thu o vi tri nay gom Paul Pogba, Nemanja Matic, Juan Mata, Jesse Lingard.","Vào lúc này, Man United đang rất cần sự tiếp viện cho hàng tiền vệ trong mùa Hè này sau sự ra đi của 4 cầu thủ ở vị trí này gồm Paul Pogba, Nemanja Matic, Juan Mata, Jesse Lingard."
"Ve que ta toi sau khi dam vo, giet hang xom vi ghen tuong.","Về quê tạ tội sau khi đâm vợ, giết hàng xóm vì ghen tuông."
"Nen nho rang so voi Niortais xep thu 14 mua truoc, cac doi con lai o Ligue 2 chi hon chu khong co kem voi nhung hau ve con du dan hon.","Nên nhớ rằng so với Niortais xếp thứ 14 mùa trước, các đội còn lại ở Ligue 2 chỉ hơn chứ không có kém với những hậu vệ còn dữ dằn hơn."
Dam chet nguoi vi bi noi la dan em.,Đâm chết người vì bị nói là đàn em.
"Levante vs Barca: Trai tim nong, cai dau lanh.","Levante vs Barca: Trái tim nóng, cái đầu lạnh."
Han Ga In co ban sao... khac gioi.,Han Ga In có bản sao... khác giới.
Thanh tra tai san 'khung' cua Giam doc So TN-MT Yen Bai.,Thanh tra tài sản 'khủng' của Giám đốc Sở TN-MT Yên Bái.
Mua hang hieu gia re.,Mua hàng hiệu giá rẻ.
"Dieu dac biet la nhung thong tin nay deu da duoc phat tren ti vi, dang tai tren bao chi va tham chi duoc Bo Y te hay cac mang xa hoi, ung dung khai bao y te gui thang tin nhan ve may dien thoai cua tung nguoi.","Điều đặc biệt là những thông tin này đều đã được phát trên ti vi, đăng tải trên báo chí và thậm chí được Bộ Y tế hay các mạng xã hội, ứng dụng khai báo y tế gửi thẳng tin nhắn về máy điện thoại của từng người."
da duoc ban giao cho gia dinh mai tang.,đã được bàn giao cho gia đình mai táng.
TPHCM chinh thuc thue tron goi 'sieu may bom' giai cuu ron ngap.,TPHCM chính thức thuê trọn gói 'siêu máy bơm' giải cứu rốn ngập.
- Chi co lo lang ve viec da xao nhang voi nghe thuat qua lau nhu vay thi se bi tut hau khong?,- Chị có lo lắng về việc đã xao nhãng với nghệ thuật quá lâu như vậy thì sẽ bị tụt hậu không?
Thoi su trong ngay: Chong nhan tam giet vo moi cuoi.,Thời sự trong ngày: Chồng nhẫn tâm giết vợ mới cưới.
"Nhieu tran vua qua, Ivancic thuong phai ngoi du bi.","Nhiều trận vừa qua, Ivancic thường phải ngồi dự bị."
Chevrolet Spark phien ban tu dong ra mat tai Viet Nam.,Chevrolet Spark phiên bản tự động ra mắt tại Việt Nam.
"Tin tuc tai nan giao thong noi bat trong tuan: Lat xe giuong nam, 7 nguoi bi thuong.","Tin tức tai nạn giao thông nổi bật trong tuần: Lật xe giường nằm, 7 người bị thương."
Ukraine vo tinh nhat duoc tin mat cua Anh.,Ukraine vô tình nhặt được tin mật của Anh.
Thieu thuc tien ?.,Thiếu thực tiễn ?.
Vi sao DK Roma dan dau phan khuc xe may dien trong hon 1 nam qua?.,Vì sao DK Roma dẫn đầu phân khúc xe máy điện trong hơn 1 năm qua?.
Ong Nguyen Thien Nhan de xuat tang luong cho chu tich quan.,Ông Nguyễn Thiện Nhân đề xuất tăng lương cho chủ tịch quận.
Lanh an that sau khi lua chay an.,Lãnh án thật sau khi lừa chạy án.
"Thit nguoi, xuc xich doc ngang thuoc la va thach tin.","Thịt nguội, xúc xích độc ngang thuốc lá và thạch tín."
"Dinh duong can bang - ""Cot moc"" ky dieu cho co the..","Dinh dưỡng cân bằng - ""Cột mốc"" kỳ diệu cho cơ thể.."
Dong minh- ke thu cua My mong manh trong cuoc chien IS.,Đồng minh- kẻ thù của Mỹ mong manh trong cuộc chiến IS.
"Diem manh, yeu cua 5 smartphone 1.080p hang dau hien nay.","Điểm mạnh, yếu của 5 smartphone 1.080p hàng đầu hiện nay."
Milan lien he voi Amantino Mancini.,Milan liên hệ với Amantino Mancini.
Moi co hon 2.200 xe may dien di dang ky bien so.,Mới có hơn 2.200 xe máy điện đi đăng ký biển số.
Ty le that nghiep tai Eurozone xuong muc thap nhat 5 nam qua.,Tỷ lệ thất nghiệp tại Eurozone xuống mức thấp nhất 5 năm qua.
"Nghi giam doc bo tron, hon 600 cong nhan 'truc chien' o cong cong ty may.","Nghi giám đốc bỏ trốn, hơn 600 công nhân 'trực chiến' ở cổng công ty may."
Sap ham vang o Lao Cai: Phu vang lu luot chay tron khoi Sa Phin.,Sập hầm vàng ở Lào Cai: Phu vàng lũ lượt chạy trốn khỏi Sa Phìn.
15 cong trinh thi dua mung Dai hoi IX CD TP.,15 công trình thi đua mừng Đại hội IX CĐ TP.
I-ta-li-a: Trum cua cac trum ma-phi-a sa luoi.,I-ta-li-a: Trùm của các trùm ma-phi-a sa lưới.
"Den nam 2030, neu hoan thanh duoc giai doan 2 cua du an voi cong suat 50 trieu khach/nam, Long Thanh moi du nang luc canh tranh ban dau cua mot trung tam trung chuyen hang khong quoc te cua khu vuc.","Đến năm 2030, nếu hoàn thành được giai đoạn 2 của dự án với công suất 50 triệu khách/năm, Long Thành mới đủ năng lực cạnh tranh ban đầu của một trung tâm trung chuyển hàng không quốc tế của khu vực."
Phan no vi nguoi trong tre nhan tam giam dap cau be 5 tuoi luoi an.,Phẫn nộ vì người trông trẻ nhẫn tâm giẫm đạp cậu bé 5 tuổi lười ăn.
Mot luong lon bong vu tru bi an roi xuong Namibia.,Một lượng lớn bóng vũ trụ bí ẩn rơi xuống Namibia.
Messi xe nat hang phong thu vung chac nhat La Liga.,Messi xé nát hàng phòng thủ vững chắc nhất La Liga.
"Tiep da tang tu phien hom qua, thi truong chung khoan mo cua trong sac xanh.","Tiếp đà tăng từ phiên hôm qua, thị trường chứng khoán mở cửa trong sắc xanh."
"Neu ra ngoai, moi nguoi can mac quan ao dai va doi mu rong vanh de bao ve da khoi anh nang.","Nếu ra ngoài, mọi người cần mặc quần áo dài và đội mũ rộng vành để bảo vệ da khỏi ánh nắng."
Binh Thuan: Nguoi dan thay dau vet kho bau '4.000 tan vang o nui Tau'.,Bình Thuận: Người dân thấy dấu vết kho báu '4.000 tấn vàng ở núi Tàu'.
Phat hien thanh nien van chuyen chat cuc doc.,Phát hiện thanh niên vận chuyển chất cực độc.
"Thanh tra cac du an thuoc linh vuc giao thong, moi truong tai Ha Noi, TP Ho Chi Minh.","Thanh tra các dự án thuộc lĩnh vực giao thông, môi trường tại Hà Nội, TP Hồ Chí Minh."
Toyota Corolla cham nguong 1 trieu xe san xuat tai My.,Toyota Corolla chạm ngưỡng 1 triệu xe sản xuất tại Mỹ.
Gap go than dong piano nhan danh hieu Guong mat tre tieu bieu.,Gặp gỡ thần đồng piano nhận danh hiệu Gương mặt trẻ tiêu biểu.
"CEO Best Buy phai ban tai san de ""thoat"" khoi vo.","CEO Best Buy phải bán tài sản để ""thoát"" khỏi vợ."
6 van de thuong gap o tre co cha me ly hon.,6 vấn đề thường gặp ở trẻ có cha mẹ ly hôn.
Dich thuat mo canh cua dua Viet Nam ra the gioi.,Dịch thuật mở cánh cửa đưa Việt Nam ra thế giới.
Tin do tan the hy vong song sot neu den lang co.,Tín đồ tận thế hy vọng sống sót nếu đến làng cổ.
"BS Ninh cho biet, benh cum co ton thuong nhieu hon o duong ho hap, benh nhan se kem theo cac trieu chung nhu hat hoi, so mui, chay nuoc mui hoac ho nen nguoi dan rat de nham lan voi benh Covid-19, dan den chu quan, tho o voi benh.","BS Ninh cho biết, bệnh cúm có tổn thương nhiều hơn ở đường hô hấp, bệnh nhân sẽ kèm theo các triệu chứng như hắt hơi, sổ mũi, chảy nước mũi hoặc ho nên người dân rất dễ nhầm lẫn với bệnh Covid-19, dẫn đến chủ quan, thờ ơ với bệnh."
Cho vay tien ti qua de dang.,Cho vay tiền tỉ quá dễ dàng.
Co mot dieu can luu y rang cong ty me cua TikTok la nguoi Trung Quoc.,Có một điều cần lưu ý rằng công ty mẹ của TikTok là người Trung Quốc.
"Say ruou, anh re vung dao sat hai em gai vo.","Say rượu, anh rể vung dao sát hại em gái vợ."
Kho co giai phap toan dien duy nhat cho no cong.,Khó có giải pháp toàn diện duy nhất cho nợ công.
An tuong nhung can ho penthouse dat gia nhat the gioi.,Ấn tượng những căn hộ penthouse đắt giá nhất thế giới.
Sua oto Honda o dau tot nhat?.,Sửa ôtô Honda ở đâu tốt nhất?.
Xin cam on.,Xin cảm ơn.
"Thay lam an thuan loi, thang 4/2021, anh quyet dinh mo them mot chi nhanh khac tren duong Truong Sa.","Thấy làm ăn thuận lợi, tháng 4/2021, anh quyết định mở thêm một chi nhánh khác trên đường Trường Sa."
10 su that choang vang ve cua quy cua dan ong.,10 sự thật choáng váng về của quý của đàn ông.
"Doi voi kinh te Viet Nam, chi co giam thue moi truong, thue tieu thu dac biet va thue VAT doi voi xang dau moi co the kim ham da tang cua mat hang nay.","Đối với kinh tế Việt Nam, chỉ có giảm thuế môi trường, thuế tiêu thụ đặc biệt và thuế VAT đối với xăng dầu mới có thể kìm hãm đà tăng của mặt hàng này."
SHB- Da Nang gap Becamex- Binh Duong o vong 2 AFC Cup.,SHB- Đà Nẵng gặp Becamex- Bình Dương ở vòng 2 AFC Cup.
"HLV Huu Thang lo lang tuong lai cua Xuan Truong, Tuan Anh, Cong Phuong.","HLV Hữu Thắng lo lắng tương lai của Xuân Trường, Tuấn Anh, Công Phượng."
Cac loai dong vat den xau xe mo mem xac ca voi.,Các loài động vật đến xâu xé mô mềm xác cá voi.
Bi quyet gay soc cua nu hoang catwalk Cara Delevin de khong vo ech tren tham do.,Bí quyết gây sốc của nữ hoàng catwalk Cara Delevin để không vồ ếch trên thảm đỏ.
Ky luc the gioi moi tu dien thoai XP3300 Force sieu khung cua SONIM.,Kỷ lục thế giới mới từ điện thoại XP3300 Force siêu khủng của SONIM.
Am vang mot dong song.,Âm vang một dòng sông.
Han Quoc lap van phong xu ly toi pham lien quan toi nguoi Viet.,Hàn Quốc lập văn phòng xử lý tội phạm liên quan tới người Việt.
Be boi doping dien kinh 'kieu Nga' bat dau lan rong.,Bê bối doping điền kinh 'kiểu Nga' bắt đầu lan rộng.
Tin van the thao ngay 14-9.,Tin vắn thể thao ngày 14-9.
"Hai doanh nghiep duoc vay 657,7 ty dong theo goi tin dung uu dai 30 nghin ty.","Hai doanh nghiệp được vay 657,7 tỷ đồng theo gói tín dụng ưu đãi 30 nghìn tỷ."
"Mot so thi sinh da biet nam bat co hoi, coi day la noi the hien minh nen da rat trach nhiem, no luc voi phan thi, the hien duoc khat khao duoc tien vao vong trong.","Một số thí sinh đã biết nắm bắt cơ hội, coi đây là nơi thể hiện mình nên đã rất trách nhiệm, nỗ lực với phần thi, thể hiện được khát khao được tiến vào vòng trong."
Chien luoc tri hoan cua Trung Quoc o bien Dong.,Chiến lược trì hoãn của Trung Quốc ở biển Đông.
Cau vuot ngay thong xe.,Cầu vượt ngày thông xe.
Truong DH Cong nghiep TPHCM tiep tuc xet tuyen.,Trường ĐH Công nghiệp TPHCM tiếp tục xét tuyển.
Giai cuu tau 3.200 tan 'huc dau' vao cau An Thai.,Giải cứu tàu 3.200 tấn 'húc đầu' vào cầu An Thái.
Tai nan duong bo gay ach tac duong sat Thong Nhat.,Tai nạn đường bộ gây ách tắc đường sắt Thống Nhất.
Vi sao Kroos khong the thay the duoc Alonso?.,Vì sao Kroos không thể thay thế được Alonso?.
Cuoc doi len voi xuong cho cua nhung ban sao.,Cuộc đời lên voi xuống chó của những bản sao.
Nguoi Sai Gon 'boc chay' vi nang nong.,Người Sài Gòn 'bốc cháy' vì nắng nóng.
Citigroup canh bao the gioi ben bo vuc suy thoai.,Citigroup cảnh báo thế giới bên bờ vực suy thoái.
"Cu the, hien tuong tien san giat se thuong co cac trieu chung nhu sung phu co the kem theo dau dau dai dang, thay doi thi luc, dau bung, tang can dot ngot.","Cụ thể, hiện tượng tiền sản giật sẽ thường có các triệu chứng như sưng phù có thể kèm theo đau đầu dai dẳng, thay đổi thị lực, đau bụng, tăng cân đột ngột."
Bao dong o Iraq lai khuay dao thi truong chung khoan.,Bạo động ở Iraq lại khuấy đảo thị trường chứng khoán.
Bi thu huyen Hoc Mon lam chu tich HDND.,Bí thư huyện Hóc Môn làm chủ tịch HĐND.
Rut sung ban canh sat khi ban gai khong doi mu bao hiem.,Rút súng bắn cảnh sát khi bạn gái không đội mũ bảo hiểm.
Nhung noi so muon doi khong loi giai cua loai nguoi.,Những nỗi sợ muôn đời không lời giải của loài người.
Nha dau tu tiep tuc gom co phieu thi truong moi noi.,Nhà đầu tư tiếp tục gom cổ phiếu thị trường mới nổi.
Tang cuong co xat cho doi tuyen U23 QG.,Tăng cường cọ xát cho đội tuyển U23 QG.
Hoc bong khung tu cac truong Cao dang cong dong My..,Học bổng khủng từ các trường Cao đẳng cộng đồng Mỹ..
"An Do: Tau trat duong ray, it nhat 11 nguoi thiet mang.","Ấn Độ: Tàu trật đường ray, ít nhất 11 người thiệt mạng."
Hai cu gia bi dien giat chet tai nghia trang.,Hai cụ già bị điện giật chết tại nghĩa trang.
Tom VN bi dieu tra vu kien chong tro cap.,Tôm VN bị điều tra vụ kiện chống trợ cấp.
"Buc tranh chi tiet bat dau tai Cong Trinh Duong cua Bac Kinh va di qua Quang truong Thien An Mon, voi hinh anh cu dan cua thanh pho ben canh hang ngu linh gac va nguoi cam co.","Bức tranh chi tiết bắt đầu tại Cổng Trịnh Dương của Bắc Kinh và đi qua Quảng trường Thiên An Môn, với hình ảnh cư dân của thành phố bên cạnh hàng ngũ lính gác và người cầm cờ."
Bao Kommersant dan nguon tin tu chuyen gia thi truong canh bao rang dong tien moi co the khong su dung duoc vi nha cung cap tu choi cap nhat cho thiet bi.,Báo Kommersant dẫn nguồn tin từ chuyên gia thị trường cảnh báo rằng đồng tiền mới có thể không sử dụng được vì nhà cung cấp từ chối cập nhật cho thiết bị.
Vo chong Tran Hao rang ro ben 2 quy tu dang yeu.,Vợ chồng Trần Hào rạng rỡ bên 2 quý tử đáng yêu.
Doan tau Bac - Nam hoang loan vi mot nguoi nam giua duong ray.,Đoàn tàu Bắc - Nam hoảng loạn vì một người nằm giữa đường ray.
Xe khach bien so Lao chay tro khung tren duong Ho Chi Minh.,Xe khách biển số Lào cháy trơ khung trên đường Hồ Chí Minh.
Ca si hoi cho giet nguoi yeu trong con ngao da bi khoi to.,Ca sĩ hội chợ giết người yêu trong cơn ngáo đá bị khởi tố.
Phan khoa hoc bi kip bo thai sieu toc chi voi gia 50 ngan dong.,Phản khoa học bí kíp bỏ thai siêu tốc chỉ với giá 50 ngàn đồng.
Nghe si Hong Nga miet mai lam tu thien.,Nghệ sĩ Hồng Nga miệt mài làm từ thiện.
"TS Quoc Hung cho biet: ""Tinh trang suy giam mien dich sau nhiem COVID-19 keo dai khien co dia benh nhan suy yeu la nguy co gia tang ty le nguoi benh bi nhiem nam, tao dieu kien cho vi sinh vat tan cong.","TS Quốc Hùng cho biết: ""Tình trạng suy giảm miễn dịch sau nhiễm COVID-19 kéo dài khiến cơ địa bệnh nhân suy yếu là nguy cơ gia tăng tỷ lệ người bệnh bị nhiễm nấm, tạo điều kiện cho vi sinh vật tấn công."
"Theo Nikkei, ke hoach cua CEO Zhang da pha san khi chua kip giam su phu thuoc vao nguon thu chinh la thuong mai dien tu thi da bi chinh phu kiem soat cung nhu bi cac doi thu canh tranh khoc liet.","Theo Nikkei, kế hoạch của CEO Zhang đã phá sản khi chưa kịp giảm sự phụ thuộc vào nguồn thu chính là thương mại điện tử thì đã bị chính phủ kiểm soát cũng như bị các đối thủ cạnh tranh khốc liệt."
Chinh truong Thai Lan nhieu ap luc.,Chính trường Thái Lan nhiều áp lực.
Ve dep bat tan canh dong muoi lon nhat the gioi tai Bolivia.,Vẻ đẹp bất tận cánh đồng muối lớn nhất thế giới tại Bolivia.
"Vay ngoai te, coi chung sai lam lap lai.","Vay ngoại tệ, coi chừng sai lầm lặp lại."
Truong Hinh Du di kien vi tin don ban dam va pha thai.,Trương Hinh Dư đi kiện vì tin đồn bán dâm và phá thai.
"Tre kinh 2 tuan, dung que thu chi co 1 vach..","Trễ kinh 2 tuần, dùng que thử chỉ có 1 vạch.."
"Thoa thuan duoc dua ra hai nam sau khi Toa Trong tai Thuong truc (PCA) o The Hague (Ha Lan) hoi nam 2016 da bac bo yeu sach ve quyen lich su cua Trung Quoc tai Bien Dong, hay con goi la “duong luoi bo”. Trong tuyen bo, Toa cho biet ""duong chin doan"" cua Trung Quoc la khong co co so phap ly, dong thoi khang dinh Trung Quoc ""khong co quyen lich su"" tai Bien Dong.","Thỏa thuận được đưa ra hai năm sau khi Tòa Trọng tài Thường trực (PCA) ở The Hague (Hà Lan) hồi năm 2016 đã bác bỏ yêu sách về quyền lịch sử của Trung Quốc tại Biển Đông, hay còn gọi là “đường lưỡi bò”. Trong tuyên bố, Tòa cho biết ""đường chín đoạn"" của Trung Quốc là không có cơ sở pháp lý, đồng thời khẳng định Trung Quốc ""không có quyền lịch sử"" tại Biển Đông."
"Dac biet, tu sau khi Thuong truc Ban Chi dao ban hanh co che chi dao phoi hop phat hien, xu ly cac sai pham qua kiem tra, giam sat, thanh tra, kiem toan, dieu tra, truy to, xet xu, thi hanh an, cac co quan chuc nang chuyen den co quan dieu tra xem xet, xu ly hon 330 vu viec co dau hieu toi pham truoc khi ban hanh ket luan kiem tra, thanh tra.","Đặc biệt, từ sau khi Thường trực Ban Chỉ đạo ban hành cơ chế chỉ đạo phối hợp phát hiện, xử lý các sai phạm qua kiểm tra, giám sát, thanh tra, kiểm toán, điều tra, truy tố, xét xử, thi hành án, các cơ quan chức năng chuyển đến cơ quan điều tra xem xét, xử lý hơn 330 vụ việc có dấu hiệu tội phạm trước khi ban hành kết luận kiểm tra, thanh tra."
"Cay hang nam khac bi thiet hai tren 70% dien tich, ho tro 6.000.000 dong/ha; thiet hai tu 30% - 70% dien tich, ho tro 3.000.000 dong/ha.","Cây hàng năm khác bị thiệt hại trên 70% diện tích, hỗ trợ 6.000.000 đồng/ha; thiệt hại từ 30% - 70% diện tích, hỗ trợ 3.000.000 đồng/ha."
Pho Chu tich Quoc hoi kiem tra Nghi quyet TW 4 o Tuyen Quang.,Phó Chủ tịch Quốc hội kiểm tra Nghị quyết TW 4 ở Tuyên Quang.
My: Truc thang truyen hinh roi giua pho.,Mỹ: Trực thăng truyền hình rơi giữa phố.
"Chuc tat ca cac ban khong truot tu"" - Thuy Trang hai huoc noi.","Chúc tất cả các bạn không trượt tủ"" - Thùy Trang hài hước nói."
BVS: TB dang ky luu ky CP bo sung.,BVS: TB đăng ký lưu ký CP bổ sung.
Canh bao la can thiet.,Cảnh báo là cần thiết.
Hon 600 ngu dan An Do mat tich o vinh Bengal.,Hơn 600 ngư dân Ấn Độ mất tích ở vịnh Bengal.
"Tin loi thay boi, me ep toi bo nguoi yeu.","Tin lời thầy bói, mẹ ép tôi bỏ người yêu."
Them 1.600 ty dong vao Khu kinh te Dung Quat.,Thêm 1.600 tỷ đồng vào Khu kinh tế Dung Quất.
Bau Hien manh tay chi thuong sau chien thang dau tien cua Ha Noi TT.,Bầu Hiển mạnh tay chi thưởng sau chiến thắng đầu tiên của Hà Nội TT.
"TP Vung Tau: Mua gio chuong, canh giac khi tam bien.","TP Vũng Tàu: Mùa gió chướng, cảnh giác khi tắm biển."
"Vinh Hai - quan quan ""Thu thach cung buoc nhay"" 2012.","Vinh Hải - quán quân ""Thử thách cùng bước nhảy"" 2012."
Anh: Dien mao moi loe loet cua Nha hat lon Ha Noi.,Ảnh: Diện mạo mới lòe loẹt của Nhà hát lớn Hà Nội.
Myanmar: Nha bao bieu tinh doi tha dong nghiep.,Myanmar: Nhà báo biểu tình đòi thả đồng nghiệp.
Thi dai hoc va nhung tro ca cuoc sieu ngo.,Thi đại học và những trò cá cược siêu ngố.
"Chua het, cap Kostas Tsimikas va Alex Oxlade-Chamberlain cung se phai dieu tri chan thuong.","Chưa hết, cặp Kostas Tsimikas và Alex Oxlade-Chamberlain cũng sẽ phải điều trị chấn thương."
Tin tuc thoi su moi nhat hom nay ngay 19/11.,Tin tức thời sự mới nhất hôm nay ngày 19/11.
"Tuy nhien, phia ngan hang cho rang day la viec kinh doanh cua ngan hang nen khong the thuc hien theo de nghi cua VETC.","Tuy nhiên, phía ngân hàng cho rằng đây là việc kinh doanh của ngân hàng nên không thể thực hiện theo đề nghị của VETC."
Nghe quet cat tim vang tren duong pho.,Nghề quét cát tìm vàng trên đường phố.
"""Voi su nang dong sang tao, phat huy sang kien cua lanh dao Thanh uy va Chu tich UBND TP HCM Mai Chi Tho, tu do kinh te thanh pho bat dau guong day phat trien, duy tri phat trien san xuat cua trung tam cong nghiep nay cung cap san pham hang hoa cho toan mien Nam va ca nuoc.","""Với sự năng động sáng tạo, phát huy sáng kiến của lãnh đạo Thành ủy và Chủ tịch UBND TP HCM Mai Chí Thọ, từ đó kinh tế thành phố bắt đầu gượng dậy phát triển, duy trì phát triển sản xuất của trung tâm công nghiệp này cung cấp sản phẩm hàng hóa cho toàn miền Nam và cả nước."
"Song song do, show duoc phat truc tiep va phat lai tren nen tang online eBox: ebox.vnexpress.net.","Song song đó, show được phát trực tiếp và phát lại trên nền tảng online eBox: ebox.vnexpress.net."
Laptop 'sieu mau' Z light gia chi 11 trieu.,Laptop 'siêu mẫu' Z light giá chỉ 11 triệu.
U23 Argentina chia tay Olympic Rio.,U23 Argentina chia tay Olympic Rio.
Tau ngam tan cong hat nhan chien luoc the he thu nam.,Tàu ngầm tấn công hạt nhân chiến lược thế hệ thứ năm.
Real va Ribery vien dan Luat 17 don ep Bayern: Nuoc co cuoi cung.,Real và Ribery viện dẫn Luật 17 dồn ép Bayern: Nước cờ cuối cùng.
5 doi tuong quan 30 kg vang quanh nguoi tu Hong Kong ve Viet Nam.,5 đối tượng quấn 30 kg vàng quanh người từ Hồng Kông về Việt Nam.
Danh bom o Somalia va LB Nga: Hon 100 nguoi thuong vong.,Đánh bom ở Somalia và LB Nga: Hơn 100 người thương vong.
Mua lu de doa mien nui phia Bac.,Mưa lũ đe dọa miền núi phía Bắc.
Bap benh tren tru dien.,Bập bênh trên trụ điện.
Ba noi tro lung mua nong san mini Da Lat.,Bà nội trợ lùng mua nông sản mini Đà Lạt.
"Tuy nhien, bo doi trai tai, gai sac nay da dem lai thanh cong ngoai mong doi cho tac pham.","Tuy nhiên, bộ đôi trai tài, gái sắc này đã đem lại thành công ngoài mong đợi cho tác phẩm."
"Sua Minh Nga bi to kem chat luong, nha san xuat tra loi ""vong vo"".","Sữa Minh Nga bị tố kém chất lượng, nhà sản xuất trả lời ""vòng vo""."
Tau Belgorod cung co the mang theo khi cu ngam duoi nuoc cho phep thuy thu doan cat dut cap ngam va thuc hien cac thao tac duoi day bien.,Tàu Belgorod cũng có thể mang theo khí cụ ngầm dưới nước cho phép thủy thủ đoàn cắt đứt cáp ngầm và thực hiện các thao tác dưới đáy biển.
Di tim nguoi quyet dinh cuoc doi cua ban.,Đi tìm người quyết định cuộc đời của bạn.
Khong duoc an han thue 275 ngay neu no tien phat.,Không được ân hạn thuế 275 ngày nếu nợ tiền phạt.
30 phat minh ky la cua dan thuong Trung Quoc (ky 2).,30 phát minh kỳ lạ của dân thường Trung Quốc (kỳ 2).
Ngoi nha khong dung hang.,Ngôi nhà không đụng hàng.
Cai cach moi truong kinh doanh can lan toa manh me hon.,Cải cách môi trường kinh doanh cần lan tỏa mạnh mẽ hơn.
"Chuong trinh co cac noi dung, phan viec cu the: tu van, huong dan, ho tro thi sinh, huong dan phong thi, ho tro y te, xu ly cac tinh huong khan cap, dam bao an ninh trat tu tai cac diem thi.","Chương trình có các nội dung, phần việc cụ thể: tư vấn, hướng dẫn, hỗ trợ thí sinh, hướng dẫn phòng thi, hỗ trợ y tế, xử lý các tình huống khẩn cấp, đảm bảo an ninh trật tự tại các điểm thi."
Sung so truoc giong hat xam di dom cua 'nghe si' nhi 6 tuoi.,Sững sờ trước giọng hát xẩm dí dỏm của 'nghệ sĩ' nhí 6 tuổi.
Yamagami tung la thanh vien luc luong Phong ve Bien Nhat Ban.,Yamagami từng là thành viên lực lượng Phòng vệ Biển Nhật Bản.
"Ep buoc cha con ""nguoi rung"" song van minh: Ai se co loi?.","Ép buộc cha con ""người rừng"" sống văn minh: Ai sẽ có lợi?."
"Ngay 11/9, JVC chot quyen tham du Dai hoi dong co dong.","Ngày 11/9, JVC chốt quyền tham dự Đại hội đồng cổ đông."
"Chinh quyen Tham Quyen da yeu cau 100 cong ty lon nhat thiet lap vong khep kin, theo do cac nhan vien bi han che tiep xuc voi nguoi ben ngoai cong ty.","Chính quyền Thâm Quyến đã yêu cầu 100 công ty lớn nhất thiết lập vòng khép kín, theo đó các nhân viên bị hạn chế tiếp xúc với người bên ngoài công ty."
Nhu vay dong nghia voi viec ca huan luyen vien Bae Ji-won va bac si Kim se khong the gop mat o tran dau nay.,Như vậy đồng nghĩa với việc cả huấn luyện viên Bae Ji-won và bác sĩ Kim sẽ không thể góp mặt ở trận đấu này.
Xich lo Viet Nam vao top phuong tien doc dao nhat the gioi.,Xích lô Việt Nam vào top phương tiện độc đáo nhất thế giới.
Lai dua lai suat huy dong von.,Lại đua lãi suất huy động vốn.
Chuong trinh giao duc pho thong: Gop y cua nghien cuu sinh tu New Zealand.,Chương trình giáo dục phổ thông: Góp ý của nghiên cứu sinh từ New Zealand.
"Phai xac minh vu viec, bao cao voi Thu tuong.","Phải xác minh vụ việc, báo cáo với Thủ tướng."
"Chien su tiep dien o Gaza, Israel the bao thu vi mot si quan.","Chiến sự tiếp diễn ở Gaza, Israel thề báo thù vì một sĩ quan."
"Khoang 22h, 2 doi tuong len taxi do anh N.M.H dieu khien.","Khoảng 22h, 2 đối tượng lên taxi do anh N.M.H điều khiển."
Ba me mot con Irina Shayk 'lan at' dan mau tren tham do.,Bà mẹ một con Irina Shayk 'lấn át' dàn mẫu trên thảm đỏ.
Trien lam 120 tu lieu quy hiem ve chu quyen bien dao tai Truong Sa.,Triển lãm 120 tư liệu quý hiếm về chủ quyền biển đảo tại Trường Sa.
Lay san pham duoc lieu huu co de dang ky chat luong san pham dat chuan OCOP tu 3 – 5 sao vao cuoi nam 2022.,Lấy sản phẩm dược liệu hữu cơ để đăng ký chất lượng sản phẩm đạt chuẩn OCOP từ 3 – 5 sao vào cuối năm 2022.
Ba Becks khoe hinh xam moi.,Bà Becks khoe hình xăm mới.
"Mot sieu thi tai Thanh Hoa bi thieu rui, thiet hai hang ty dong.","Một siêu thị tại Thanh Hóa bị thiêu rụi, thiệt hại hàng tỷ đồng."
Ten lua Viet Nam uy chan Bien Dong.,Tên lửa Việt Nam uy chấn Biển Đông.
"""Vu no lam 2 nguoi chet"" la do doi tuong tu gay no.","""Vụ nổ làm 2 người chết"" là do đối tượng tự gây nổ."
Cong bo quy hoach khu san golf tai khu vuc ho Van Son.,Công bố quy hoạch khu sân golf tại khu vực hồ Văn Sơn.
Trieu cuong tren song Dong Nai len sat muc bao dong 3.,Triều cường trên sông Đồng Nai lên sát mức báo động 3.
"Nam 2012: Nganh Hai quan thu hoi no dong dat 2.415,13 ty dong.","Năm 2012: Ngành Hải quan thu hồi nợ đọng đạt 2.415,13 tỷ đồng."
Loi nhuan cua Coca Cola tang an tuong nho World Cup.,Lợi nhuận của Coca Cola tăng ấn tượng nhờ World Cup.
"Cong viec chi nhan tin, goi dien ban hang tu xa, lam game danh bac… do may chu dat o nuoc ngoai.","Công việc chỉ nhắn tin, gọi điện bán hàng từ xa, làm game đánh bạc… do máy chủ đặt ở nước ngoài."
"Song Ji Hyo doi thieu rui tinh yeu voi ""anh trai Kim Tan"".","Song Ji Hyo đòi thiêu rụi tình yêu với ""anh trai Kim Tan""."
"Thuong nong 3,2 ty dong cho U23 Viet Nam sau khi gianh tam ve vao ban ket giai U23 chau A 2018.","Thưởng nóng 3,2 tỷ đồng cho U23 Việt Nam sau khi giành tấm vé vào bán kết giải U23 châu Á 2018."
Tong thong Brazil doi mat nguy co bi phe truat.,Tổng thống Brazil đối mặt nguy cơ bị phế truất.
Nhung tinh nang noi bat tren Android O.,Những tính năng nổi bật trên Android O.
Dong xe ban chay nhat cua ho o phan khuc nay trong nua dau nam 2022 la Nissan Leaf voi chi 6.345 chiec ban ra.,Dòng xe bán chạy nhất của họ ở phân khúc này trong nửa đầu năm 2022 là Nissan Leaf với chỉ 6.345 chiếc bán ra.
Thong tin ve su tu ngoai lai hai lang nghe Non Nuoc.,Thông tin về sư tử ngoại lai hại làng nghề Non Nước.
"Bo Giao duc dieu chinh lich xet tuyen DH, CD.","Bộ Giáo dục điều chỉnh lịch xét tuyển ĐH, CĐ."
Quoc yen APEC o Trung Quoc.,Quốc yến APEC ở Trung Quốc.
Deco: Chelsea that bai vi sai lam ban Mata.,Deco: Chelsea thất bại vì sai lầm bán Mata.
Bentley Mulsanne mang phong cach Hoang gia Anh.,Bentley Mulsanne mang phong cách Hoàng gia Anh.
"Xe cho hoc sinh boc chay, tai xe nhanh chong thoat than.","Xe chở học sinh bốc cháy, tài xế nhanh chóng thoát thân."
"Phi bao tri chung cu: Tien cua ai, nguoi do quan!.","Phí bảo trì chung cư: Tiền của ai, người đó quản!."
Duong pho Thai Binh ruc ro co hoa don cau thu U23 Viet Nam Doan Van Hau.,Đường phố Thái Bình rực rỡ cờ hoa đón cầu thủ U23 Việt Nam Đoàn Văn Hậu.
Trung Quoc dang mau thuan ve chi dao kinh te.,Trung Quốc đang mâu thuẫn về chỉ đạo kinh tế.
Tuyen Quang: Dau an Lang van hoa du lich dau tien.,Tuyên Quang: Dấu ấn Làng văn hóa du lịch đầu tiên.
Nong bong cuoc chien quyen luc mem My - Trung.,Nóng bỏng cuộc chiến quyền lực mềm Mỹ - Trung.
Trong tieu trong rung tram.,Trồng tiêu trong rừng tràm.
"O chieu nguoc lai, su thay doi thai do ve Ronaldo trong mat nhieu co dong vien MU la dieu ai cung co the nhin thay.","Ở chiều ngược lại, sự thay đổi thái độ về Ronaldo trong mắt nhiều cổ động viên MU là điều ai cũng có thể nhìn thấy."
Mong muon Viet Nam-Algeria day manh hop tac.,Mong muốn Việt Nam-Algeria đẩy mạnh hợp tác.
[Nghien cuu] Thoi quen uong ca phe co the giup giam nguy co tu vong do cac benh nguy hiem.,[Nghiên cứu] Thói quen uống cà phê có thể giúp giảm nguy cơ tử vong do các bệnh nguy hiểm.
"Tong thong Ukraine thua nhan ""Cai gia cua tran chien nay doi voi chung toi la rat cao.","Tổng thống Ukraine thừa nhận ""Cái giá của trận chiến này đối với chúng tôi là rất cao."
"Co the ban khong biet ngoai su nghiem khac, cac cha me do da cho nhung gi vao ngan hang ky uc cua con ho.","Có thể bạn không biết ngoài sự nghiêm khắc, các cha mẹ đó đã cho những gì vào ngân hàng ký ức của con họ."
"Viet Nam xac dinh con nguoi la trung tam, la chu the, vua la muc tieu, vua la dong luc cua su phat trien, phat huy tinh than doan ket, tri tue, ban linh, dao duc, tai nang va pham chat cua con nguoi de thuc su tro thanh suc manh noi sinh, dong luc phat trien dat nuoc va bao ve To quoc.","Việt Nam xác định con người là trung tâm, là chủ thể, vừa là mục tiêu, vừa là động lực của sự phát triển, phát huy tinh thần đoàn kết, trí tuệ, bản lĩnh, đạo đức, tài năng và phẩm chất của con người để thực sự trở thành sức mạnh nội sinh, động lực phát triển đất nước và bảo vệ Tổ quốc."
Soi noi giai dua thuyen truyen thong PT-TH Quang Nam.,Sôi nổi giải đua thuyền truyền thống PT-TH Quảng Nam.
"Chung suc doi pho o nhiem bom, min (ky cuoi).","Chung sức đối phó ô nhiễm bom, mìn (kỳ cuối)."
Nhung kieu giuong chu de phim hoat hinh cho cac be.,Những kiểu giường chủ đề phim hoạt hình cho các bé.
Phim Nguoi tro ve ra mat khan gia dip Giai phong mien Nam.,Phim Người trở về ra mắt khán giả dịp Giải phóng miền Nam.
Ngo doc ruou chua methanol co nguy co tu vong rat cao.,Ngộ độc rượu chứa methanol có nguy cơ tử vong rất cao.
"Hoi nghi tong ket cong tac quan ly My thuat, Nhiep anh va Trien lam.","Hội nghị tổng kết công tác quản lý Mỹ thuật, Nhiếp ảnh và Triển lãm."
"Quay lai voi Awoniyi, mua truoc chan sut 24 tuoi ghi toi 20 ban trong 43 lan ra san tren moi dau truong.","Quay lại với Awoniyi, mùa trước chân sút 24 tuổi ghi tới 20 bàn trong 43 lần ra sân trên mọi đấu trường."
"U19 Viet Nam la tap the co kha nang, nhieu ca nhan tot.","U19 Việt Nam là tập thể có khả năng, nhiều cá nhân tốt."
"""Nhieu khi ra duong toi hay duoc cac ban tre ham mo moi coc ca phe hay bat pho"", ba ke.","""Nhiều khi ra đường tôi hay được các bạn trẻ hâm mộ mời cốc cà phê hay bát phở"", bà kể."
"Thong tin duoc Pho giam doc So Lao dong, Thuong binh va Xa hoi TP HCM Nguyen Van Lam noi tai buoi lam viec voi Thu truong Lao dong, Thuong binh va Xa hoi Le Van Thanh ve goi ho tro thue nha, chieu 18/7.","Thông tin được Phó giám đốc Sở Lao động, Thương binh và Xã hội TP HCM Nguyễn Văn Lâm nói tại buổi làm việc với Thứ trưởng Lao động, Thương binh và Xã hội Lê Văn Thanh về gói hỗ trợ thuê nhà, chiều 18/7."
"Nguoi Ha Noi do xo ""san"" smartphone khuyen mai..","Người Hà Nội đổ xô ""săn"" smartphone khuyến mãi.."
"Ong cho rang nhin chung ""nguoi dan Ukraine da co mot giai doan kho khan trong nhung nam gan day"". Ve van de Kaliningrad, ong Medvedev noi rang Lithuania chiu hoan toan trach nhiem ve hau qua cua quyet dinh cam van chuyen hang hoa den vung dat thuoc Nga, nhung Vilnius ""khong dung lai de nghi ve no"". Ong noi rang ""quyet dinh cam van chuyen hang hoa cua Nga voi danh sach len den 60 trang da kho chiu den muc khong the binh luan"".","Ông cho rằng nhìn chung ""người dân Ukraine đã có một giai đoạn khó khăn trong những năm gần đây"". Về vấn đề Kaliningrad, ông Medvedev nói rằng Lithuania chịu hoàn toàn trách nhiệm về hậu quả của quyết định cấm vận chuyển hàng hoá đến vùng đất thuộc Nga, nhưng Vilnius ""không dừng lại để nghĩ về nó"". Ông nói rằng ""quyết định cấm vận chuyển hàng hoá của Nga với danh sách lên đến 60 trang đã khó chịu đến mức không thể bình luận""."
Khong quan Nga tien hanh cuoc tap tran quy mo lon.,Không quân Nga tiến hành cuộc tập trận quy mô lớn.
Khich nhau da that!.,Khích nhau đá thật!.
"Bien tuong le hoi - Ky 7: Sam so, danh nhau....","Biến tướng lễ hội - Kỳ 7: Sàm sỡ, đánh nhau...."
"Bao Bao (Theo Medical News Today, Healthline)","Bảo Bảo (Theo Medical News Today, Healthline)"
Top 5 ban hop dong dat gia nhat trong lich su Bayern Munich.,Top 5 bản hợp đồng đắt giá nhất trong lịch sử Bayern Munich.
"De quang ba, phat dong va tao dong luc cho moi nguoi xung quanh, Katherine con nghi ra y tuong rat de thuong la tu lam giay chung nhan ghi ""Nhan danh ban, chung ta mua mot chiec man de gui den chau Phi"" voi moi khach hang cua minh.","Để quảng bá, phát động và tạo động lực cho mọi người xung quanh, Katherine còn nghĩ ra ý tưởng rất dễ thương là tự làm giấy chứng nhận ghi ""Nhân danh bạn, chúng ta mua một chiếc màn để gửi đến châu Phi"" với mỗi khách hàng của mình."
Windows 9 se co Wi-Fi Sense va Data Sense.,Windows 9 sẽ có Wi-Fi Sense và Data Sense.
"Truoc do Antonio Ruediger da chuyen den Real Madrid, Andreas Christensen den Barcelona va Marcos Alonso cung khong cam ket duoc tuong lai.","Trước đó Antonio Ruediger đã chuyển đến Real Madrid, Andreas Christensen đến Barcelona và Marcos Alonso cũng không cam kết được tương lai."
"Muoi den ben Su Tu, va quat lon: – Chua son lam!","Muỗi đến bên Sư Tử, và quát lớn: – Chúa sơn lâm!"
Phan tich hoa hoc o Syria phai mat vai tuan.,Phân tích hóa học ở Syria phải mất vài tuần.
"Voi tinh hinh do, co gang phong thu trong dong do nat la dieu khong the thuc hien.","Với tình hình đó, cố gắng phòng thủ trong đống đổ nát là điều không thể thực hiện."
Chi Le,Chi Lê
"De mo rong duong day ca do bong da, Hoang chia cho Le Ngoc Minh (32 tuoi, ngu P.Dong Vinh, TP.Vinh, Nghe An) tai khoan tong cap duoi (goi la tai khoan Master). Hoang va Minh thoa thuan, thong nhat voi nhau han muc cua tai khoan la 30.000 diem, gia 1 diem tuong duong 8.000 dong, so tien thang/thua thanh toan vao chieu thu hai hang tuan.","Để mở rộng đường dây cá độ bóng đá, Hoàng chia cho Lê Ngọc Minh (32 tuổi, ngụ P.Đông Vĩnh, TP.Vinh, Nghệ An) tài khoản tổng cấp dưới (gọi là tài khoản Master). Hoàng và Minh thỏa thuận, thống nhất với nhau hạn mức của tài khoản là 30.000 điểm, giá 1 điểm tương đương 8.000 đồng, số tiền thắng/thua thanh toán vào chiều thứ hai hàng tuần."
Hau qua cua viec sua xe canh bep lua.,Hậu quả của việc sửa xe cạnh bếp lửa.
Cuu Shaun sap tro thanh minh tinh man bac.,Cừu Shaun sắp trở thành minh tinh màn bạc.
Tin vui cho Arsenal: Wilshere khong bi chan thuong mat ca.,Tin vui cho Arsenal: Wilshere không bị chấn thương mắt cá.
"Phi cao toc, lay tien cho nay bu cho kia?.","Phí cao tốc, lấy tiền chỗ này bù chỗ kia?."
"Ket qua bong da: Bayern len dinh lan 5, M.U hoi phuc.","Kết quả bóng đá: Bayern lên đỉnh lần 5, M.U hồi phục."
Vi sao Bom khong chiu doi ao sau ca me?.,Vì sao Bờm không chịu đổi ao sâu cá mè?.
Vo Van der Vaart kieu sa tren duong pho London.,Vợ Van der Vaart kiêu sa trên đường phố London.
"Chinh phu My cong bo goi cuu tro 17,4 ty USD cho nganh cong nghiep o to.","Chính phủ Mỹ công bố gói cứu trợ 17,4 tỷ USD cho ngành công nghiệp ô tô."
Tu hinh bang thuoc doc tu thang 6.,Tử hình bằng thuốc độc từ tháng 6.
Cuoc dua cong nghe KERS tai F1: Cuc nhoc va ton kem.,Cuộc đua công nghệ KERS tại F1: Cực nhọc và tốn kém.
VN-Index tien den moc 410 diem.,VN-Index tiến đến mốc 410 điểm.
Minh Dao va Ly Man - Phim gia tinh that?.,Minh Đạo và Lý Mạn - Phim giả tình thật?.
Thoa thuan hat nhan Iran tac dong tich cuc toi an ninh Trung Dong.,Thỏa thuận hạt nhân Iran tác động tích cực tới an ninh Trung Đông.
Xac thuc chu nhan smartphone... bang lo tai.,Xác thực chủ nhân smartphone... bằng lỗ tai.
Google gioi thieu dien thoai Nexus 6 va may tinh bang Nexus 9 su dung phien ban Android 5.0 Lollipop.,Google giới thiệu điện thoại Nexus 6 và máy tính bảng Nexus 9 sử dụng phiên bản Android 5.0 Lollipop.
"Thu ngan sach ve dich, DN them suc ep?.","Thu ngân sách về đích, DN thêm sức ép?."
Freeglow Camera 1.0.0 (com.glow.camera.open) - 5.000 luot cai dat.,Freeglow Camera 1.0.0 (com.glow.camera.open) - 5.000 lượt cài đặt.
Chuan bi sua chua Tuong dai Chien thang Dien Bien Phu.,Chuẩn bị sửa chữa Tượng đài Chiến thắng Điện Biên Phủ.
Tin tuc phap luat moi nhat hom nay ngay 20/8.,Tin tức pháp luật mới nhất hôm nay ngày 20/8.
Manchester United ke Real cheo keo Rooney.,Manchester United kệ Real chèo kéo Rooney.
"""Lam luc toi cung muon bo nghe, nhung khong nghe huong mu cao su vai ngay lai thay nho.","""Lắm lúc tôi cũng muốn bỏ nghề, nhưng không nghe hương mủ cao su vài ngày lại thấy nhớ."
Vu hat vang CSGT xuong duong: Xet nghiem ma tuy trong mau tai xe.,Vụ hất văng CSGT xuống đường: Xét nghiệm ma túy trong máu tài xế.
Trung Quoc: Radar Viet Nam khien may bay tang hinh lo dien.,Trung Quốc: Radar Việt Nam khiến máy bay tàng hình lộ diện.
"Day la mot lop UAV rieng biet va ly do no duoc nhac toi la vi tren chien truong - doi thu cua Quan doi Nga dang tich cuc su dung chung de dieu chinh hoa luc phao binh, dac biet la trong cac cuoc dau phao.","Đây là một lớp UAV riêng biệt và lý do nó được nhắc tới là vì trên chiến trường - đối thủ của Quân đội Nga đang tích cực sử dụng chúng để điều chỉnh hỏa lực pháo binh, đặc biệt là trong các cuộc đấu pháo."
Som khac phuc duong giao thong hu hong.,Sớm khắc phục đường giao thông hư hỏng.
Oto sieu re Datsun Redi-Go 'chot gia' 126 trieu dong.,Ôtô siêu rẻ Datsun Redi-Go 'chốt giá' 126 triệu đồng.
"'Di nhan' yoga o Ha Noi: Tu rua noi tang, van khi cho vo su danh.","'Dị nhân' yoga ở Hà Nội: Tự rửa nội tạng, vận khí cho võ sư đánh."
Chelsea va Tottenham cung gianh ve vao Tu ket.,Chelsea và Tottenham cùng giành vé vào Tứ kết.
Sieu pham o V-League duoc truyen thong the gioi ca ngoi.,Siêu phẩm ở V-League được truyền thông thế giới ca ngợi.
Ribery da bay CR7 khoi cuoc dua QBV?.,Ribery đá bay CR7 khỏi cuộc đua QBV?.
"Tiet muc duoc dau tu am thanh lan phan nhin, tao hieu ung san khau dep mat.","Tiết mục được đầu tư âm thanh lẫn phần nhìn, tạo hiệu ứng sân khấu đẹp mắt."
Hap dan cho que ngay hoi.,Hấp dẫn chợ quê ngày hội.
"De nhat phu nhan My khong gap ""nguoi dong cap"" Trung Quoc.","Đệ nhất phu nhân Mỹ không gặp ""người đồng cấp"" Trung Quốc."
Dai le tuong niem 703 nam Ngay Phat hoang Tran Nhan Tong nhap niet ban.,Đại lễ tưởng niệm 703 năm Ngày Phật hoàng Trần Nhân Tông nhập niết bàn.
"Vi the, chung toi quyet dinh khong mao hiem mang song cua minh va tiep tuc o lai, it nhat la o nha"". Sloviansk se la diem nong moi Ban tin tinh bao cap nhat chien su o Ukraine ngay 6/7 cua Bo Quoc phong Anh cho biet, Sloviansk se la tam diem cua cac cuoc giao tranh moi giua cac luc luong Nga va Ukraine o khu vuc Donbass.","Vì thế, chúng tôi quyết định không mạo hiểm mạng sống của mình và tiếp tục ở lại, ít nhất là ở nhà"". Sloviansk sẽ là điểm nóng mới Bản tin tình báo cập nhật chiến sự ở Ukraine ngày 6/7 của Bộ Quốc phòng Anh cho biết, Sloviansk sẽ là tâm điểm của các cuộc giao tranh mới giữa các lực lượng Nga và Ukraine ở khu vực Donbass."
"Chieu 7/7, trao doi voi phong vien Tien Phong sau khi thi xong mon Toan, ong Giap chia se: ""De thi toan trac nghiem nen toi lam het, hy vong ket qua kha quan hon mon thi Ngu van hoi sang.","Chiều 7/7, trao đổi với phóng viên Tiền Phong sau khi thi xong môn Toán, ông Giáp chia sẻ: ""Đề thi toàn trắc nghiệm nên tôi làm hết, hy vọng kết quả khả quan hơn môn thi Ngữ văn hồi sáng."
"Vien bong Quoc gia kham, cap thuoc mien phi cho 600 doi tuong chinh sach.","Viện bỏng Quốc gia khám, cấp thuốc miễn phí cho 600 đối tượng chính sách."
HLV Hoang Anh Tuan chot danh sach U21 Viet Nam sang Malaysia da giai.,HLV Hoàng Anh Tuấn chốt danh sách U21 Việt Nam sang Malaysia đá giải.
"Canh sat ket luan, nguoi dep uong nhieu ruou manh cung thuoc ngu roi mo khoa gas tu tu.","Cảnh sát kết luận, người đẹp uống nhiều rượu mạnh cùng thuốc ngủ rồi mở khóa gas tự tử."
"De roi den mot ngay, tat ca vo le khi chinh Goretzka da lam ""dau"" chinh minh bang mot hanh dong tuong nhu khong lien quan.","Để rồi đến một ngày, tất cả vỡ lẽ khi chính Goretzka đã làm ""đau"" chính mình bằng một hành động tưởng như không liên quan."
Samsung thang vu kien tap the cua nguoi dung Galaxy Note 7 tai que nha.,Samsung thắng vụ kiện tập thể của người dùng Galaxy Note 7 tại quê nhà.
4 tau vi pham lenh trung phat voi Trieu Tien bi cam cang.,4 tàu vi phạm lệnh trừng phạt với Triều Tiên bị cấm cảng.
Dieu nay co the la do thuc an hoac nuoc bi o nhiem boi vi khuan hoac tre bi benh do virus.,Điều này có thể là do thức ăn hoặc nước bị ô nhiễm bởi vi khuẩn hoặc trẻ bị bệnh do virus.
Day la chiec xe o to dep nhat nam 2017?.,Đây là chiếc xe ô tô đẹp nhất năm 2017?.
Apple Watch cua ban cung cho ban biet neu no khong the phat hien iPhone cua ban o gan hoac neu no khong the thiet lap ket noi voi no.,Apple Watch của bạn cũng cho bạn biết nếu nó không thể phát hiện iPhone của bạn ở gần hoặc nếu nó không thể thiết lập kết nối với nó.
D&G;: Dang cap cua thuong hieu cao cap.,D&G;: Đẳng cấp của thương hiệu cao cấp.
Ba noi Tong thong Obama bi Al Qaeda de doa.,Bà nội Tổng thống Obama bị Al Qaeda đe dọa.
DBSCL: Phat huy moi lien ket kinh te vung.,ĐBSCL: Phát huy mối liên kết kinh tế vùng.
Chau gai tan doc bop co ba den chet roi dung hien truong gia.,Cháu gái tàn độc bóp cổ bà đến chết rồi dựng hiện trường giả.
Tren 36.000ha lua bi nhiem ray nau.,Trên 36.000ha lúa bị nhiễm rầy nâu.
Isaac ghen ti voi thi sinh nhi vi mat danh hieu 'soai ca'.,Isaac ghen tị với thí sinh nhí vì mất danh hiệu 'soái ca'.
Qua bon bon co tac dung gi?.,Quả bòn bon có tác dụng gì?.
"Ha Noi: ""Sau tieng no lon, nguoi dan ong di duong tu vong tai cho"".","Hà Nội: ""Sau tiếng nổ lớn, người đàn ông đi đường tử vong tại chỗ""."
clip hoa dot bien gen sau chieu xa no trong ong nghiem.,clip hoa đột biến gen sau chiếu xạ nở trong ống nghiệm.
"HLV Nguyen Duc Thang: ""Thua o phut 89 khong de chiu chut nao"".","HLV Nguyễn Đức Thắng: ""Thua ở phút 89 không dễ chịu chút nào""."
Thu mon Kim Thanh vao thay cho Khong Thi Hang.,Thủ môn Kim Thanh vào thay cho Khổng Thị Hằng.
Nhuc vi bi vo sep danh ghen.,Nhục vì bị vợ sếp đánh ghen.
Binh Thuan: Khach quoc te tai cac resort chiem hon 75% cong suat buong phong.,Bình Thuận: Khách quốc tế tại các resort chiếm hơn 75% công suất buồng phòng.
Vu an sat nhan bop co o Boston - My (Ky 2): Bat ngo thu toi.,Vụ án sát nhân bóp cổ ở Boston - Mỹ (Kỳ 2): Bất ngờ thú tội.
Vach mat 'thu pham' doc hon ca khoi thuoc la.,Vạch mặt 'thủ phạm' độc hơn cả khói thuốc lá.
Mon an bo duong tu bach qua.,Món ăn bổ dưỡng từ bạch quả.
"Lat xe container, hon 30 tan bot mi vang xuong duong.","Lật xe container, hơn 30 tấn bột mì văng xuống đường."
Tinh hinh buon lau dip giap Tet dien bien phuc tap.,Tình hình buôn lậu dịp giáp Tết diễn biến phức tạp.
"Ke tu khi phuong Tay ap lenh trung phat, Tong thong Nga Vladimir Putin da uu tien hop tac thuong mai voi BRICS, mot khoi gom Brazil, Nga, An Do, Trung Quoc va Nam Phi, nhu mot thi truong moi noi thay the cho phuong Tay.","Kể từ khi phương Tây áp lệnh trừng phạt, Tổng thống Nga Vladimir Putin đã ưu tiên hợp tác thương mại với BRICS, một khối gồm Brazil, Nga, Ấn Độ, Trung Quốc và Nam Phi, như một thị trường mới nổi thay thế cho phương Tây."
"Cung cach day 5 nam, dien tich trong dau tai Tan Van chi dat 140ha, nhung den nay da tang len hon 240ha, tro thanh cay trong mang lai gia tri kinh te cao cho nguoi dan dia phuong.","Cũng cách đây 5 năm, diện tích trồng dâu tại Tân Văn chỉ đạt 140ha, nhưng đến nay đã tăng lên hơn 240ha, trở thành cây trồng mang lại giá trị kinh tế cao cho người dân địa phương."
My An dieu da ben Huynh Anh don Tet cung 'Ve truong'.,Mỹ An điệu đà bên Huỳnh Anh đón Tết cùng 'Về trường'.
Kim Tuyen long lay xem thoi trang o Tay Ban Nha.,Kim Tuyến lộng lẫy xem thời trang ở Tây Ban Nha.
Ngay hoi Thanh nien voi van hoa giao thong nam 2017.,Ngày hội Thanh niên với văn hóa giao thông năm 2017.
Phai lay y duc lam hang dau.,Phải lấy y đức làm hàng đầu.
Muc tien luong lam can cu tinh tro cap thoi viec.,Mức tiền lương làm căn cứ tính trợ cấp thôi việc.
"Den nam 2030, Viet Nam tro thanh quoc gia co nganh du lich phat trien.","Đến năm 2030, Việt Nam trở thành quốc gia có ngành du lịch phát triển."
Thi sinh Tuyet Nhu noi ve tam quan trong cua sach trong cuoc song.,Thí sinh Tuyết Như nói về tầm quan trọng của sách trong cuộc sống.
"Tau hoa dam vao xe may, hai nguoi thuong vong.","Tàu hỏa đâm vào xe máy, hai người thương vong."
Nguoi than duy nhat o ben co trong ngay trong dai la em trai Connor.,Người thân duy nhất ở bên cô trong ngày trọng đại là em trai Connor.
Nguoi dan ong an cat suot 25 nam.,Người đàn ông ăn cát suốt 25 năm.
"Nen co giai ""Mam xoi vang"" cho cac clip quang cao.","Nên có giải ""Mâm xôi vàng"" cho các clip quảng cáo."
Hang tram cong nhan that kinh khi nghe tieng no.,Hàng trăm công nhân thất kinh khi nghe tiếng nổ.
Trung Quoc muon ngoai giao bang tau chien tai Bien Dong?.,Trung Quốc muốn ngoại giao bằng tàu chiến tại Biển Đông?.
"Tong ket TTCN Premiership: Dan trai hon, hieu qua hon.","Tổng kết TTCN Premiership: Dàn trải hơn, hiệu quả hơn."
Xo so mien Nam.,Xo so mien Nam.
"Nhat Ban, O-xtray-li-a quan ngai ve tinh hinh Bien Dong va bien Hoa Dong.","Nhật Bản, Ô-xtrây-li-a quan ngại về tình hình Biển Đông và biển Hoa Đông."
Bang hoang hang chuc ngoi mo bien mat.,Bàng hoàng hàng chục ngôi mộ biến mất.
138 ti dong xay dung tram bien ap Nha may luyen phoi thep Viet - Y.,138 tỉ đồng xây dựng trạm biến áp Nhà máy luyện phôi thép Việt - Ý.
"Sang ky ban giao san Lach Tray, chieu nghi huu.","Sáng ký bàn giao sân Lạch Tray, chiều nghỉ hưu."
Nhieu doanh nghiep tron dong kinh phi cong doan.,Nhiều doanh nghiệp trốn đóng kinh phí công đoàn.
Bao CATP ngay mai 6-7-2010.,Báo CATP ngày mai 6-7-2010.
"Vincent Liu, chuyen gia trong nganh va la Chu tich LCY Chemical cua Dai Loan, nha cung cap chinh cho cac hang san xuat chip toan cau, da giai thich ve cach tinh hinh tro nen phuc tap nhu the nao doi voi cac cong ty.","Vincent Liu, chuyên gia trong ngành và là Chủ tịch LCY Chemical của Đài Loan, nhà cung cấp chính cho các hãng sản xuất chip toàn cầu, đã giải thích về cách tình hình trở nên phức tạp như thế nào đối với các công ty."
Con cua 3 san phu 17 tuoi tu vong trong mot kip truc.,Con của 3 sản phụ 17 tuổi tử vong trong một kíp trực.
"Thu khoa hay ""nhay"".","Thủ khoa hay ""nhảy""."
Quoc hoi tham tra so bo du an Luat Dau tu.,Quốc hội thẩm tra sơ bộ dự án Luật Đầu tư.
"8 thanh nien ""xam tro"" doi no thue gap ""khac tinh"" 141.","8 thanh niên ""xăm trổ"" đòi nợ thuê gặp ""khắc tinh"" 141."
"""Mua giai moi troi qua bay vong nen chung toi chua nghi gi xa xoi ca"", HLV Kiatisuk noi sau tran dau o san Thong Nhat.","""Mùa giải mới trôi qua bảy vòng nên chúng tôi chưa nghĩ gì xa xôi cả"", HLV Kiatisuk nói sau trận đấu ở sân Thống Nhất."
Gia luat su lua dao nong dan.,Giả luật sư lừa đảo nông dân.
7 tinh huong va cham manh tren san bong.,7 tình huống va chạm mạnh trên sân bóng.
TP HCM: Thit nhap khau tang manh.,TP HCM: Thịt nhập khẩu tăng mạnh.
Dan WAGs Juventus dep lung linh trong dem trao Cup.,Dàn WAGs Juventus đẹp lung linh trong đêm trao Cúp.
"Dung bo phi vo, re rau cu qua quy gia.","Đừng bỏ phí vỏ, rễ rau củ quả quý giá."
Dan My hao hung chup anh voi tuong ty phu Trump khoa than dung giua pho.,Dân Mỹ hào hứng chụp ảnh với tượng tỷ phú Trump khỏa thân đứng giữa phố.
Bien doi khi hau: Thach thuc an ninh lon cua the gioi.,Biến đổi khí hậu: Thách thức an ninh lớn của thế giới.
Li Na phu nhan chuyen sa thai chong (Diem tin tennis chieu 13/4).,Li Na phủ nhận chuyện sa thải chồng (Điểm tin tennis chiều 13/4).
Khang dinh chu quyen qua tranh co dong.,Khẳng định chủ quyền qua tranh cổ động.
Diem chuan khoi nganh kinh te den 17 diem.,Điểm chuẩn khối ngành kinh tế đến 17 điểm.
"Truoc do, vao luc 22h30 ngay 20.6, tai thon Lang Vay (xa Tan Long, huyen Huong Hoa, tinh Quang Tri), Phong Canh sat dieu tra toi pham ve ma tuy Cong an tinh Quang Tri chu tri, phoi hop voi cac luc luong chuc nang bat giu doi tuong Xi Bun (19 tuoi, tru tai ban Pa Lo, huyen Nong, tinh Savannakhet, Lao) dang van chuyen trai phep chat ma tuy.","Trước đó, vào lúc 22h30 ngày 20.6, tại thôn Làng Vây (xã Tân Long, huyện Hướng Hóa, tỉnh Quảng Trị), Phòng Cảnh sát điều tra tội phạm về ma túy Công an tỉnh Quảng Trị chủ trì, phối hợp với các lực lượng chức năng bắt giữ đối tượng Xi Bun (19 tuổi, trú tại bản Pa Lọ, huyện Nòng, tỉnh Savannakhet, Lào) đang vận chuyển trái phép chất ma túy."
"Thieu nu bi doi tuong la ""yeu"" khi tam su cung trai.","Thiếu nữ bị đối tượng lạ ""yêu"" khi tâm sự cùng trai."
Xin mot dua con.,Xin một đứa con.
"To chuc Cong doan cung phai nang cao trach nhiem kiem tra, giam sat viec thuc thi Nghi dinh 38/CP va cac thong tu huong dan cua Bo LD-TB-XH.","Tổ chức Công đoàn cũng phải nâng cao trách nhiệm kiểm tra, giám sát việc thực thi Nghị định 38/CP và các thông tư hướng dẫn của Bộ LĐ-TB-XH."
Cong an xa bi dam trong thuong khi duoi trom.,Công an xã bị đâm trọng thương khi đuổi trộm.
Bo Tai chinh bac de xuat Viettel bao lanh vay no cho cong ty thua lo.,Bộ Tài chính bác đề xuất Viettel bảo lãnh vay nợ cho công ty thua lỗ.
Thi sinh lam ca hai phan thi rieng se khong duoc cham diem.,Thí sinh làm cả hai phần thi riêng sẽ không được chấm điểm.
Quang Tri: Bat giu 5 doi tuong buon ban ma tuy trai phep.,Quảng Trị: Bắt giữ 5 đối tượng buôn bán ma túy trái phép.
Hiep uoc giam khi thai CO2 o to gia han den 2015.,Hiệp ước giảm khí thải CO2 ô tô gia hạn đến 2015.
Phien ban xuat hien trong bai viet la Lexus NX 350h.,Phiên bản xuất hiện trong bài viết là Lexus NX 350h.
Trieu Tien co the khong dua khi doa thu hat nhan.,Triều Tiên có thể không đùa khi dọa thử hạt nhân.
Ho tro ngu dan dung cam cuu nguoi gap nan tren bien.,Hỗ trợ ngư dân dũng cảm cứu người gặp nạn trên biển.
"Suat dau tu ben vung Ben canh suc hap dan, nhan loi nhuan som tu chinh sach uu dai, Venezia Beach mang lai bai toan dau tu an toan, mien nhiem bien dong thi truong khi la do thi mat tien bien hiem hoi so huu lau dai.","Suất đầu tư bền vững Bên cạnh sức hấp dẫn, nhận lợi nhuận sớm từ chính sách ưu đãi, Venezia Beach mang lại bài toán đầu tư an toàn, miễn nhiễm biến động thị trường khi là đô thị mặt tiền biển hiếm hoi sở hữu lâu dài."
Startup BackBone kiem duoc 30.000 USD von tu cong dong.,Startup BackBone kiếm được 30.000 USD vốn từ cộng đồng.
Kinh te Viet Nam qua lang kinh bao nuoc ngoai.,Kinh tế Việt Nam qua lăng kính báo nước ngoài.
Bay den uoc mo - Ky 9: Co thu khoa yeu nganh quan ly nhan su.,Bay đến ước mơ - Kỳ 9: Cô thủ khoa yêu ngành quản lý nhân sự.
"BMW 2-series Convertible: Thiet ke thanh thoat, suc manh vuot troi.","BMW 2-series Convertible: Thiết kế thanh thoát, sức mạnh vượt trội."
Ghe do boi song dang duoc ban voi gia chi tu 200-230 nghin dong/kg.,Ghẹ đỏ bơi sống đang được bán với giá chỉ từ 200-230 nghìn đồng/kg.
Loi khuyen giup chon ba lo phu hop cho be.,Lời khuyên giúp chọn ba lô phù hợp cho bé.
Tau Phan Lan doi huong tranh va cham tau ngam Nga.,Tàu Phần Lan đổi hướng tránh va chạm tàu ngầm Nga.
Hamas va Fatah nhat tri thanh lap chinh phu thong nhat.,Hamas và Fatah nhất trí thành lập chính phủ thống nhất.
Nu dai gia Viet manh tay tang xe hop gan 4 ty cho nhan vien.,Nữ đại gia Việt mạnh tay tặng xế hộp gần 4 tỷ cho nhân viên.
"Bat cu ai hoi, toi deu tra loi dang dap xe gay quy tu thien va nhan duoc loi chuc may man.","Bất cứ ai hỏi, tôi đều trả lời đang đạp xe gây quỹ từ thiện và nhận được lời chúc may mắn."
Giong hat Viet nhi: Thanh Bui 'thu phuc' nhieu tai nang trong tap dau tien.,Giọng hát Việt nhí: Thanh Bùi 'thu phục' nhiều tài năng trong tập đầu tiên.
Cua hang keo mut.,Cửa hàng kẹo mút.
Chi tiet luoi bao go sieu viet nhat the gioi.,Chi tiết lưỡi bào gỗ siêu việt nhất thế giới.
"""Thuoc"" chua ""benh"" qua tai ?.","""Thuốc"" chữa ""bệnh"" quá tải ?."
Lac mat nguoi than trong le hoi dong nhat the gioi.,Lạc mất người thân trong lễ hội đông nhất thế giới.
Messi doat Chiec giay vang chau Au.,Messi đoạt Chiếc giày vàng châu Âu.
Tong hop tran dau: Watford 0-0 Chelsea.,Tổng hợp trận đấu: Watford 0-0 Chelsea.
On dinh kinh te vi mo; dam bao cac can doi lon.,Ổn định kinh tế vĩ mô; đảm bảo các cân đối lớn.
"Cho thue vu khi tho so, cong cu ho tro trai phep.","Chở thuê vũ khí thô sơ, công cụ hỗ trợ trái phép."
Phong cach thoi trang 1930 tro lai voi nguoi My.,Phong cách thời trang 1930 trở lại với người Mỹ.
Nhung con so thong ke da noi len tat ca.,Những con số thống kê đã nói lên tất cả.
TMV 'chua khoi' benh phu khoa bang tinh dau Trung Quoc?.,TMV 'chữa khỏi' bệnh phụ khoa bằng tinh dầu Trung Quốc?.
HLV Mourinho van kien nhan voi Torres.,HLV Mourinho vẫn kiên nhẫn với Torres.
"Thoi gian cong tac duoc tinh huong ho tro thoi viec bao gom toan bo thoi gian cong tac lien tuc trong to chuc cong an xa, thi tran.Truong hop thoi gian cong tac lien tuc ma co le thang thi duoc tinh tron theo nguyen tac duoi 3 thang thi khong tinh; tu du 3 thang den du 6 thang tinh 1/2 nam; tu tren 6 thang den duoi 12 thang tinh tron 1 nam.","Thời gian công tác được tính hưởng hỗ trợ thôi việc bao gồm toàn bộ thời gian công tác liên tục trong tổ chức công an xã, thị trấn.Trường hợp thời gian công tác liên tục mà có lẻ tháng thì được tính tròn theo nguyên tắc dưới 3 tháng thì không tính; từ đủ 3 tháng đến đủ 6 tháng tính 1/2 năm; từ trên 6 tháng đến dưới 12 tháng tính tròn 1 năm."
Fan cuong Messi boi ca cay so de gap than tuong.,Fan cuồng Messi bơi cả cây số để gặp thần tượng.
"Theo Sina, xet ve phap luat, Ly Tu That o phia bat loi khi co khong phai la co dong cua Vo Niem, noi khai thac nhung san pham lien quan toi thuong hieu ""Ly Tu That"". Tuy nhien, du co la ""Ly Tu That"" hay khong, suc anh huong cua co van khong suy giam.","Theo Sina, xét về pháp luật, Lý Tử Thất ở phía bất lợi khi cô không phải là cổ đông của Vô Niệm, nơi khai thác những sản phẩm liên quan tới thương hiệu ""Lý Tử Thất"". Tuy nhiên, dù có là ""Lý Tử Thất"" hay không, sức ảnh hưởng của cô vẫn không suy giảm."
"- Cuoi cung, Benh vien Cho Ray de nghi can thong nhat du lieu ve thanh toan bao hiem y te cac chi phi thuoc, vat tu tieu hao voi co quan bao hiem xa hoi.","- Cuối cùng, Bệnh viện Chợ Rẫy đề nghị cần thống nhất dữ liệu về thanh toán bảo hiểm y tế các chi phí thuốc, vật tư tiêu hao với cơ quan bảo hiểm xã hội."
Phat hien xac phu nu trong nha ke nem luu dan o Bi.,Phát hiện xác phụ nữ trong nhà kẻ ném lựu đạn ở Bỉ.
Tai nan giao thong moi nhat 24h qua ngay 17/8/2017.,Tai nạn giao thông mới nhất 24h qua ngày 17/8/2017.
"Ky la: Nguoc dong cang thang Ukraine, tien van chay vao Nga am am.","Kỳ lạ: Ngược dòng căng thẳng Ukraine, tiền vẫn chảy vào Nga ầm ầm."
"Luon tay nhat oc, ong Nguyen Van Hung (xa Tam Hai) cho biet, truoc day oc co it gia tri ve kinh te nen luc ranh roi nguoi dan thuong ru nhau vao rung bat oc quan ve che bien mon an.","Luôn tay nhặt ốc, ông Nguyễn Văn Hùng (xã Tam Hải) cho biết, trước đây ốc có ít giá trị về kinh tế nên lúc rảnh rỗi người dân thường rủ nhau vào rừng bắt ốc quắn về chế biến món ăn."
He thong quan trac theo thoi gian thuc mot so chi tieu ky thuat co ban cho cau day vang.,Hệ thống quan trắc theo thời gian thực một số chỉ tiêu kỹ thuật cơ bản cho cầu dây văng.
Quang Ngai: 5 ti dong ho tro ngu dan bi nan tren bien.,Quảng Ngãi: 5 tỉ đồng hỗ trợ ngư dân bị nạn trên biển.
"Kiem soat chat che chi phi dau vao, thuc hien tiet kiem de on dinh gia ca.","Kiểm soát chặt chẽ chi phí đầu vào, thực hiện tiết kiệm để ổn định giá cả."
Khai mac Hoi nghi quoc te lan 4 ve tai thiet Haiti.,Khai mạc Hội nghị quốc tế lần 4 về tái thiết Haiti.
Bao cat bui mu troi o Trung Quoc.,Bão cát bụi mù trời ở Trung Quốc.
VEC khuyen cao nguoi dan kiem tra ky cac tai khoan hien co de luu thong thuan tien hon.,VEC khuyến cáo người dân kiểm tra kỹ các tài khoản hiện có để lưu thông thuận tiện hơn.
"Cu the, tong loi nhuan truoc thue 6 thang dau nam cua nhom nay dat gan 79.000 ty dong, trong khi do cung ky nam ngoai cac ngan hang chi mang ve khoang 57.800 ty dong.","Cụ thể, tổng lợi nhuận trước thuế 6 tháng đầu năm của nhóm này đạt gần 79.000 tỷ đồng, trong khi đó cùng kỳ năm ngoái các ngân hàng chỉ mang về khoảng 57.800 tỷ đồng."
"Co the noi day la buoc ngoat trong su nghiep cua toi cung nhu trong cuoc doi cau thu noi chung"", hau ve Phan Tuan Tai tra loi phong van trong buoi tap chieu 3/7.","Có thể nói đây là bước ngoặt trong sự nghiệp của tôi cũng như trong cuộc đời cầu thủ nói chung"", hậu vệ Phan Tuấn Tài trả lời phỏng vấn trong buổi tập chiều 3/7."
Khong nhe tay voi mang xa hoi lam bang hoai thuan phong my tuc.,Không nhẹ tay với mạng xã hội làm băng hoại thuần phong mỹ tục.
Nganh Hai quan: Giai phap go vuong kiem tra hang hoa chuyen nganh.,Ngành Hải quan: Giải pháp gỡ vướng kiểm tra hàng hóa chuyên ngành.
He lo smartphone Bavapen 5 inches.,Hé lộ smartphone Bavapen 5 inches.
Quy 1-2011: Kinh te Thu do dat toc do tang truong kha.,Quý 1-2011: Kinh tế Thủ đô đạt tốc độ tăng trưởng khá.
Serena do loi chan thuong sau that bai soc.,Serena đổ lỗi chấn thương sau thất bại sốc.
"Tuan qua, Dai su Cuba tai Viet Nam Le Thanh Tung da co chuyen cong tac toi tinh Pinar del Rio, nam tai cuc Tay cua Cuba nham khai mo them cac tiem nang hop tac; Dai su Viet Nam tai Ha Lan Pham Viet Anh tham va lam viec voi Holland Circular Hotspot (HCH), chia se kien thuc, kinh nghiem thuc hien kinh te tuan hoan; Dai su Viet Nam tai Australia Nguyen Tat Thanh tham chinh thuc bang Tay Australia nham tang cuong gan ket va mo rong co hoi hop tac toan dien; Dai su Phan Chi Thanh tham du va phat bieu tai su kien gap go doan doanh nghiep Thai Lan chuan bi vao Viet Nam Ngay 25/7, tai Ha Noi, Thu truong Bo Ngoai giao Ha Kim Ngoc da tiep Tien si Rebecca Sta Maria, Giam doc dieu hanh Ban Thu ky APEC nhan dip ba Sta Maria tham du Cuoc hop lan thu ba Hoi dong tu van kinh doanh APEC (ABAC) tai Ha Long tu ngay 26-29/7.","Tuần qua, Đại sứ Cuba tại Việt Nam Lê Thanh Tùng đã có chuyến công tác tới tỉnh Pinar del Río, nằm tại cực Tây của Cuba nhằm khai mở thêm các tiềm năng hợp tác; Đại sứ Việt Nam tại Hà Lan Phạm Việt Anh thăm và làm việc với Holland Circular Hotspot (HCH), chia sẻ kiến thức, kinh nghiệm thực hiện kinh tế tuần hoàn; Đại sứ Việt Nam tại Australia Nguyễn Tất Thành thăm chính thức bang Tây Australia nhằm tăng cường gắn kết và mở rộng cơ hội hợp tác toàn diện; Đại sứ Phan Chí Thành tham dự và phát biểu tại sự kiện gặp gỡ đoàn doanh nghiệp Thái Lan chuẩn bị vào Việt Nam Ngày 25/7, tại Hà Nội, Thứ trưởng Bộ Ngoại giao Hà Kim Ngọc đã tiếp Tiến sĩ Rebecca Sta Maria, Giám đốc điều hành Ban Thư ký APEC nhân dịp bà Sta Maria tham dự Cuộc họp lần thứ ba Hội đồng tư vấn kinh doanh APEC (ABAC) tại Hạ Long từ ngày 26-29/7."
Nhieu khach hang gap cung gap trai nghiem khong vui voi ve xe dien tu nhu gia dinh anh Ky.,Nhiều khách hàng gặp cũng gặp trải nghiệm không vui với vé xe điện tử như gia đình anh Kỳ.
Amcham ky niem 20 nam quan he ngoai giao Viet Nam Hoa Ky.,Amcham kỷ niệm 20 năm quan hệ ngoại giao Việt Nam Hoa Kỳ.
"Den 20 gio ngay 22-7, Tau 466 da tiep can tau BUFFALO, tiep nhan 5 ngu dan va dua ve Cam Ranh.","Đến 20 giờ ngày 22-7, Tàu 466 đã tiếp cận tàu BUFFALO, tiếp nhận 5 ngư dân và đưa về Cam Ranh."
"Cach day 4 ngay, minh phat hien ban ay no tien mot ban dau do hon 5 trieu va bi phot.","Cách đây 4 ngày, mình phát hiện bạn ấy nợ tiền một bạn đâu đó hơn 5 triệu và bị phốt."
Disney Live - Le hoi am nhac cua Mickey lan dau tien den Viet Nam.,Disney Live - Lễ hội âm nhạc của Mickey lần đầu tiên đến Việt Nam.
Den dao Co To de biet Viet Nam dep nhu the nao!.,Đến đảo Cô Tô để biết Việt Nam đẹp như thế nào!.
Chi lo noi be bang khi khong the tu dinh gia duoc hat chinh minh lam ra.,Chỉ lo nỗi bẽ bàng khi không thể tự định giá được hạt chính mình làm ra.
"Bat chap tran ap, bao luc o Tan Cuong van cang thang.","Bất chấp trấn áp, bạo lực ở Tân Cương vẫn căng thẳng."
Jose Mourinho tiet lo ly do ban Romelu Lukaku.,Jose Mourinho tiết lộ lý do bán Romelu Lukaku.
Hoang tu William choi ngong.,Hoàng tử William chơi ngông.
TT- Hue: Vu truong Camellia tai hoat dong khong phep.,TT- Huế: Vũ trường Camellia tái hoạt động không phép.
"Xay du lieu ve phong xa trong luong thuc, thuc pham o vung bien giap voi nha may DHN cua Trung Quoc.","Xây dữ liệu về phóng xạ trong lương thực, thực phẩm ở vùng biên giáp với nhà máy ĐHN của Trung Quốc."
Hon 30.000 nguoi dan Trung Quoc so tan truoc bao Mujigae.,Hơn 30.000 người dân Trung Quốc sơ tán trước bão Mujigae.
Hinh anh an mac phan cam voi chiec ao dai truyen thong xuat hien day dac tren internet.,Hình ảnh ăn mặc phản cảm với chiếc áo dài truyền thống xuất hiện dày đặc trên internet.
"""Khong o dau xai tien ngan sach tuy tien nhu nuoc minh!"".","""Không ở đâu xài tiền ngân sách tùy tiện như nước mình!""."
"Trong hon 10 nam qua, Ha Noi da danh nhieu nguon luc lon dau tu phat trien ket cau ha tang giao thong, dac biet la cac tuyen duong vanh dai, duong huong tam va duong truc chinh do thi.","Trong hơn 10 năm qua, Hà Nội đã dành nhiều nguồn lực lớn đầu tư phát triển kết cấu hạ tầng giao thông, đặc biệt là các tuyến đường vành đai, đường hướng tâm và đường trục chính đô thị."
Giao dich trai phieu tang dot bien.,Giao dịch trái phiếu tăng đột biến.
Khi co quan chuc nang bat hop tac.,Khi cơ quan chức năng bất hợp tác.
Noi cac moi Thai Lan khong co ao do.,Nội các mới Thái Lan không có áo đỏ.
Tham my vien tri nam khong hieu qua do dau?.,Thẩm mỹ viện trị nám không hiệu quả do đâu?.
Tay Ban Nha thong qua Hiep dinh ve con nuoi voi VN.,Tây Ban Nha thông qua Hiệp định về con nuôi với VN.
"Ro tin don ""nuoc suoi than"" chua bach benh o Trung Quoc.","Rộ tin đồn ""nước suối thần"" chữa bách bệnh ở Trung Quốc."
Rooney khich le dong doi tap luyen de danh bai Man City.,Rooney khích lệ đồng đội tập luyện để đánh bại Man City.
"Tac dong cua Luat dau tu sua doi va chinh sach thue toi thu hut FDI"".","Tác động của Luật đầu tư sửa đổi và chính sách thuế tới thu hút FDI""."
"Cai gi da day giao vien, hoc sinh lao nhu thieu than vao vong xoay Violympic?.","Cái gì đã đẩy giáo viên, học sinh lao như thiêu thân vào vòng xoáy Violympic?."
Quang Ninh: Bat giu so luong lon phao va cong cu ho tro nhap lau.,Quảng Ninh: Bắt giữ số lượng lớn pháo và công cụ hỗ trợ nhập lậu.
Cai gia cua uoc mo.,Cái giá của ước mơ.
Roi may bay o Dai Loan: Nhieu thi the khong con nguyen ven.,Rơi máy bay ở Đài Loan: Nhiều thi thể không còn nguyên vẹn.
Ha Noi: Cac sieu thi da san sang cho ngay Vang khuyen mai.,Hà Nội: Các siêu thị đã sẵn sàng cho ngày Vàng khuyến mại.
Ky vong dau tau kinh te Dong Nam Bo.,Kỳ vọng đầu tàu kinh tế Đông Nam Bộ.
10 vu am sat lam thay doi the gioi (phan 2).,10 vụ ám sát làm thay đổi thế giới (phần 2).
MB danh 20.000 ty dong cho doanh nghiep vua va nho.,MB dành 20.000 tỷ đồng cho doanh nghiệp vừa và nhỏ.
Xin hoi cac truong hop bat den khan cap nhu vay co bi phat va neu co muc phat cu the nhu the nao.,Xin hỏi các trường hợp bật đèn khẩn cấp như vậy có bị phạt và nếu có mức phạt cụ thể như thế nào.
Nguon: https://arttimes.vn/gia-dinh/cay-hong-mon-hop-menh-tuoi-nao-y-nghia-phong-thuy-trong-do...Nguon: https://arttimes.vn/gia-dinh/cay-hong-mon-hop-menh-tuoi-nao-y-nghia-phong-thuy-trong-doi-song-c59a8142.html,Nguồn: https://arttimes.vn/gia-dinh/cay-hong-mon-hop-menh-tuoi-nao-y-nghia-phong-thuy-trong-do...Nguồn: https://arttimes.vn/gia-dinh/cay-hong-mon-hop-menh-tuoi-nao-y-nghia-phong-thuy-trong-doi-song-c59a8142.html
Anh Duong,Ánh Dương
Them dot khong khi lanh.,Thêm đợt không khí lạnh.
Bao Thy khong so scandal.,Bảo Thy không sợ scandal.
"Sau on ao, hien co dang song mot minh cung cac con va tap trung phat trien su nghiep.","Sau ồn ào, hiện cô đang sống một mình cùng các con và tập trung phát triển sự nghiệp."
Thu mon Bui Tien Dung nhan sai va hua sua loi trong vu bao gia quang cao.,Thủ môn Bùi Tiến Dũng nhận sai và hứa sửa lỗi trong vụ báo giá quảng cáo.
Xay dung thuong hieu hat gao Viet.,Xây dựng thương hiệu hạt gạo Việt.
"Quan bach, ban than de tra no.","Quẫn bách, bán thận để trả nợ."
Nghe sy nhiep anh Tam Thai noi ve vu dao sach Lich su nhiep anh the gioi.,Nghệ sỹ nhiếp ảnh Tam Thái nói về vụ đạo sách Lịch sử nhiếp ảnh thế giới.
Cong nhan mac xarong.,Công nhân mặc xàrông.
"Trong khi do, ba Vu Thi Hien hien dung thu 10 trong danh sach nay voi khoi tai san tri gia 9.900 ty dong, tang 320 ty dong so voi tuan truoc.","Trong khi đó, bà Vũ Thị Hiền hiện đứng thứ 10 trong danh sách này với khối tài sản trị giá 9.900 tỷ đồng, tăng 320 tỷ đồng so với tuần trước."
Lien hoan Cong chieng thanh thieu nien tinh Kon Tum.,Liên hoan Cồng chiêng thanh thiếu niên tỉnh Kon Tum.
Cu da phat sieu toi cua Messi tai Copa America.,Cú đá phạt siêu tồi của Messi tại Copa America.
Diem mat 8 doi bong gianh ve vao tu ket Olympic Rio 2016.,Điểm mặt 8 đội bóng giành vé vào tứ kết Olympic Rio 2016.
"""Hanh xac"" vi vai dien kieu... Hollywood.","""Hành xác"" vì vai diễn kiểu... Hollywood."
"Tran Lap, Le Vu Binh tham gia le ra mat doi bong da Ngoi sao VN.","Trần Lập, Lê Vũ Bình tham gia lễ ra mắt đội bóng đá Ngôi sao VN."
Hinh anh buoi ra mat iPhone 3G.,Hình ảnh buổi ra mắt iPhone 3G.
"Rieng dau mazut giam 550 dong/lit, con 20.350 dong.","Riêng dầu mazut giảm 550 đồng/lít, còn 20.350 đồng."
4 mau MotoGP vua den Viet Nam.,4 mẫu MotoGP vừa đến Việt Nam.
Vu cong an dung nhuc hinh o Phu Yen: Cha bi cao Thanh keu oan.,Vụ công an dùng nhục hình ở Phú Yên: Cha bị cáo Thành kêu oan.
"Dai bieu Tran Du Lich: Tinh dong bo, su phoi hop giua cac bo nganh con thieu.","Đại biểu Trần Du Lịch: Tính đồng bộ, sự phối hợp giữa các bộ ngành còn thiếu."
Dam cuoi xa hoa cua... cho.,Đám cưới xa hoa của... chó.
Bac si co the len ke hoach giam can tu tu cung voi viec thay doi che do an uong.,Bác sĩ có thể lên kế hoạch giảm cân từ từ cùng với việc thay đổi chế độ ăn uống.
Mix 12 bo trang phuc trong 2 phut.,Mix 12 bộ trang phục trong 2 phút.
Ban hanh Quy che Quan ly giao dich TPCP tai TTGDCK Ha Noi.,Ban hành Quy chế Quản lý giao dịch TPCP tại TTGDCK Hà Nội.
Ba uu diem tuyet voi cua xe tu lai.,Ba ưu điểm tuyệt vời của xe tự lái.
"Cac ""dai gia"" thanh Luan Don ghim chan nhau.","Các ""đại gia"" thành Luân Đôn ghìm chân nhau."
Tin van 2.5.2010.,Tin vắn 2.5.2010.
"Tu Nhuoc Tuyen va Phung Duc Luan, tai sao khong?.","Từ Nhược Tuyên và Phùng Đức Luân, tại sao không?."
"Theo Van phong Suc khoe Phu nu My, do dai trung binh cua mot chu ky kinh nguyet se la 28 ngay hoac keo dai tu giua 21-38 ngay.","Theo Văn phòng Sức khỏe Phụ nữ Mỹ, độ dài trung bình của một chu kỳ kinh nguyệt sẽ là 28 ngày hoặc kéo dài từ giữa 21-38 ngày."
"Hoang Thuy Linh dien trang phuc lo noi y, dep hut hon di su kien.","Hoàng Thùy Linh diện trang phục lộ nội y, đẹp hút hồn đi sự kiện."
Tinh canh hien nay cua cac doanh nghiep nganh thep hoan toan trai nguoc voi giai doan quy II/2021 khi the gioi chung kien tinh trang dut gay chuoi cung ung va nhu cau manh tao dieu kien cho gia thep bay cao.,Tình cảnh hiện nay của các doanh nghiệp ngành thép hoàn toàn trái ngược với giai đoạn quý II/2021 khi thế giới chứng kiến tình trạng đứt gãy chuỗi cung ứng và nhu cầu mạnh tạo điều kiện cho giá thép bay cao.
"Tap doan Cat Tuong Group va Cat Tuong Park House dat muc tieu noi dai su menh kien tao bat dong san nhan van - ben vung, mang den suc song moi, an lanh va thinh vuong cho cu dan va cac nha dau tu trong tuong lai.","Tập đoàn Cát Tường Group và Cát Tường Park House đặt mục tiêu nối dài sứ mệnh kiến tạo bất động sản nhân văn - bền vững, mang đến sức sống mới, an lành và thịnh vượng cho cư dân và các nhà đầu tư trong tương lai."
Ca sau khong lo tung song o My.,Cá sấu khổng lồ từng sống ở Mỹ.
Trao doi thuong mai Viet Nam-Brazil tang manh.,Trao đổi thương mại Việt Nam-Brazil tăng mạnh.
3 cuoc doi dau ca nhan dang xem nhat luot tran Champions League dem 01/10.,3 cuộc đối đầu cá nhân đáng xem nhất lượt trận Champions League đêm 01/10.
"Thuy Tien toi thay minh dep, may man va....","Thủy Tiên tôi thấy mình đẹp, may mắn và...."
Dinh chi co so san xuat bot ot co chat gay ung thu.,Đình chỉ cơ sở sản xuất bột ớt có chất gây ung thư.
Dua cau Yen Hoanh vao khai thac.,Đưa cầu Yên Hoành vào khai thác.
An hat nho tot khong?.,Ăn hạt nho tốt không?.
Chinh thuc hoi mua Lisandro Martinez.,Chính thức hỏi mua Lisandro Martinez.
"Dong dat 7,0 do Richter o Vanuatu, chua co bao cao thuong vong.","Động đất 7,0 độ Richter ở Vanuatu, chưa có báo cáo thương vong."
Bau cu Myanmar: Dang Lien doan Quoc gia vi dan chu than trong don nhan chien thang.,Bầu cử Myanmar: Đảng Liên đoàn Quốc gia vì dân chủ thận trọng đón nhận chiến thắng.
"U19 Lao: Xayyasone, Sangvilay, Siphongphan, Khounthoumphone, Keohanam, Seesavath, Phanthavong, Somthongkham, Thonghamsavath, Phommavong, Phouthavong.","U19 Lào: Xayyasone, Sangvilay, Siphongphan, Khounthoumphone, Keohanam, Seesavath, Phanthavong, Somthongkham, Thonghamsavath, Phommavong, Phouthavong."
4 cach giu dang hieu qua cua sieu mau..,4 cách giữ dáng hiệu quả của siêu mẫu..
Kich cau tieu dung tai thi truong noi dia: Giai phap toi uu.,Kích cầu tiêu dùng tại thị trường nội địa: Giải pháp tối ưu.
Phat hien 'chieu tro' moi cua doanh nghiep sua.,Phát hiện 'chiêu trò' mới của doanh nghiệp sữa.
Nghe An: Ngu dan trung 'doc dac' dau nam moi.,Nghệ An: Ngư dân trúng 'độc đắc' đầu năm mới.
Cong tac ly luan phai lam ro thoi co va thach thuc dat ra voi cach mang.,Công tác lý luận phải làm rõ thời cơ và thách thức đặt ra với cách mạng.
Anh ngoi sao 24h: Messi be tren tay 2 thien than nho cua gia dinh.,Ảnh ngôi sao 24h: Messi bế trên tay 2 thiên thần nhỏ của gia đình.
Xe moto va cham xe oto lam 2 nguoi chet.,Xe môtô va chạm xe ôtô làm 2 người chết.
"Sau mot hoi tim kiem, bao ve phat hien ba Q.","Sau một hồi tìm kiếm, bảo vệ phát hiện bà Q."
Vua hoa Dong Nam A yen nghi tai Da Lat.,Vua hoa Đông Nam Á yên nghỉ tại Đà Lạt.
Duong day toi pham goi dien tu Trung Quoc de lua dao.,Đường dây tội phạm gọi điện từ Trung Quốc để lừa đảo.
Theo quan chuc: Nhung mu do khong phai mu bao hiem - ai chiu trach nhiem?.,Theo quan chức: Những mũ đó không phải mũ bảo hiểm - ai chịu trách nhiệm?.
"Eden, Descendants of Instinct duoc chieu tren kenh IHQ va nen tang OTT tu ngay 14/6.","Eden, Descendants of Instinct được chiếu trên kênh IHQ và nền tảng OTT từ ngày 14/6."
"Chau la nguoi giu vung phong do on dinh, tron tria trong tung phan the hien nhung dieu ma moi nguoi can nhin thay la mot Ngoc Chau hoan toan khac biet o san choi Hoan vu, mot trong nhung dau truong sac dep khoc liet nhat.","Châu là người giữ vững phong độ ổn định, tròn trịa trong từng phần thể hiện nhưng điều mà mọi người cần nhìn thấy là một Ngọc Châu hoàn toàn khác biệt ở sân chơi Hoàn vũ, một trong những đấu trường sắc đẹp khốc liệt nhất."
Loai hoa cuc nguy hiem trong tran lan o Viet Nam.,Loài hoa cực nguy hiểm trồng tràn lan ở Việt Nam.
Them mot cau thu bi VFF phat nang vi dam toet moi doi thu.,Thêm một cầu thủ bị VFF phạt nặng vì đấm toét môi đối thủ.
Chung ta cung se tinh tao hon.,Chúng ta cũng sẽ tỉnh táo hơn.
Truy tim nhung goc sua do khung nhat Ha Noi.,Truy tìm những gốc sưa đỏ khủng nhất Hà Nội.
Choi Jin Sil va bai hoc ve quan ly nguy co.,Choi Jin Sil và bài học về quản lý nguy cơ.
"[YAN Chat] Thanh Bui - Thu Minh se ""khai"" tat tan tat tai YAN Chat.","[YAN Chat] Thanh Bùi - Thu Minh sẽ ""khai"" tất tần tật tại YAN Chat."
ve nha cua minh o Can Tho.,về nhà của mình ở Cần Thơ.
Nhieu dai hoc tu van tuyen sinh qua chat.,Nhiều đại học tư vấn tuyển sinh qua chat.
Tong ket hoat dong lai xe an toan cua Honda Viet Nam nam 2015..,Tổng kết hoạt động lái xe an toàn của Honda Việt Nam năm 2015..
"Cath Kidston la thuong hieu tui xach, phu kien, do tre em va do dung gia dinh voi thiet ke doc dao.","Cath Kidston là thương hiệu túi xách, phụ kiện, đồ trẻ em và đồ dùng gia đình với thiết kế độc đáo."
Nghe sao mach nuoc giu gin suc khoe.,Nghe sao mách nước giữ gìn sức khỏe.
"Day manh kiem toan o nhung linh vuc ""nhay cam"".","Đẩy mạnh kiểm toán ở những lĩnh vực ""nhạy cảm""."
Nam thanh nien roi tu tang 11 xuong dat nghi phe ma tuy.,Nam thanh niên rơi từ tầng 11 xuống đất nghi phê ma túy.
Co cau GDP va nhung van de dat ra.,Cơ cấu GDP và những vấn đề đặt ra.
"Mat khac, tien trinh chuyen doi so cua nuoc ta dang dien ra moi mat doi song, nhat la trong toa nha nha may, ha tang cong trinh trong diem nhung tien do tuong doi cham so voi the gioi.","Mặt khác, tiến trình chuyển đổi số của nước ta đang diễn ra mọi mặt đời sống, nhất là trong tòa nhà nhà máy, hạ tầng công trình trọng điểm nhưng tiến độ tương đối chậm so với thế giới."
"Chi phi thue nha het 2 trieu dong/thang, voi 2 con nho phai gui truong tu tong chi phi khoang 6 trieu dong, neu gui con hoc truong cong se re hon, nhung truong khong nhan trong thu 7 khi bo me van di lam.","Chi phí thuê nhà hết 2 triệu đồng/tháng, với 2 con nhỏ phải gửi trường tư tổng chi phí khoảng 6 triệu đồng, nếu gửi con học trường công sẽ rẻ hơn, nhưng trường không nhận trông thứ 7 khi bố mẹ vẫn đi làm."
"Nhung con so ""lanh nguoi"" sau ky nghi tet.","Những con số ""lạnh người"" sau kỳ nghỉ tết."
Su tai sinh cua vong hon thu han dien ra the nao?.,Sự tái sinh của vong hồn thù hận diễn ra thế nào?.
Truy na dac biet nguyen thuong uy cong an lua dao.,Truy nã đặc biệt nguyên thượng úy công an lừa đảo.
Sieu mau Ngoc Quyen ve nuoc de tham gia phim 'Me chong'.,Siêu mẫu Ngọc Quyên về nước để tham gia phim 'Mẹ chồng'.
"A hau 1 Hoa hau Sieu quoc gia Viet Nam 2018 noi them, co chua bao gio hoi han.","Á hậu 1 Hoa hậu Siêu quốc gia Việt Nam 2018 nói thêm, cô chưa bao giờ hối hận."
Linh thieng ngay gio To.,Linh thiêng ngày giỗ Tổ.
"Mat kha nang thanh toan, Quy tin dung nhan dan Tho Loc bi kiem soat dac biet.","Mất khả năng thanh toán, Quỹ tín dụng nhân dân Thọ Lộc bị kiểm soát đặc biệt."
Nhung buc anh chung minh Yoona la 'nu than khong tuoi'.,Những bức ảnh chứng minh Yoona là 'nữ thần không tuổi'.
Su tho o chet nguoi.,Sự thờ ơ chết người.
Bo Khoa hoc va Cong nghe trao cac quyet dinh bo nhiem nhan su moi.,Bộ Khoa học và Công nghệ trao các quyết định bổ nhiệm nhân sự mới.
Can han che rui ro trong quy dinh the chap nha o.,Cần hạn chế rủi ro trong quy định thế chấp nhà ở.
"Roi Cach mang Cong nghiep no ra, xac uop Ai Cap khong con duoc dung trong cac bua tiec nua.","Rồi Cách mạng Công nghiệp nổ ra, xác ướp Ai Cập không còn được dùng trong các bữa tiệc nữa."
ACB se niem yet bo sung gan 170 trieu co phieu.,ACB sẽ niêm yết bổ sung gần 170 triệu cổ phiếu.
"Accent cung xuat sac vuot len la mau sedan co B co doanh so tot nhat phan khuc nam 2021 voi 19.956 xe ban ra, gop phan vao tong doanh so 70.518 xe ban ra cua thuong hieu Hyundai trong nam.","Accent cũng xuất sắc vượt lên là mẫu sedan cỡ B có doanh số tốt nhất phân khúc năm 2021 với 19.956 xe bán ra, góp phần vào tổng doanh số 70.518 xe bán ra của thương hiệu Hyundai trong năm."
2015 la nam dac biet trong quan he Hoa Ky - Viet Nam.,2015 là năm đặc biệt trong quan hệ Hoa Kỳ - Việt Nam.
"Hoc sinh truong Amsterdam doat giai nhat ""Qua ong kinh tre tho"".","Học sinh trường Amsterdam đoạt giải nhất ""Qua ống kính trẻ thơ""."
Together.,Together.
"Tuy nhien, ho chi di duoc 40-50% du kien ban dau.","Tuy nhiên, họ chỉ đi được 40-50% dự kiến ban đầu."
Doanh nghiep can nhieu lao dong pho thong.,Doanh nghiệp cần nhiều lao động phổ thông.
Dien mung ky niem 20 nam ngay thiet lap quan he ngoai giao Viet Nam - Belarus.,Điện mừng kỷ niệm 20 năm ngày thiết lập quan hệ ngoại giao Việt Nam - Belarus.
"Gia nguon cung bien dong, cung voi viec doi song nhan vien bi anh huong do gia ca thi truong tang, buoc tiem cua anh phai tang gia dich vu, va dieu nay khien khong it khach hang phan nan.","Giá nguồn cung biến động, cùng với việc đời sống nhân viên bị ảnh hưởng do giá cả thị trường tăng, buộc tiệm của anh phải tăng giá dịch vụ, và điều này khiến không ít khách hàng phàn nàn."
"Cung voi Nokia 5710 XpressAudio, HMD cung da cong bo hai dien thoai pho thong khac la Nokia 8210 4G (dua tren Nokia 8210 co dien duoc phat hanh vao nam 1999) dang thanh keo va dien thoai nap gap Nokia 2660 Flip.","Cùng với Nokia 5710 XpressAudio, HMD cũng đã công bố hai điện thoại phổ thông khác là Nokia 8210 4G (dựa trên Nokia 8210 cổ điển được phát hành vào năm 1999) dạng thanh kẹo và điện thoại nắp gập Nokia 2660 Flip."
Anh lai don em ve.,Anh lại đón em về.
"Tai dien vo vu kich ""Kep hat de"".","Tái diễn vở vũ kịch ""Kẹp hạt dẻ""."
Phap xac dinh cai gia phai tra khi khong ban giao tau Mistral.,Pháp xác định cái giá phải trả khi không bàn giao tàu Mistral.
"28 tuoi va bat dau lai tat ca moi thu noi xu nguoi, Thang Duy khong vi vay ma that chi hay oan than.","28 tuổi và bắt đầu lại tất cả mọi thứ nơi xứ người, Thang Duy không vì vậy mà thất chí hay oán than."
"Chong minh lam tu van bat dong san, phai chay lien tuc giua cac dia diem nen gia xang tang khien kinh te gia dinh bi anh huong ro ret.","Chồng mình làm tư vấn bất động sản, phải chạy liên tục giữa các địa điểm nên giá xăng tăng khiến kinh tế gia đình bị ảnh hưởng rõ rệt."
Truong Ba Chi dinh scandal anh nong.,Trương Bá Chi dính scandal ảnh nóng.
"Trong chuyen tham Thuy Dien hom 14/6, Thu tuong Phan Lan canh bao: “Neu chung toi khong giai quyet nhung van de nay truoc hoi nghi thuong dinh o Madrid, co nguy co don xin gia nhap NATO se bi dinh tre.","Trong chuyến thăm Thụy Điển hôm 14/6, Thủ tướng Phần Lan cảnh báo: “Nếu chúng tôi không giải quyết những vấn đề này trước hội nghị thượng đỉnh ở Madrid, có nguy cơ đơn xin gia nhập NATO sẽ bị đình trệ."
Kim Chi se tro lai doi tuyen bong da nu quoc gia.,Kim Chi sẽ trở lại đội tuyển bóng đá nữ quốc gia.
Ha Noi khac la trong phim ngan cua nhom skater tre.,Hà Nội khác lạ trong phim ngắn của nhóm skater trẻ.
Hang loat hang Taxi vi pham Luat Lao dong - Bai 1: 'Cuu'' anh em nha Mai Linh no bao hiem xa hoi tien ti.,Hàng loạt hãng Taxi vi phạm Luật Lao động - Bài 1: 'Cựu'' anh em nhà Mai Linh nợ bảo hiểm xã hội tiền tỉ.
Me cua cap song sinh hot MXH: 'Toi giai quyet xung dot cua con bang om va thom ma nhau'.,Mẹ của cặp song sinh hot MXH: 'Tôi giải quyết xung đột của con bằng ôm và thơm má nhau'.
Nang cao nang luc giam sat dau tu cong dong.,Nâng cao năng lực giám sát đầu tư cộng đồng.
"Nhu vay, an 1 phan cua rang me, ban da nap gan du so calo trong ngay, neu an them cac mon phu nhu banh mi thi luong calo se vuot qua muc khuyen nghi.","Như vậy, ăn 1 phần cua rang me, bạn đã nạp gần đủ số calo trong ngày, nếu ăn thêm các món phụ như bánh mì thì lượng calo sẽ vượt quá mức khuyến nghị."
"Selena Gomez khoe vong mot sexy ""dot mat"" canh may rau.","Selena Gomez khoe vòng một sexy ""đốt mắt"" cánh mày râu."
Meo 'chong hoi' don gian sau sinh cua MC Huyen Ny.,Mẹo 'chống hói' đơn giản sau sinh của MC Huyền Ny.
Gia vang - Gia dau Gia USD luc 11h ngay 23/5.,Giá vàng - Giá dầu Giá USD lúc 11h ngày 23/5.
Giai thuong tang cao o Cup Co tuong PTSC Marine 2015.,Giải thưởng tăng cao ở Cúp Cờ tướng PTSC Marine 2015.
"Tai mot khong gian phong khoang hon, Phuong Trinh Jolie hoa ""nang tien ca"" voi bo vay sexy, khoe eo thon va vong mot goi cam.","Tại một không gian phóng khoáng hơn, Phương Trinh Jolie hoá ""nàng tiên cá"" với bộ váy sexy, khoe eo thon và vòng một gợi cảm."
Pha an mung lot do cua C.Ronaldo duoc dien lai.,Pha ăn mừng lột đồ của C.Ronaldo được diễn lại.
Trung Quoc: Bong bong bat dong san thang Bay 'noi' phap phong.,Trung Quốc: Bong bóng bất động sản tháng Bảy 'nổi' phập phồng.
"Két quả dièu tra, Nguyẽn Van Thành cũng dã thùa nhạn hành vi giả mạo trong cong tác.","Kết quả điều tra, Nguyễn Văn Thành cũng đã thừa nhận hành vi giả mạo trong công tác."
"Day la mot day so gom 7 chu so va 1 chu viet hoa, duoc duc lo bang cong nghe laser thong suot trang 1 toi bia sau cua cuon ho chieu va trung voi chu, so o trang 1 (theo diem i khoan 1 Dieu 2 Thong tu 73/2021/TT-BCA ve mau ho chieu moi). Trong truong hop ho chieu pho thong het han, nguoi dan khong duoc gia han ma phai cap moi ho chieu khac.","Đây là một dãy số gồm 7 chữ số và 1 chữ viết hoa, được đục lỗ bằng công nghệ laser thông suốt trang 1 tới bìa sau của cuốn hộ chiếu và trùng với chữ, số ở trang 1 (theo điểm i khoản 1 Điều 2 Thông tư 73/2021/TT-BCA về mẫu hộ chiếu mới). Trong trường hợp hộ chiếu phổ thông hết hạn, người dân không được gia hạn mà phải cấp mới hộ chiếu khác."
Truc thang roi gan bien gioi Trung Quoc.,Trực thăng rơi gần biên giới Trung Quốc.
Ngo ngang chuyen be gai chet di song lai.,Ngỡ ngàng chuyện bé gái chết đi sống lại.
Co quan chuc nang se chuyen cac nan nhan den nha tang le va tien hanh kham nghiem tu thi sau do.,Cơ quan chức năng sẽ chuyển các nạn nhân đến nhà tang lễ và tiến hành khám nghiệm tử thi sau đó.
Thuc hu vu viec tau ca ngu dan Quang Ngai bi TQ bat giu.,Thực hư vụ việc tàu cá ngư dân Quảng Ngãi bị TQ bắt giữ.
"Sau do, cung nhieu luc cai va gian hon nhung cuoi cung, khi tung dua con ra doi, ho lai nghi cho con nhieu hon va tu han gan hanh phuc.","Sau đó, cũng nhiều lúc cãi vã giận hờn nhưng cuối cùng, khi từng đứa con ra đời, họ lại nghĩ cho con nhiều hơn và tự hàn gắn hạnh phúc."
Vung nguyen lieu rong lon ung dung cong nghe cao nay la noi cung cap luong thuc an cho dan bo sua quy mo tiem can 70.000 con cua cum trang trai bo sua khep kin cua Tap doan TH.,Vùng nguyên liệu rộng lớn ứng dụng công nghệ cao này là nơi cung cấp lượng thức ăn cho đàn bò sữa quy mô tiệm cận 70.000 con của cụm trang trại bò sữa khép kín của Tập đoàn TH.
VietJet: Ha Noi - Quy Nhon gia chi tu 660.000 dong.,VietJet: Hà Nội - Quy Nhơn giá chỉ từ 660.000 đồng.
Chi tiet xe ban tai Ridgeline 2017 cua Honda.,Chi tiết xe bán tải Ridgeline 2017 của Honda.
Tang cuong hop tac dau khi Viet Nam Trung Quoc.,Tăng cường hợp tác dầu khí Việt Nam Trung Quốc.
Sam lop Viet: Loi the tu nguyen lieu.,Săm lốp Việt: Lợi thế từ nguyên liệu.
Carnaval Ha Long 2016 soi dong hap dan.,Carnaval Hạ Long 2016 sôi động hấp dẫn.
Nu Viet Nam vao ban ket ASIAD 17: Ky tich lich su!.,Nữ Việt Nam vào bán kết ASIAD 17: Kỳ tích lịch sử!.
Doc dao cay dua 2 ngon.,Độc đáo cây dừa 2 ngọn.
"""Xot"" hoc tro, Ferguson mang te tat fan Man City.","""Xót"" học trò, Ferguson mắng té tát fan Man City."
"Quat nga AS Monaco, PSG vao ban ket Cup Quoc gia Phap.","Quật ngã AS Monaco, PSG vào bán kết Cúp Quốc gia Pháp."
"Thi cong cau tha, hang tram ho dan mat nuoc.","Thi công cẩu thả, hàng trăm hộ dân mất nước."
Gap lai nhung dung si Bah Nar ha may bay nam xua.,Gặp lại những dũng sĩ Bah Nar hạ máy bay năm xưa.
HN: Hoan xu vu 4 cong an xa danh chet nghi can.,HN: Hoãn xử vụ 4 công an xã đánh chết nghi can.
Nha xuat ban tran tinh vu truyen co tich noi dung nhu sach 18+.,Nhà xuất bản trần tình vụ truyện cổ tích nội dung như sách 18+.
"""Tay Ban Nha la thi truong ma tuy lon, noi loi ich cua nhieu to chuc toi pham hoi tu.","""Tây Ban Nha là thị trường ma túy lớn, nơi lợi ích của nhiều tổ chức tội phạm hội tụ."
"VAMC di vao hoat dong, tin dung van chua the tang nhanh.","VAMC đi vào hoạt động, tín dụng vẫn chưa thể tăng nhanh."
Quan - dan gan bo noi chot vot Ky Son.,Quân - dân gắn bó nơi chót vót Kỳ Sơn.
Yoo In Na goi cam va quyen ru trong quang cao Gillette.,Yoo In Na gợi cảm và quyến rũ trong quảng cáo Gillette.
"Tren con duong tu cho Chau Sa cua xa Tinh Long (TP Quang Ngai) ve xa Binh Tan Phu, ai cung deo khau trang che kin mat.","Trên con đường từ chợ Châu Sa của xã Tịnh Long (TP Quảng Ngãi) về xã Bình Tân Phú, ai cũng đeo khẩu trang che kín mặt."
Nhat Ban can nhac thuc hien cac chien dich giai cuu con tin o nuoc ngoai.,Nhật Bản cân nhắc thực hiện các chiến dịch giải cứu con tin ở nước ngoài.
"Duoi day la danh sach cac truong tieu hoc o Q.1 duoc nhieu phu huynh quan tam tuyen hoc sinh lop 1: Doi voi tuyen sinh lop 6, phu huynh hoc sinh lien he voi cac truong THCS duoc phan tuyen de duoc tu van xep lop tu ngay 11 - 12.7.","Dưới đây là danh sách các trường tiểu học ở Q.1 được nhiều phụ huynh quan tâm tuyển học sinh lớp 1: Đối với tuyển sinh lớp 6, phụ huynh học sinh liên hệ với các trường THCS được phân tuyến để được tư vấn xếp lớp từ ngày 11 - 12.7."
Nhung mon the thao moi cuon hut gioi tre Viet Nam.,Những môn thể thao mới cuốn hút giới trẻ Việt Nam.
Viglacera xay khu nha gia re hon 7.300m2 tai Tay Mo.,Viglacera xây khu nhà giá rẻ hơn 7.300m2 tại Tây Mỗ.
Dien tap truoc gio lam le vieng Dai tuong o Quang Binh.,Diễn tập trước giờ làm lễ viếng Đại tướng ở Quảng Bình.
Them 6 truong DH hoan thanh xong viec cham thi.,Thêm 6 trường ĐH hoàn thành xong việc chấm thi.
"Dam cuoi ky yeu doc, la cua sinh vien Sai Gon.","Đám cưới kỷ yếu độc, lạ của sinh viên Sài Gòn."
Thu Phuong vua xuong san bay da li xi cho fan.,Thu Phương vừa xuống sân bay đã lì xì cho fan.
Can bo CD hoc Nghi quyet Dang.,Cán bộ CĐ học Nghị quyết Đảng.
An nhieu rau tot cho xuong.,Ăn nhiều rau tốt cho xương.
DT Italia chot danh sach du Euro 2012.,ĐT Italia chốt danh sách dự Euro 2012.
Uoc mo cua nam sinh doat lien tiep 2 HCV Olympic Hoa hoc quoc te.,Ước mơ của nam sinh đoạt liên tiếp 2 HCV Olympic Hóa học quốc tế.
Bat ngo trang bi 'khung' cua bo doi lai xe Truong Son.,Bất ngờ trang bị 'khủng' của bộ đội lái xe Trường Sơn.
"Tu ti, mac cam trong mot so thoi diem co the tro thanh dong luc giup chung ta tien bo.","Tự ti, mặc cảm trong một số thời điểm có thể trở thành động lực giúp chúng ta tiến bộ."
Thuc trang dang bao dong.,Thực trạng đáng báo động.
"Tagline ""Ten mien quoc gia Viet Nam"" dinh vi ro nghia, don gian, truc dien ve san pham thuong hieu quoc gia, qua do khoi day tinh than tu hao dan toc.","Tagline ""Tên miền quốc gia Việt Nam"" định vị rõ nghĩa, đơn giản, trực diện về sản phẩm thương hiệu quốc gia, qua đó khơi dậy tinh thần tự hào dân tộc."
"Bat dau ngay moi voi tin tuc suc khoe, ban doc con co the xem them cac bai viet: Thuoc chua khoi ung thu cho 100% benh nhan thu nghiem hoat dong the nao?; Day la nhung nhom nguoi de mac benh tim nhat; WHO khuyen nghi nguyen tac vang trong an uong de khoe manh... Thinh thoang thay nuoc tieu co bot thi khong co gi phai lo lang.","Bắt đầu ngày mới với tin tức sức khỏe, bạn đọc còn có thể xem thêm các bài viết: Thuốc chữa khỏi ung thư cho 100% bệnh nhân thử nghiệm hoạt động thế nào?; Đây là những nhóm người dễ mắc bệnh tim nhất; WHO khuyến nghị nguyên tắc vàng trong ăn uống để khỏe mạnh... Thỉnh thoảng thấy nước tiểu có bọt thì không có gì phải lo lắng."
"Tai xe Dung lap tuc be lai de tranh nguoi phu nu khien xe mat lai lao len dai phan cach, huc gay 2 tru den.","Tài xế Dũng lập tức bẻ lái để tránh người phụ nữ khiến xe mất lái lao lên dải phân cách, húc gãy 2 trụ đèn."
Nong san nhap khau vao Viet Nam se bi kiem tra nguon goc.,Nông sản nhập khẩu vào Việt Nam sẽ bị kiểm tra nguồn gốc.
Gia dau roi dinh 3 nam do dau hieu thi truong qua nong.,Giá dầu rời đỉnh 3 năm do dấu hiệu thị trường quá nóng.
Su menh nang ne.,Sứ mệnh nặng nề.
TP.HCM thong ke nguyen vong vao lop 10 THPT va THPT chuyen 2009.,TP.HCM thống kê nguyện vọng vào lớp 10 THPT và THPT chuyên 2009.
"Loat anh nu tinh, quyen ru cua MC 'Bua trua vui ve'.","Loạt ảnh nữ tính, quyến rũ của MC 'Bữa trưa vui vẻ'."
TP. HCM phat hanh chinh hon 13 ty dong tu buon lau thuoc la.,TP. HCM phạt hành chính hơn 13 tỷ đồng từ buôn lậu thuốc lá.
Hai Phong: Khoi to 2 vu van chuyen trai phep gan 5 tan nga voi.,Hải Phòng: Khởi tố 2 vụ vận chuyển trái phép gần 5 tấn ngà voi.
Ngu khong du Loi song dong mot vai tro quan trong trong hanh trinh giam can.,Ngủ không đủ Lối sống đóng một vai trò quan trọng trong hành trình giảm cân.
686 ung vien cho ghe tong thong Iran.,686 ứng viên cho ghế tổng thống Iran.
Phien hop thu 35 UBTVQH: Quan ly von nha nuoc con bat cap.,Phiên họp thứ 35 UBTVQH: Quản lý vốn nhà nước còn bất cập.
"Pho giao su Do Van Dung, Truong Khoa Y te Cong cong, Dai hoc Y Duoc TP HCM, duc ket nhu tren va noi them trieu chung nhiem bien chung phu BA.5 da so van giong cac chung Omicron truoc day, thuong gay cac trieu chung o duong ho hap tren nhu mui va hong, it tan cong vao phoi hon chung Delta.","Phó giáo sư Đỗ Văn Dũng, Trưởng Khoa Y tế Công cộng, Đại học Y Dược TP HCM, đúc kết như trên và nói thêm triệu chứng nhiễm biến chủng phụ BA.5 đa số vẫn giống các chủng Omicron trước đây, thường gây các triệu chứng ở đường hô hấp trên như mũi và họng, ít tấn công vào phổi hơn chủng Delta."
Bac Kinh xuat hien ca nhiem H7N9 dau tien.,Bắc Kinh xuất hiện ca nhiễm H7N9 đầu tiên.
Nhung nguoi noi tieng hay gay ra tai nan giao thong.,Những người nổi tiếng hay gây ra tai nạn giao thông.
Cat giam SLCPs co the han che muc nuoc bien tang.,Cắt giảm SLCPs có thể hạn chế mực nước biển tăng.
"Hien tai, Arsenal da dat thoa thuan ca nhan voi tien dao nguoi Brazil, nhung ho gap kho khan truoc yeu cau cua Man City.","Hiện tại, Arsenal đã đạt thỏa thuận cá nhân với tiền đạo người Brazil, nhưng họ gặp khó khăn trước yêu cầu của Man City."
Chelsea da co duoc chu ky cua Bale?.,Chelsea đã có được chữ ký của Bale?.
Mot vong quanh nui Cam Chau Doc.,Một vòng quanh núi Cấm Châu Đốc.
"Tuyet Lan du ""Asian Model Search "".","Tuyết Lan dự ""Asian Model Search ""."
Nha thau vu khi do ve Singapore.,Nhà thầu vũ khí đổ về Singapore.
"Cu the, muc luong cua CR7 giam tu 480.000 bang/tuan xuong 360.000 bang/tuan.","Cụ thể, mức lương của CR7 giảm từ 480.000 bảng/tuần xuống 360.000 bảng/tuần."
Co be 'gau truc' duoc cuu chua.,Cô bé 'gấu trúc' được cứu chữa.
Mang theo kiem bat con tin de doi no.,Mang theo kiếm bắt con tin để đòi nợ.
"May man ho phat hien mot chum bong sung dai co gang tay o dau do troi toi, toi nhoai nguoi vot roi chia cho ca ba cung an.","May mắn họ phát hiện một chùm bông súng dài cỡ gang tay ở đâu đó trôi tới, tôi nhoài người vớt rồi chia cho cả ba cùng ăn."
Canh giac truoc nhung loi moi sang nuoc ngoai lam viec.,Cảnh giác trước những lời mời sang nước ngoài làm việc.
Chung khoan canh giac voi lai suat giam.,Chứng khoán cảnh giác với lãi suất giảm.
"Binh luan dau tien khien minh buon den tu video ""Giai thich phim It"", cung la video dau tien cua Phe Phim duoc 1 trieu view.","Bình luận đầu tiên khiến mình buồn đến từ video ""Giải thích phim It"", cũng là video đầu tiên của Phê Phim được 1 triệu view."
Gia dau mo the gioi co the giam con 120 USD/thung.,Giá dầu mỏ thế giới có thể giảm còn 120 USD/thùng.
Barca vui dap Milan: Quai vat troi day.,Barca vùi dập Milan: Quái vật trỗi dậy.
Nghe thuat lazang oto.,Nghệ thuật lazăng ôtô.
Don dep lo cot don AI Games III.,Dọn dẹp lô cốt đón AI Games III.
Nguoi dan ong co khuon mat kinh di tro thanh dien vien.,Người đàn ông có khuôn mặt kinh dị trở thành diễn viên.
Vai tro 'dao dien' cua My trong cuoc dao chinh dam mau tai Chile.,Vai trò 'đạo diễn' của Mỹ trong cuộc đảo chính đẫm máu tại Chile.
"Ngay 14-6, Cong ty TNHH MTV Cong vien Cay xanh TP HCM cho biet su co cay gay nhanh gay chet nguoi vao toi 13-6 dien ra truoc mot phong kham y te nam tren duong To Hien Thanh, phuong 15, quan 10.","Ngày 14-6, Công ty TNHH MTV Công viên Cây xanh TP HCM cho biết sự cố cây gãy nhánh gây chết người vào tối 13-6 diễn ra trước một phòng khám y tế nằm trên đường Tô Hiến Thành, phường 15, quận 10."
Ukraine truoc do da de cap den ke hoach tap hop doi quan mot trieu nguoi duoc trang bi vu khi cua NATO de tai kiem soat cac vung lanh tho phia nam dat nuoc ma Nga dang kiem soat.,Ukraine trước đó đã đề cập đến kế hoạch tập hợp đội quân một triệu người được trang bị vũ khí của NATO để tái kiểm soát các vùng lãnh thổ phía nam đất nước mà Nga đang kiểm soát.
Phep lai Asus Taichi len ke voi gia khoi diem 1299 USD.,Phép lai Asus Taichi lên kệ với giá khởi điểm 1299 USD.
"Canh sat 'vay' 8 nha hang, hang tram khach nhao nhao.","Cảnh sát 'vây' 8 nhà hàng, hàng trăm khách nháo nhào."
Tap doan KTG tai tro 2 ty dong cai tao dien dan dung.,Tập đoàn KTG tài trợ 2 tỷ đồng cải tạo điện dân dụng.
Tien Dung dut diem trong vong cam nhung dua bong vot xa - Phut 63: Van Toan nga trong vong cam nhung lan nay khong co phat den cho HAGL - Phut 51: Vao!!!! Van Toan nhan doi cach biet cho HAGL sau duong cang ngang cua Hong Duy HIEP 2 BAT DAU!,Tiến Dũng dứt điểm trong vòng cấm nhưng đưa bóng vọt xà - Phút 63: Văn Toàn ngã trong vòng cấm nhưng lần này không có phạt đền cho HAGL - Phút 51: Vào!!!! Văn Toàn nhân đôi cách biệt cho HAGL sau đường căng ngang của Hồng Duy HIỆP 2 BẮT ĐẦU!
"Gan day toi biet anh con mot dua con rieng nua voi nguoi phu nu khac, dua be duoc nam tuoi roi.","Gần đây tôi biết anh còn một đứa con riêng nữa với người phụ nữ khác, đứa bé được năm tuổi rồi."
Chinh phu de nghi duyet quy dat tai bo tri can cu Phu-ten-ma.,Chính phủ đề nghị duyệt quỹ đất tái bố trí căn cứ Phư-tên-ma.
"Ngoai ra, quan con ban com tam suon, bi, cha va nhieu mon khac nhu muc nhoi, thit kho trung, trung chien,… Cac mon an luon duoc bay day du ra ben ngoai cho khach de lua chon.","Ngoài ra, quán còn bán cơm tấm sườn, bì, chả và nhiều món khác như mực nhồi, thịt kho trứng, trứng chiên,… Các món ăn luôn được bày đầy đủ ra bên ngoài cho khách dễ lựa chọn."
Yahoo Messenger tro lai voi hang loat tinh nang moi.,Yahoo Messenger trở lại với hàng loạt tính năng mới.
"Ngay 23/7, Cong an tinh Thanh Hoa cho biet, Co quan Canh sat dieu tra Cong an tinh Thanh Hoa da quyet dinh khoi to bi can, thi hanh lenh bat tam giam, kham xet cho o, noi lam viec doi voi 2 bi can ve toi ""Loi dung chuc vu quyen han trong khi thi hanh cong vu"", gom ong Nguyen Ba Hung (SN 1966), thoi diem xay ra sai pham giu chuc Pho Giam doc So Tai chinh.","Ngày 23/7, Công an tỉnh Thanh Hóa cho biết, Cơ quan Cảnh sát điều tra Công an tỉnh Thanh Hóa đã quyết định khởi tố bị can, thi hành lệnh bắt tạm giam, khám xét chỗ ở, nơi làm việc đối với 2 bị can về tội ""Lợi dụng chức vụ quyền hạn trong khi thi hành công vụ"", gồm ông Nguyễn Bá Hùng (SN 1966), thời điểm xảy ra sai phạm giữ chức Phó Giám đốc Sở Tài chính."
Vu Thao My bat ngo xuat hien voi toc ngan tomboy la lam.,Vũ Thảo My bất ngờ xuất hiện với tóc ngắn tomboy lạ lẫm.
Su troi day cua UAV Trung Quoc?.,Sự trỗi dậy của UAV Trung Quốc?.
Ngam bo mat khi sieu hai huoc.,Ngắm bộ mặt khỉ siêu hài hước.
iPhone 6 van ban chay sat ngay iPhone moi ra mat.,iPhone 6 vẫn bán chạy sát ngày iPhone mới ra mắt.
"CPI binh quan quy 1 tang 0,74%.","CPI bình quân quý 1 tăng 0,74%."
"Doi quan cua HLV Thanh Cong khien tat ca phai bat ngo khi tao ra the tran ap dao truoc Ha Noi FC, doi bong so 1 cua V.League trong chuc nam tro lai day.","Đội quân của HLV Thành Công khiến tất cả phải bất ngờ khi tạo ra thế trận áp đảo trước Hà Nội FC, đội bóng số 1 của V.League trong chục năm trở lại đây."
"Nguoc lai, Yamaha FreeGo co the se ken khach hon, nhung  thay vao do se phu hop voi nguoi dung co nhu cau lua chon xe tay ga co he thong phanh ABS va gia ban duoi 35 trieu dong.","Ngược lại, Yamaha FreeGo có thể sẽ kén khách hơn, nhưng  thay vào đó sẽ phù hợp với người dùng có nhu cầu lựa chọn xe tay ga có hệ thống phanh ABS và giá bán dưới 35 triệu đồng."
Ca Mau: Bat nguoi tam giam sau gan 18 thang xay ra vu viec.,Cà Mau: Bắt người tạm giam sau gần 18 tháng xảy ra vụ việc.
Nhieu khi cai nao toi khong dung thi con phai noi vi khong phai toi noi gi cung dung.,Nhiều khi cái nào tôi không đúng thì con phải nói vì không phải tôi nói gì cũng đúng.
"Ly do roi showbiz la tu day"".  Tren trang ca nhan cua minh, doanh nhan Anh Tho - ba xa dien vien Binh Minh dang loat khoanh khac ben nguoi ban than Thanh Hang.","Lý do rời showbiz là từ đây"".  Trên trang cá nhân của mình, doanh nhân Anh Thơ - bà xã diễn viên Bình Minh đăng loạt khoảnh khắc bên người bạn thân Thanh Hằng."
Noi cac moi cua Phap bi chi trich.,Nội các mới của Pháp bị chỉ trích.
Mua laptop Asus dong K nhan qua va tien mat.,Mua laptop Asus dòng K nhận quà và tiền mặt.
"Cuoc bau cu giua ky hua hen se co nhung tac dong sau rong len bang New York, sau hai quyet dinh mang tinh buoc ngoat gan day cua Toa an Toi cao ve viec cham dut quyen pha thai cua lien bang va han che kha nang dieu chinh luat kiem soat vu khi cua New York.","Cuộc bầu cử giữa kỳ hứa hẹn sẽ có những tác động sâu rộng lên bang New York, sau hai quyết định mang tính bước ngoặt gần đây của Tòa án Tối cao về việc chấm dứt quyền phá thai của liên bang và hạn chế khả năng điều chỉnh luật kiểm soát vũ khí của New York."
SEA Games 28: Lich thi dau bo mon bong chuyen nam va nu.,SEA Games 28: Lịch thi đấu bộ môn bóng chuyền nam và nữ.
"Gia dau sut manh, Nga chuyen huong xuat sang An Do.","Giá dầu sụt mạnh, Nga chuyển hướng xuất sang Ấn Độ."
Sony ra mat mau PSP moi.,Sony ra mắt mẫu PSP mới.
3 cha con mang 'khuon mat quy'.,3 cha con mang 'khuôn mặt quỷ'.
Hari Won tiet lo tat xau it ai biet cua Tien Dat.,Hari Won tiết lộ tật xấu ít ai biết của Tiến Đạt.
Va ong biet minh can quyet doan trong viec ket hop cua “hoc tro cung” Kalvin Phillips va “ngoi sao dang len” Declan Rice o trung tam.,Và ông biết mình cần quyết đoán trong việc kết hợp của “học trò cưng” Kalvin Phillips và “ngôi sao đang lên” Declan Rice ở trung tâm.
Trang web chuyen tim may anh bi mat.,Trang web chuyên tìm máy ảnh bị mất.
De nguoi dan de dang tiep can thuc pham sach.,Để người dân dễ dàng tiếp cận thực phẩm sạch.
"Ve tinh cam, mot so moi quan he rat mong manh, neu khong duoc cham soc can than se de gap rac roi.","Về tình cảm, một số mối quan hệ rất mong manh, nếu không được chăm sóc cẩn thận sẽ dễ gặp rắc rối."
Apple kiem duoc gan 1 ti USD tu dong ho thong minh.,Apple kiếm được gần 1 tỉ USD từ đồng hồ thông minh.
"Chau A no nuc, chi manh tay don Giang sinh.","Châu Á nô nức, chi mạnh tay đón Giáng sinh."
Man Utd co the thang bat cu ai.,Man Utd có thể thắng bất cứ ai.
Don Tet tren bien voi vi man thuong nho hau phuong.,Đón Tết trên biển với vị mặn thương nhớ hậu phương.
Video duoc dang dau tuan nay va thu hut 500 trieu luot xem tren Weibo cho thay mot nguoi thu nghiem kem nhan hieu Zhong Xue Gao bang cach dung bat lua dot kem.,Video được đăng đầu tuần này và thu hút 500 triệu lượt xem trên Weibo cho thấy một người thử nghiệm kem nhãn hiệu Zhong Xue Gao bằng cách dùng bật lửa đốt kem.
Phat hanh album truyen thong: Nhung cu nguoc dong kieu hanh.,Phát hành album truyền thống: Những cú ngược dòng kiêu hãnh.
"Ngay sau khi phat hien su viec, Cong an huyen Nam Dan nhanh chong co mat tai hien truong, phoi hop voi cac don vi nghiep vu (Cong an tinh Nghe An) to chuc cong tac kham nghiem de dieu tra, lam ro.","Ngay sau khi phát hiện sự việc, Công an huyện Nam Đàn nhanh chóng có mặt tại hiện trường, phối hợp với các đơn vị nghiệp vụ (Công an tỉnh Nghệ An) tổ chức công tác khám nghiệm để điều tra, làm rõ."
Lung tung phong dich sot xuat huyet.,Lúng túng phòng dịch sốt xuất huyết.
Xom lang Phong Dien tan tanh sau tran cuong phong chua tung co o Hue.,Xóm làng Phong Điền tan tành sau trận cuồng phong chưa từng có ở Huế.
"Khi duoc tai xe container giup do, toi mung lam vi truoc luc do toi da chay bo mot doan ma troi thi giong gio chuan bi mua to.","Khi được tài xế container giúp đỡ, tôi mừng lắm vì trước lúc đó tôi đã chạy bộ một đoạn mà trời thì giông gió chuẩn bị mưa to."
"9h40: Hai san trai chieu, giao dich nho giot.","9h40: Hai sàn trái chiều, giao dịch nhỏ giọt."
Hiep dinh Paris - dau son lich su - Bai 1: Duong den Paris.,Hiệp định Paris - dấu son lịch sử - Bài 1: Đường đến Paris.
"Phia Ukraine cho rang HIMARS, voi tam ban khoang 80 km, se giup Ukraine ngang suc hon voi cac he thong roc ket cua Nga dang duoc khai hoa o Donbass.","Phía Ukraine cho rằng HIMARS, với tầm bắn khoảng 80 km, sẽ giúp Ukraine ngang sức hơn với các hệ thống rốc két của Nga đang được khai hỏa ở Donbass."
"Nhung co cung hoi em gai ut dinh yeu duong nghiem tuc hay khong, co tinh chuyen xa xoi gi khong.","Nhưng cô cũng hỏi em gái út định yêu đương nghiêm túc hay không, có tính chuyện xa xôi gì không."
"Truoc khi duoc Tong thong ky thanh luat, cac du thao da duoc thong qua o Ha vien ngay 7/7 va o Thuong vien ngay 20/7.","Trước khi được Tổng thống ký thành luật, các dự thảo đã được thông qua ở Hạ viện ngày 7/7 và ở Thượng viện ngày 20/7."
SED: Co dong lon dang ky mua 1 trieu va ban 500 nghin co phieu.,SED: Cổ đông lớn đăng ký mua 1 triệu và bán 500 nghìn cổ phiếu.
Ba Nguyen Thi Kim Ngan tai dac cu chuc Chu tich Quoc hoi.,Bà Nguyễn Thị Kim Ngân tái đắc cử chức Chủ tịch Quốc hội.
"Thoi quen vao ban dem dong mot vai tro quan trong giup tang cuong suc khoe tinh than den suc khoe the chat, va con co the anh huong lon den ngoai hinh cua chung ta.","Thói quen vào ban đêm đóng một vai trò quan trọng giúp tăng cường sức khỏe tinh thần đến sức khỏe thể chất, và còn có thể ảnh hưởng lớn đến ngoại hình của chúng ta."
Nen kieng an gi khi uong thuoc Dong y?.,Nên kiêng ăn gì khi uống thuốc Đông y?.
Mot thay va... mot tro.,Một thầy và... một trò.
"Minh Nhu bi che van an toan di tiep voi X-Factor, Adam ra ve day nuoi tiec.","Minh Như bị chê vẫn an toàn đi tiếp với X-Factor, Adam ra về đầy nuối tiếc."
Ai Doi khoe nguc day voi vay sexy.,Ái Đới khoe ngực đầy với váy sexy.
"Tan cong 3 chau luc, IS muu do banh truong toan cau.","Tấn công 3 châu lục, IS mưu đồ bành trướng toàn cầu."
Clip: Cho Cau Dien chay lon trong dem.,Clip: Chợ Cầu Diễn cháy lớn trong đêm.
Ly Tac Thanh: Noi Luc quan Trung Quoc vo dung la sai lam.,Lý Tác Thành: Nói Lục quân Trung Quốc vô dụng là sai lầm.
Thuoc sot ret vien tro cho 13 nuoc bi an cap.,Thuốc sốt rét viện trợ cho 13 nước bị ăn cắp.
Dau tu vao Phu Quoc: Cho duong bang moi!.,Đầu tư vào Phú Quốc: Chờ đường băng mới!.
Thay ba gac bang... xe tai: Qua suc chiu dung cua dan.,Thay ba gác bằng... xe tải: Quá sức chịu đựng của dân.
Dung bat ni-lon san xuat muoi sach.,Dùng bạt ni-lon sản xuất muối sạch.
Bong chuyen nu Viet Nam vuon len dan dau bang dau.,Bóng chuyền nữ Việt Nam vươn lên dẫn đầu bảng đấu.
Hao Anh duoi bo me ra duong: Chuyen gia khong soc.,Hào Anh đuổi bố mẹ ra đường: Chuyên gia không sốc.
"Moi day, Pique da chinh thuc dua ra mot loi de nghi kha ""bui tai"" de tinh cu Shakira nhuong lai quyen nuoi con.","Mới đây, Pique đã chính thức đưa ra một lời đề nghị khá ""bùi tai"" để tình cũ Shakira nhường lại quyền nuôi con."
"Mot cau hoi dat ra la cac to chuc dang co so ma bo truong Bo Khoa hoc va cong nghe, cuu bo truong Bo Y te, giam doc cac CDC... tung sinh hoat co biet nhung viec lam tham nhung, tieu cuc nay khong?","Một câu hỏi đặt ra là các tổ chức đảng cơ sở mà bộ trưởng Bộ Khoa học và công nghệ, cựu bộ trưởng Bộ Y tế, giám đốc các CDC... từng sinh hoạt có biết những việc làm tham nhũng, tiêu cực này không?"
Nhung nguoi nhat cua roi giua duong Sai Gon.,Những người nhặt của rơi giữa đường Sài Gòn.
Song an tuong my man ban dau som lui tan.,Song ấn tượng mỹ mãn ban đầu sớm lụi tàn.
Huynh Tuan Kiet loan 'su phu': Dau la su that 'vo truyen dien'?.,Huỳnh Tuấn Kiệt loạn 'sư phụ': Đâu là sự thật 'võ truyền điện'?.
Dao chanh o Honduras.,Đảo chánh ở Honduras.
"Thong diep duoc phia My dua ra la: Mong muon cua Ukraine la hoan toan chinh dang, nhung khong the “co tat ca”. “Tuong Milley va toi da tham gia nhieu cuoc chien.","Thông điệp được phía Mỹ đưa ra là: Mong muốn của Ukraine là hoàn toàn chính đáng, nhưng không thể “có tất cả”. “Tướng Milley và tôi đã tham gia nhiều cuộc chiến."
Gia vang giam tiep 120.000 dong/luong.,Giá vàng giảm tiếp 120.000 đồng/lượng.
Ky tich giam can: Giot nuoc mat dan ong (Ky 3).,Kỳ tích giảm cân: Giọt nước mắt đàn ông (Kỳ 3).
Office 2016 chinh thuc ra mat.,Office 2016 chính thức ra mắt.
"Trong thong bao tren Twitter, thong doc vung Mykolaiv Oblast, ong Vitaly Kim noi rang, quan doi Nga thuong xuyen tien hanh cac cuoc tan cong bang ten lua va su dung he thong phong khong S-300 nang cap trang bi he thong dinh vi GPS de tan cong cac muc tieu tren mat dat.","Trong thông báo trên Twitter, thống đốc vùng Mykolaiv Oblast, ông Vitaly Kim nói rằng, quân đội Nga thường xuyên tiến hành các cuộc tấn công bằng tên lửa và sử dụng hệ thống phòng không S-300 nâng cấp trang bị hệ thống định vị GPS để tấn công các mục tiêu trên mặt đất."
Ligue 1 ha man: PSG lap them nhung ky luc.,Ligue 1 hạ màn: PSG lập thêm những kỷ lục.
Nguyen Pho Chu nhiem VPCP bi bat giu nhu the nao?.,Nguyên Phó Chủ nhiệm VPCP bị bắt giữ như thế nào?.
Nam thanh nien lanh an tu vi quen nguoi yeu nhi.,Nam thanh niên lãnh án tù vì quen người yêu nhí.
"Tuan toi, gia vang co the se tiep tuc giam?.","Tuần tới, giá vàng có thể sẽ tiếp tục giảm?."
Co the chi la kiem tra hanh chinh va nhac nho.,Có thể chỉ là kiểm tra hành chính và nhắc nhở.
Day manh xuat khau thuy san vao Nhat.,Đẩy mạnh xuất khẩu thủy sản vào Nhật.
Thu tinh: Gui vo tuong lai da xa.,Thư tình: Gửi vợ tương lai đã xa.
"Cham soc cay canh nha dam: Cay nha dam la cay canh co kha nang chiu han nhung khong chiu ung nen gia the can dam bao do toi xop, thoat nuoc.","Chăm sóc cây cảnh nha đam: Cây nha đam là cây cảnh có khả năng chịu hạn nhưng không chịu úng nên giá thể cần đảm bảo độ tơi xốp, thoát nước."
Cay bach kim vao trong mat lam trang suc.,Cấy bạch kim vào tròng mắt làm trang sức.
Benh vien Trung uong Quan doi 108: Thanh cong xet nghiem hoa mo mien dich trong chan doan ung thu.,Bệnh viện Trung ương Quân đội 108: Thành công xét nghiệm hóa mô miễn dịch trong chẩn đoán ung thư.
"Con doi voi True Platform, that may man la bay gio chung toi khong con phai tu hoi ban than nhung dieu giong nhu truoc kia khi bat dau voi Base nua.","Còn đối với True Platform, thật may mắn là bây giờ chúng tôi không còn phải tự hỏi bản thân những điều giống như trước kia khi bắt đầu với Base nữa."
Nhung dieu dan ong phai lam truoc khi chet.,Những điều đàn ông phải làm trước khi chết.
Tren tay Samsung Galaxy S 4 chinh hang.,Trên tay Samsung Galaxy S 4 chính hãng.
Cach lam mi xao gion ngon hoan hao.,Cách làm mì xào giòn ngon hoàn hảo.
Nghi luc dang kinh ngac cua be gai nho nhat hanh tinh.,Nghị lực đáng kinh ngạc của bé gái nhỏ nhất hành tinh.
Vua ao thuat David Copperfield bi mat tro thanh bo.,Vua ảo thuật David Copperfield bí mật trở thành bố.
Nhat va My len ke hoach tap tran lay lai dao.,Nhật và Mỹ lên kế hoạch tập trận lấy lại đảo.
Cuoc khung hoang Ukraine: Tuong lai mo mit.,Cuộc khủng hoảng Ukraine: Tương lai mờ mịt.
"Theo bai cong bo tren tap chi Cell Report Medicine, cac nha nghien cuu da phat hien ra rang chat uc che PDE5, la loai thuoc nham muc tieu cac nguyen bao soi lien quan den ung thu (CAF) o vung alan can khoi u, co the dao nguoc tinh trang khang hoa tri trong benh ung thu thuc quan.","Theo bài công bố trên tạp chí Cell Report Medicine, các nhà nghiên cứu đã phát hiện ra rằng chất ức chế PDE5, là loại thuốc nhắm mục tiêu các nguyên bào sợi liên quan đến ung thư (CAF) ở vùng alan cận khối u, có thể đảo ngược tình trạng kháng hóa trị trong bệnh ung thư thực quản."
Chum anh: Kinh di ban tay co ngon-khong-xuong.,Chùm ảnh: Kinh dị bàn tay có ngón-không-xương.
Thu tuong tai bo nhiem ong Tran Van Tung giu chuc Thu truong Bo KH&CN.,Thủ tướng tái bổ nhiệm ông Trần Văn Tùng giữ chức Thứ trưởng Bộ KH&CN.
"Iran: Tan cong nha may hat nhan la ""toi ac"".","Iran: Tấn công nhà máy hạt nhân là ""tội ác""."
"Vang tang vot do lo ngai rui ro, chung khoan van nuoi ky vong.","Vàng tăng vọt do lo ngại rủi ro, chứng khoán vẫn nuôi kỳ vọng."
"""May mua"" voi be gai 15 tuoi, ga trai mang trau cau hoi cuoi vi so di tu.","""Mây mưa"" với bé gái 15 tuổi, gã trai mang trầu cau hỏi cưới vì sợ đi tù."
Ngay ay - bay gio cua thi sinh Hoa hau Hoan vu Viet Nam: Ai 'day thi' thanh cong?.,Ngày ấy - bây giờ của thí sinh Hoa hậu Hoàn vũ Việt Nam: Ai 'dậy thì' thành công?.
Lam Truong lan dau ngoi ghe nong.,Lam Trường lần đầu ngồi ghế nóng.
Xet xu vu an trom 65 luong vang.,Xét xử vụ án trộm 65 lượng vàng.
"Toi khiem ton, co gang ghi diem voi nhieu nguoi khac va khong noi chuyen gi voi cac phong vien.","Tôi khiêm tốn, cố gắng ghi điểm với nhiều người khác và không nói chuyện gì với các phóng viên."
Barack Obama sanh dieu nhat nuoc My.,Barack Obama sành điệu nhất nước Mỹ.
"Nham ngan sot xuat huyet bung phat tren dien rong, UBND tinh Nam Dinh da co cong van yeu cau cac so, ban, nganh, doan the, UBND huyen, thanh pho tap trung thuc hien cac bien phap phong, chong dich benh; huy dong cac ban nganh, doan the, dac biet cac luc luong can bo to dan pho, thon, xom va cong dong tham gia phong, chong sot xuat huyet; tuyen truyen, van dong, huong dan toi tan ho gia dinh de nguoi dan chu dong phong, chong, nhat la tai khu vuc co o benh, tung xuat hien o benh.","Nhằm ngăn sốt xuất huyết bùng phát trên diện rộng, UBND tỉnh Nam Định đã có công văn yêu cầu các sở, ban, ngành, đoàn thể, UBND huyện, thành phố tập trung thực hiện các biện pháp phòng, chống dịch bệnh; huy động các ban ngành, đoàn thể, đặc biệt các lực lượng cán bộ tổ dân phố, thôn, xóm và cộng đồng tham gia phòng, chống sốt xuất huyết; tuyên truyền, vận động, hướng dẫn tới tận hộ gia đình để người dân chủ động phòng, chống, nhất là tại khu vực có ổ bệnh, từng xuất hiện ổ bệnh."
"O doi bong nhu vay, Antoine Batisse la truong hop dac biet.","Ở đội bóng như vậy, Antoine Batisse là trường hợp đặc biệt."
Kinh te Vi mo Tuan 4 - 7/9: Thay gi tu so lieu kinh te vi mo 8 thang dau nam 2012?.,Kinh tế Vĩ mô Tuần 4 - 7/9: Thấy gì từ số liệu kinh tế vĩ mô 8 tháng đầu năm 2012?.
Ngoai truong My John Kerry bat ngo toi tham Somalia.,Ngoại trưởng Mỹ John Kerry bất ngờ tới thăm Somalia.
Tinh Gia tung vai lan nhac den noi co don cua ban than.,Tinh Gia từng vài lần nhắc đến nỗi cô đơn của bản thân.
Thuc day quan he Viet Nam Na Uy len tam cao moi.,Thúc đẩy quan hệ Việt Nam Na Uy lên tầm cao mới.
"Mau thuan ca nhan, thanh nien bi dam chet.","Mâu thuẫn cá nhân, thanh niên bị đâm chết."
Dai thang mua Xuan 1975 - Suc manh cua y chi va khat vong hoa binh.,Đại thắng mùa Xuân 1975 - Sức mạnh của ý chí và khát vọng hòa bình.
50% nguoi dan khong biet minh bi cao huyet ap.,50% người dân không biết mình bị cao huyết áp.
Gap go voi 25 truong danh tieng Anh quoc tai VN.,Gặp gỡ với 25 trường danh tiếng Anh quốc tại VN.
"Ca tin, mat 29 tan san kho.","Cả tin, mất 29 tấn sắn khô."
"VN va Belarus cong nhan lan nhau cac van bang, hoc vi.","VN và Belarus công nhận lẫn nhau các văn bằng, học vị."
Trung Quoc tuc gian voi nghi quyet cua Ha vien Nhat ve Bien Dong.,Trung Quốc tức giận với nghị quyết của Hạ viện Nhật về Biển Đông.
Bo cu Ronaldo dot mat nhin voi bikini.,Bồ cũ Ronaldo đốt mắt nhìn với bikini.
"Tu khi ong chu doi ve day thi moi bat dau xay dung hai nha tang le lon nen nhung nguoi kinh doanh trai hom, do tang cung mo ban, the nen cai ten xoi nha xac cung duoc ra doi tu do.","Từ khi ông chủ dời về đây thì mới bắt đầu xây dựng hai nhà tang lễ lớn nên những người kinh doanh trại hòm, đồ tang cũng mở bán, thế nên cái tên xôi nhà xác cũng được ra đời từ đó."
"Su nghiep trac tro, can coi trong viec thuc hien tat ca khau trong du an, neu khong se gap phai hoa thi phi.","Sự nghiệp trắc trở, cần coi trọng việc thực hiện tất cả khâu trong dự án, nếu không sẽ gặp phải họa thị phi."
"Lu dang dot ngot, 1 nguoi chet va 10 nguoi mat tich.","Lũ dâng đột ngột, 1 người chết và 10 người mất tích."
Yamaha SR400 do kieu cach cua garage Tu Thanh Da.,Yamaha SR400 độ kiểu cách của garage Tự Thanh Đa.
Ca chet hang loat do vo be chua nuoc thai nha may o Dien Bien.,Cá chết hàng loạt do vỡ bể chứa nước thải nhà máy ở Điện Biên.
Nga sap nhap Crimea la vi nhan quyen.,Nga sáp nhập Crimea là vì nhân quyền.
Duy doan Nhat Mai dang co tao bang chung ngoai pham cho minh.,Duy đoán Nhật Mai đang cố tạo bằng chứng ngoại phạm cho mình.
Motorola Aura duoc dinh 34 vien kim cuong.,Motorola Aura được đính 34 viên kim cương.
Nha dep chao he voi 3 mau do - trang - xanh.,Nhà đẹp chào hè với 3 màu đỏ - trắng - xanh.
11 niem hy vong cua U.23 VN.,11 niềm hy vọng của U.23 VN.
De xuat cai tien 'Luat giao duc' thanh 'Luat zao zuk' gay tranh cai.,Đề xuất cải tiến 'Luật giáo dục' thành 'Luật záo zụk' gây tranh cãi.
Vu trom dot nhap no sung nha Bi thu huyen: Cong an chinh thuc thong tin.,Vụ trộm đột nhập nổ súng nhà Bí thư huyện: Công an chính thức thông tin.
Thanh lap 3 Trung tam luyen thi tien si.,Thành lập 3 Trung tâm luyện thi tiến sĩ.
Dan Le dep hut hon trong loat anh moi.,Đan Lê đẹp hút hồn trong loạt ảnh mới.
"Thanh lap Ban chi dao Chuong trinh hanh dong phong, chong toi pham buon ban phu nu, tre em.","Thành lập Ban chỉ đạo Chương trình hành động phòng, chống tội phạm buôn bán phụ nữ, trẻ em."
Chi huy tac chien al-Qaeda tai Afghanistan da chet.,Chỉ huy tác chiến al-Qaeda tại Afghanistan đã chết.
5 phan mem chinh sua anh duoc danh gia tot nhat.,5 phần mềm chỉnh sửa ảnh được đánh giá tốt nhất.
Chu hua du co gian kho co nao cung se o ben canh co den het cuoc doi.,Chú hứa dù có gian khổ cỡ nào cũng sẽ ở bên cạnh cô đến hết cuộc đời.
Mercedes trinh lang Citan Crewbus 2014.,Mercedes trình làng Citan Crewbus 2014.
"Anh: Booking InterContinental Hanoi Westlake nam yen binh ben ho Tay, mot dia diem duoc nhieu nguoi yeu thich tai thu do Ha Noi.","Ảnh: Booking InterContinental Hanoi Westlake nằm yên bình bên hồ Tây, một địa điểm được nhiều người yêu thích tại thủ đô Hà Nội."
Co 408 thi sinh dat diem 10 va 185 thi sinh bi diem 0 mon Toan.,Có 408 thí sinh đạt điểm 10 và 185 thí sinh bị điểm 0 môn Toán.
"Va cham giao thong, rut dao dam 2 anh em ruot trong thuong.","Va chạm giao thông, rút dao đâm 2 anh em ruột trọng thương."
Ty le that nghiep cua Thuy Si van tiep tuc tang.,Tỷ lệ thất nghiệp của Thụy Sĩ vẫn tiếp tục tăng.
"Tu lan do, khi co mau thuan gi voi be Ut (tuc Nguyen Thien Nhan - PV), toi deu bao Bich Le noi chuyen voi be vi cung la chi em gai thi trao doi de hon"" - anh Thanh Cam nho lai Trong khi do, noi ve lan tat Thien Nhan ""den muc nhap vien"" nhu loi to cao cua co, chi Bich Le phan tran: ""Cai sai cua toi la quan ly be chat qua.","Từ lần đó, khi có mâu thuẫn gì với bé Út (tức Nguyễn Thiện Nhân - PV), tôi đều bảo Bích Lê nói chuyện với bé vì cùng là chị em gái thì trao đổi dễ hơn"" - anh Thanh Cầm nhớ lại Trong khi đó, nói về lần tát Thiện Nhân ""đến mức nhập viện"" như lời tố cáo của cô, chị Bích Lê phân trần: ""Cái sai của tôi là quản lý bé chặt quá."
Mot Viet kieu o My can nguoi ban hang vi chiec vi Michael Kors.,Một Việt kiều ở Mỹ cắn người bán hàng vì chiếc ví Michael Kors.
"Ha Everton, Arsenal thu hep khoang cach voi Man City.","Hạ Everton, Arsenal thu hẹp khoảng cách với Man City."
Nhiet do cao nhat: 29-32 do C.,Nhiệt độ cao nhất: 29-32 độ C.
"""Dau tu tich luy la xu huong cua cuoc song hien dai ma som hay muon ban cung se phai tham gia.","""Đầu tư tích lũy là xu hướng của cuộc sống hiện đại mà sớm hay muộn bạn cũng sẽ phải tham gia."
Phau thuat tim mien phi cho nhieu benh nhan tinh Thai Nguyen.,Phẫu thuật tim miễn phí cho nhiều bệnh nhân tỉnh Thái Nguyên.
Khac Viet tro lai xuc dong voi phim ngan ca nhac dau tay.,Khắc Việt trở lại xúc động với phim ngắn ca nhạc đầu tay.
"Pho Chu tich tu tu, Lotte van thu ve hang ngan ty dong.","Phó Chủ tịch tự tử, Lotte vẫn thu về hàng ngàn tỷ đồng."
Ninh Thuan cong bo dich cum H5N1 tren chim yen.,Ninh Thuận công bố dịch cúm H5N1 trên chim yến.
"""Cuoc song van con dai, nguoi tot khong bao gio thay doi, long nguoi ngay thang, cam on moi nguoi da luon ung ho"", anh chia se them.","""Cuộc sống vẫn còn dài, người tốt không bao giờ thay đổi, lòng người ngay thẳng, cảm ơn mọi người đã luôn ủng hộ"", anh chia sẻ thêm."
My cam ket vien tro tai chinh cho Palestine.,Mỹ cam kết viện trợ tài chính cho Palestine.
* Anh co nghi nhung nguoi nay phat ngon nhu the la do muon the hien quan diem hay muon gay su chu y tu chinh on ao cua anh?,* Anh có nghĩ những người này phát ngôn như thế là do muốn thể hiện quan điểm hay muốn gây sự chú ý từ chính ồn ào của anh?
Le hoi phim hoat hinh Viet Nam Han Quoc tai Ha Noi.,Lễ hội phim hoạt hình Việt Nam Hàn Quốc tại Hà Nội.
'Lac mat' truoc dan xe khung cua cac ngoi sao showbiz Viet.,'Lác mắt' trước dàn xế khủng của các ngôi sao showbiz Việt.
Pha am muu khung bo hoi nghi G-20.,Phá âm mưu khủng bố hội nghị G-20.
Khanh My 'tron' doan phim di du tiec.,Khánh My 'trốn' đoàn phim đi dự tiệc.
Canada: Xa sung dien cuong tai 1 bua tiec khu pho.,Canada: Xả súng điên cuồng tại 1 bữa tiệc khu phố.
"Doi nam nu dung ben le duong bi xe taxi tong, nguoi tu vong, nguoi nguy kich.","Đôi nam nữ đứng bên lề đường bị xe taxi tông, người tử vong, người nguy kịch."
Lan Phuong khoe style thanh lich.,Lan Phương khoe style thanh lịch.
Maritime Bank mua ao CLB Binh Duong gia 15 ti dong.,Maritime Bank mua áo CLB Bình Dương giá 15 tỉ đồng.
"Con nhieu lai xe, chu xe co tinh khong hop tac.","Còn nhiều lái xe, chủ xe cố tình không hợp tác."
"Ve kinh doanh, Newtecons vua cong bo le cat noc ""sieu du an"" Lake Tower thuoc du an Grand Marina, Saigon.","Về kinh doanh, Newtecons vừa công bố lễ cất nóc ""siêu dự án"" Lake Tower thuộc dự án Grand Marina, Saigon."
"Bo toi chi la mot vien chuc binh thuong, con me toi sau mot thoi gian di lam trong nha nuoc vi suc khoe ma phai nghi mat suc ve lam noi tro.","Bố tôi chỉ là một viên chức bình thường, còn mẹ tôi sau một thời gian đi làm trong nhà nước vì sức khỏe mà phải nghỉ mất sức về làm nội trợ."
"Truoc do, chieu 15.7 tai lo dat trong ben canh mot can nha tren duong Nguyen Tat Thanh (P.Xuan Ha, Q.Thanh Khe), Cong an quan nay bat qua tang Nguyen Van Thuan mang theo 6 vien thuoc lac va 1 goi ma tuy dang hang khay Ketamine.","Trước đó, chiều 15.7 tại lô đất trống bên cạnh một căn nhà trên đường Nguyễn Tất Thành (P.Xuân Hà, Q.Thanh Khê), Công an quận này bắt quả tang Nguyễn Văn Thuận mang theo 6 viên thuốc lắc và 1 gói ma túy dạng hàng khay Ketamine."
Viet Nhat hop tac san xuat pin sac Lithium cong nghe cao.,Việt Nhật hợp tác sản xuất pin sạc Lithium công nghệ cao.
Cho bat ngo o gio chot.,Chờ bất ngờ ở giờ chót.
Liverpool he lo mot loat muc tieu chuyen nhuong: Eriksen dung dau.,Liverpool hé lộ một loạt mục tiêu chuyển nhượng: Eriksen đứng đầu.
"Buc xuc vi danh roi 2 diem, Costa dam thung tuong.","Bức xúc vì đánh rơi 2 điểm, Costa đấm thủng tường."
De Gea: Ke luoi bieng va chung tinh.,De Gea: Kẻ lười biếng và chung tình.
"Vay neu muon song lau hon, dan ong can cap thiet loai bo thoi quen nao?","Vậy nếu muốn sống lâu hơn, đàn ông cần cấp thiết loại bỏ thói quen nào?"
"Trinh do bong da Indonesia cung khong du suc de den EAFF""… Chu tich PSSI, Mochamad Iriawan cung noi lai: ""Nhung danh gia nay rat chu quan.","Trình độ bóng đá Indonesia cũng không đủ sức để đến EAFF""… Chủ tịch PSSI, Mochamad Iriawan cũng nói lại: ""Những đánh giá này rất chủ quan."
An ninh tai Tunisia nghiem trong hon do bat on tu Lybia.,An ninh tại Tunisia nghiệm trọng hơn do bất ổn từ Lybia.
3000 sinh vien se tham du chuong trinh Startup UniTour.,3000 sinh viên sẽ tham dự chương trình Startup UniTour.
Thu tuong Anh tin Murray xung dang duoc phong tuoc hieu.,Thủ tướng Anh tin Murray xứng đáng được phong tước hiệu.
"DXP: Asiavantage Global Limited dang ky giao dich 374,400 cp.","DXP: Asiavantage Global Limited đăng ký giao dịch 374,400 cp."
Trung Quoc day manh cong tac chong buon lau qua bien gioi.,Trung Quốc đẩy mạnh công tác chống buôn lậu qua biên giới.
Nhieu kien nghi ve phat trien nha o xa hoi.,Nhiều kiến nghị về phát triển nhà ở xã hội.
Khong de siet quan ly thi truong my pham.,Không dễ siết quản lý thị trường mỹ phẩm.
Tau cho dau bi cuop o eo bien Malacca.,Tàu chở dầu bị cướp ở eo biển Malacca.
"Phat hien ra su viec, mot cau be khac da chay di cau cuu ba cua minh.","Phát hiện ra sự việc, một cậu bé khác đã chạy đi cầu cứu bà của mình."
"Hon nua, hanh dong nay co the gay nguy hiem cho chinh hanh khach do neu chang may bi ket quan ao hoac truot nga.","Hơn nữa, hành động này có thể gây nguy hiểm cho chính hành khách đó nếu chẳng may bị kẹt quần áo hoặc trượt ngã."
Tai sao ban thieu ngu?.,Tại sao bạn thiếu ngủ?.
Loat anh mau cuc dep ve nuoc Nga ngay xua (2).,Loạt ảnh màu cực đẹp về nước Nga ngày xưa (2).
Chipset gia re cho dien thoai thong minh Android.,Chipset giá rẻ cho điện thoại thông minh Android.
Gia xang giam 300 dong/ lit tu 20 gio toi nay.,Giá xăng giảm 300 đồng/ lít từ 20 giờ tối nay.
UNESCO Viet Nam don nhan Huan chuong Doc lap.,UNESCO Việt Nam đón nhận Huân chương Độc lập.
Ngay khi phat hien nguoi bi ngo doc thuoc tru sau can chuyen nguoi benh den co so y te gan nhat de duoc cap cuu giai doc kip thoi.,Ngay khi phát hiện người bị ngộ độc thuốc trừ sâu cần chuyển người bệnh đến cơ sở y tế gần nhất để được cấp cứu giải độc kịp thời.
"Mau thuan, chong dam vo trong thuong roi den cong an tu thu.","Mâu thuẫn, chồng đâm vợ trọng thương rồi đến công an tự thú."
"Mot uu diem khac cua tau ngam trang bi AIP la co chi phi thap hon nhieu so voi tau ngam chay bang nang luong hat nhan, nhung lai chay em hon va hau nhu khong tao ra tieng on khi di chuyen duoi nuoc voi toc do thap.","Một ưu điểm khác của tàu ngầm trang bị AIP là có chi phí thấp hơn nhiều so với tàu ngầm chạy bằng năng lượng hạt nhân, nhưng lại chạy êm hơn và hầu như không tạo ra tiếng ồn khi di chuyển dưới nước với tốc độ thấp."
"Chu so huu nguon nguy hiem cao do phai van hanh, su dung, bao quan, trong giu, van chuyen nguon nguy hiem cao do theo dung quy dinh cua phap luat.","Chủ sở hữu nguồn nguy hiểm cao độ phải vận hành, sử dụng, bảo quản, trông giữ, vận chuyển nguồn nguy hiểm cao độ theo đúng quy định của pháp luật."
"Bat dau tu The Voice, Cat Tuong tung buoc den gan hon voi khan gia bang giong hat va dac biet hon, bang chinh nhung ca khuc do co tu sang tac.","Bắt đầu từ The Voice, Cát Tường từng bước đến gần hơn với khán giả bằng giọng hát và đặc biệt hơn, bằng chính những ca khúc do cô tự sáng tác."
"Ong Draghi, nguoi tung la Thong doc Ngan hang Trung uong chau Au, tro thanh Thu tuong Y tu nam 2021, khi Y dang gap nhieu kho khan vi dai dich COVID-19 va kinh te om yeu.","Ông Draghi, người từng là Thống đốc Ngân hàng Trung ương châu Âu, trở thành Thủ tướng Ý từ năm 2021, khi Ý đang gặp nhiều khó khăn vì đại dịch COVID-19 và kinh tế ốm yếu."
"Co nhung ngay minh phai ra khoi nha tu rat som, cung co khi ve nha khi da toi muon.","Có những ngày mình phải ra khỏi nhà từ rất sớm, cũng có khi về nhà khi đã tối muộn."
Mua he chon thach la nep de giai khat thi cung hop ly qua con gi.,Mùa hè chọn thạch lá nếp để giải khát thì cũng hợp lý quá còn gì.
Duong day cung cap thuoc no cho cac bai vang.,Đường dây cung cấp thuốc nổ cho các bãi vàng.
'Lo lem' Seo Woo gia truoc tuoi vi bo do nhu vay ngu.,'Lọ lem' Seo Woo già trước tuổi vì bộ đồ như váy ngủ.
Thong tin them vu thanh nien o Dac Lac bi canh sat 113 xit hoi cay.,Thông tin thêm vụ thanh niên ở Đắc Lắc bị cảnh sát 113 xịt hơi cay.
"Thi sinh cao 95cm mo thanh chuyen gia ""ban phim"".","Thí sinh cao 95cm mơ thành chuyên gia ""bàn phím""."
Iraq: Danh bom lieu chet lam 3 canh sat thiet mang.,Iraq: Đánh bom liều chết làm 3 cảnh sát thiệt mạng.
Toan canh Gala Qua bong vang FIFA 2014: Tieng thet cua Ronaldo.,Toàn cảnh Gala Quả bóng vàng FIFA 2014: Tiếng thét của Ronaldo.
Boi toc do phat trien cua nganh du lich Viet Nam tang truong rat tot va co nhieu loi the canh tranh.,Bởi tốc độ phát triển của ngành du lịch Việt Nam tăng trưởng rất tốt và có nhiều lợi thế cạnh tranh.
"""De kho nhung hay, de cap den van de thoi su nhu xet nghiem nhanh Covid, loai bo CO2 trong khong khi..."", Minh nho ve ngay thi 13/7.","""Đề khó nhưng hay, đề cập đến vấn đề thời sự như xét nghiệm nhanh Covid, loại bỏ CO2 trong không khí..."", Minh nhớ về ngày thi 13/7."
Bau tong thong Nga tai Mui Ne.,Bầu tổng thống Nga tại Mũi Né.
"9 thang dau nam, ca nuoc xay ra hon 1.300 vu chay.","9 tháng đầu năm, cả nước xảy ra hơn 1.300 vụ cháy."
Sap xep bong billard.,Sắp xếp bóng billard.
Uong ruou say gay tai nan lien hoan roi phong xe bo chay.,Uống rượu say gây tai nạn liên hoàn rồi phóng xe bỏ chạy.
Hilary Duff khoe anh con trai 2 tuan tuoi.,Hilary Duff khoe ảnh con trai 2 tuần tuổi.
Smartphone LG G4 lo anh - Them mot sieu pham cong.,Smartphone LG G4 lộ ảnh - Thêm một siêu phẩm cong.
"Tai giai, U.16 Viet Nam nam tai bang A voi chu nha Indonesia cung cac doi thu Singapore va Philippines.","Tại giải, U.16 Việt Nam nằm tại bảng A với chủ nhà Indonesia cùng các đối thủ Singapore và Philippines."
"Xin chia buon sau sac voi dat nuoc va nhan dan Nhat Ban, voi gia quyen Ngai cuu Thu tuong dang kinh, voi ba Akie Abe ma chung toi rat nguong mo vi co nhieu dip gap go.""- Dai su bay to.","Xin chia buồn sâu sắc với đất nước và nhân dân Nhật Bản, với gia quyến Ngài cựu Thủ tướng đáng kính, với bà Akie Abe mà chúng tôi rất ngưỡng mộ vì có nhiều dịp gặp gỡ.""- Đại sứ bày tỏ."
Cong bo gia Subaru WRX va WRX STI 2018.,Công bố giá Subaru WRX và WRX STI 2018.
"Kinh hai den tham ngoi lang toan ""nguoi chet hien hinh"".","Kinh hãi đến thăm ngôi làng toàn ""người chết hiện hình""."
Co ban hoan thanh cong trinh thoat nuoc Ha Noi giai doan II.,Cơ bản hoàn thành công trình thoát nước Hà Nội giai đoạn II.
BN co dong nghiep nhiem cum A.,BN có đồng nghiệp nhiễm cúm A.
Nhieu truong dai hoc se cong bo ket qua tuyen sinh truoc thang 8-2014.,Nhiều trường đại học sẽ công bố kết quả tuyển sinh trước tháng 8-2014.
Sunrise City tao niem tin voi tien do thi cong.,Sunrise City tạo niềm tin với tiến độ thi công.
Cang bien qua tai.,Cảng biển quá tải.
"Gia danh cong an lua tinh, tai san.","Giả danh công an lừa tình, tài sản."
Bi cam van 'vo tu' vuot den vang.,Bị cấm vẫn 'vô tư' vượt đèn vàng.
"“Chung ta co moi thu can thiet de lam viec cung nhau va dat duoc ket qua nham dam bao on dinh va an ninh toan cau, tang truong ben vung va thinh vuong cung nhu hanh phuc tot hon cho nguoi dan cua chung ta”. Hoi nghi thuong dinh lan thu 14 cua BRICS do Trung Quoc - nuoc giu chuc chu tich luan phien cua BRICS - to chuc.","“Chúng ta có mọi thứ cần thiết để làm việc cùng nhau và đạt được kết quả nhằm đảm bảo ổn định và an ninh toàn cầu, tăng trưởng bền vững và thịnh vượng cũng như hạnh phúc tốt hơn cho người dân của chúng ta”. Hội nghị thượng đỉnh lần thứ 14 của BRICS do Trung Quốc - nước giữ chức chủ tịch luân phiên của BRICS - tổ chức."
"Tien ve nay cho biet: ""Toi da nghe thay nhung tieng la o, toi khong hieu tai sao ho lai lam nhu vay.","Tiền vệ này cho biết: ""Tôi đã nghe thấy những tiếng la ó, tôi không hiểu tại sao họ lại làm như vậy."
MU da dat duoc thoa thuan chuyen nhuong tri gia 72 trieu bang voi Barcelona.,MU đã đạt được thỏa thuận chuyển nhượng trị giá 72 triệu bảng với Barcelona.
Men gan cua be tang rat cao!.,Men gan của bé tăng rất cao!.
Pakistan: Mot ngay hai vu danh bom.,Pakistan: Một ngày hai vụ đánh bom.
Viet them 5 doan ket vao kich ban cuoi cung cua George Bernard Shaw.,Viết thêm 5 đoạn kết vào kịch bản cuối cùng của George Bernard Shaw.
"Kho khan trong viec ""ren"" con.","Khó khăn trong việc ""rèn"" con."
Nhan vien studio thuong xuyen tu van cho khach den 10 gio toi ma chua xong.,Nhân viên studio thường xuyên tư vấn cho khách đến 10 giờ tối mà chưa xong.
"Loan quang cao thuc pham chuc nang tri ung thu, viem loet da day.","Loạn quảng cáo thực phẩm chức năng trị ung thư, viêm loét dạ dày."
Nhung tai tu khong bao gio nen cao rau.,Những tài tử không bao giờ nên cạo râu.
"""Nga la quoc gia quan trong.","""Nga là quốc gia quan trọng."
No lon tai tru so Cong an Dak Lak: Trao bang To quoc ghi cong cho gia dinh 3 liet sy.,Nổ lớn tại trụ sở Công an Đắk Lắk: Trao bằng Tổ quốc ghi công cho gia đình 3 liệt sỹ.
Trinh Chinh phu De an to chuc chinh quyen do thi.,Trình Chính phủ Đề án tổ chức chính quyền đô thị.
"Hien tai, MV nay da dat con so ""khung"" la hon 4,5 ty luot xem tren YouTube.","Hiện tại, MV này đã đạt con số ""khủng"" là hơn 4,5 tỷ lượt xem trên YouTube."
Phu huynh danh GV tai lop va bai tho gay xuc dong cua mot co giao.,Phụ huynh đánh GV tại lớp và bài thơ gây xúc động của một cô giáo.
Xay dung ke hoach phat trien kinh te - xa hoi 2016 - 2020.,Xây dựng kế hoạch phát triển kinh tế - xã hội 2016 - 2020.
Kho thi hoc.,Khổ thì học.
"Trao doi voi phong vien Bao Nguoi Lao Dong, mot so nha cung cap to ra kha lo lang truoc viec nhieu cua hang cua Bach Hoa Xanh dong cua nhung khong nhan duoc thong bao chinh thuc nao tu chuoi ban le nay.","Trao đổi với phóng viên Báo Người Lao Động, một số nhà cung cấp tỏ ra khá lo lắng trước việc nhiều cửa hàng của Bách Hóa Xanh đóng cửa nhưng không nhận được thông báo chính thức nào từ chuỗi bán lẻ này."
"Dao rong khoang 18 ha, duoc mo ta la co vi tri chien luoc tren Bien Den.","Đảo rộng khoảng 18 ha, được mô tả là có vị trí chiến lược trên Biển Đen."
Trong tranh xuat khau thuy san.,Tròng trành xuất khẩu thủy sản.
Bayern chiem uu the truoc Dortmund: Bang chung thep!.,Bayern chiếm ưu thế trước Dortmund: Bằng chứng thép!.
Sap co website ve giam nhe thien tai.,Sắp có website về giảm nhẹ thiên tai.
Nokia sap trinh lang laptop thu hai.,Nokia sắp trình làng laptop thứ hai.
39 nha thiet ke trong va ngoai nuoc cung thiet ke hoa tuoi tren ao dai Viet.,39 nhà thiết kế trong và ngoài nước cùng thiết kế hoa tươi trên áo dài Việt.
Minh bach thong tin de chong tham nhung.,Minh bạch thông tin để chống tham nhũng.
Doan benh tat qua thang sinh.,Đoán bệnh tật qua tháng sinh.
Bi ban than tong tien vi ngoai tinh.,Bị bạn thân tống tiền vì ngoại tình.
Hien truong vu xe container 'dinh chat' vao xe con tren quoc lo.,Hiện trường vụ xe container 'dính chặt' vào xe con trên quốc lộ.
Tinh huong nay se chang co gi dang chu y neu cac co dong vien Uzbekistan khong tai dien hanh dong xau xi tren khan dai.,Tình huống này sẽ chẳng có gì đáng chú ý nếu các cổ động viên Uzbekistan không tái diễn hành động xấu xí trên khán đài.
Anh mau hiem co ve Thoi dai Hitler.,Ảnh màu hiếm có về Thời đại Hitler.
Trung Quoc xa lu dot ngot gay lu tren song Hong.,Trung Quốc xả lũ đột ngột gây lũ trên sông Hồng.
"Xac dinh vai tro, vi the Vung Thu do.","Xác định vai trò, vị thế Vùng Thủ đô."
Toi mat nhieu thu vi ban hang da cap.,Tôi mất nhiều thứ vì bán hàng đa cấp.
Lang Van mot nam ve pho.,Làng Vân một năm về phố.
"Hien nay, co the phat hien khoi u dua vao chat danh dau dong vi phong xa va ky thuat kep thuoc nhuom xanh - y hoc hat nhan.","Hiện nay, có thể phát hiện khối u dựa vào chất đánh dấu đồng vị phóng xạ và kỹ thuật kép thuốc nhuộm xanh - y học hạt nhân."
"Xe tai huc bay dai phan cach, lao thang xuong kenh.","Xe tải húc bay dải phân cách, lao thẳng xuống kênh."
Bat tam giam 3 tho san vooc.,Bắt tạm giam 3 thợ săn voọc.
Van Gaal tiet lo ly do de Falcao ngoi du bi.,Van Gaal tiết lộ lý do để Falcao ngồi dự bị.
Tron bo hinh anh chang Dong Chul cua Phia dong vuon dia dang tren W.,Trọn bộ hình ảnh chàng Dong Chul của Phía đông vườn địa đàng trên W.
Ngam Sai Gon day lang man tu Fairy Coffee.,Ngắm Sài Gòn đầy lãng mạn từ Fairy Coffee.
"Ngay 28/7, dai dien Benh vien Nhan Dan Gia Dinh TPHCM cho biet, su viec nhan vien y te bi hanh hung xay ra vao toi 27/7.","Ngày 28/7, đại diện Bệnh viện Nhân Dân Gia Định TPHCM cho biết, sự việc nhân viên y tế bị hành hung xảy ra vào tối 27/7."
GD Cty luat trung tuyen chuc Hieu truong Truong Dai hoc Luat HN.,GĐ Cty luật trúng tuyển chức Hiệu trưởng Trường Đại học Luật HN.
Nguoi than gia dinh ong Vuon hy vong.,Người thân gia đình ông Vươn hy vọng.
"IS cong bo video cho tre em hanh quyet 2 ""diep vien Nga"".","IS công bố video cho trẻ em hành quyết 2 ""điệp viên Nga""."
"Biet noi dau cua nhung ba me don than nay, Hong Que co chun buoc?.","Biết nỗi đau của những bà mẹ đơn thân này, Hồng Quế có chùn bước?."
"Dang M5S cung bat dong voi ong Mario Draghi trong cach ung pho voi xung dot Nga-Ukraine khi nhieu lan phan doi viec Italy vien tro vu khi cho Ukraine trong khi Thu tuong Italy, ong Mario Draghi lai la mot trong nhung lanh dao chau Au ung ho manh me nhat chinh quyen Ukraine.","Đảng M5S cũng bất đồng với ông Mario Draghi trong cách ứng phó với xung đột Nga-Ukraine khi nhiều lần phản đối việc Italy viện trợ vũ khí cho Ukraine trong khi Thủ tướng Italy, ông Mario Draghi lại là một trong những lãnh đạo châu Âu ủng hộ mạnh mẽ nhất chính quyền Ukraine."
6 ung vien cho ngoi vi so mot the gioi nu.,6 ứng viên cho ngôi vị số một thế giới nữ.
Cac mat hang van chua leo thang.,Các mặt hàng vẫn chưa leo thang.
Xuat hien hinh anh dau tien cua Sony Ericsson Nozomi.,Xuất hiện hình ảnh đầu tiên của Sony Ericsson Nozomi.
"Brazil ap dung nhieu cong nghe cao chuan bi World Cup 2014: Robot, ""Robocop"", UAV.","Brazil áp dụng nhiều công nghệ cao chuẩn bị World Cup 2014: Robot, ""Robocop"", UAV."
Totem Soi va cuoc dua den Oscar cua dien anh Trung Quoc.,Tôtem Sói và cuộc đua đến Oscar của điện ảnh Trung Quốc.
"Tap trung kiem toan cac linh vuc lien quan den chinh sach tai khoa, tien te.","Tập trung kiểm toán các lĩnh vực liên quan đến chính sách tài khóa, tiền tệ."
"Ong da de lai mot di san day mau sac giup hoi sinh nen kinh te, dong thoi tao ra nhung thay doi lon cua dat nuoc chung ta"". Gia dinh cua cuu Tong thong Fidel Ramos va Bo Quoc phong Philippines sau do cung dua ra tuyen bo chinh thuc ve su ra di cua nha lanh dao nay.","Ông đã để lại một di sản đầy màu sắc giúp hồi sinh nền kinh tế, đồng thời tạo ra những thay đổi lớn của đất nước chúng ta"". Gia đình của cựu Tổng thống Fidel Ramos và Bộ Quốc phòng Philippines sau đó cũng đưa ra tuyên bố chính thức về sự ra đi của nhà lãnh đạo này."
Phap: Nhom sinh vien My bi tat axit.,Pháp: Nhóm sinh viên Mỹ bị tạt axít.
Viet Nam da vuot qua 3 cuoc khung hoang.,Việt Nam đã vượt qua 3 cuộc khủng hoảng.
Thu gui chim!.,Thư gửi chim!.
"Zidane: ""Dung so sanh toi voi Pep Guardiola"".","Zidane: ""Đừng so sánh tôi với Pep Guardiola""."
"""Viet Nam van hoa su cuong"" duoc bien soan va xuat ban lan dau nam 1938, la mot no luc giai quyet cuoc va cham giua van hoa Viet Nam truyen thua tu bao doi va van hoa phuong tay du nhap lan tran trong boi canh xa hoi nuoc ta dau the ky XX.","""Việt Nam văn hóa sử cương"" được biên soạn và xuất bản lần đầu năm 1938, là một nỗ lực giải quyết cuộc va chạm giữa văn hóa Việt Nam truyền thừa từ bao đời và văn hóa phương tây du nhập lan tràn trong bối cảnh xã hội nước ta đầu thế kỷ XX."
"Ha Noi khoi cong du an nha o cho hoc sinh, sinh vien.","Hà Nội khởi công dự án nhà ở cho học sinh, sinh viên."
"Neu phai ra di, ben do moi cua anh phai la mot doi co ve du Champions League.","Nếu phải ra đi, bến đỗ mới của anh phải là một đội có vé dự Champions League."
"“Tuyen Quan Son ve thanh pho Thanh Hoa la duong doc dao, mot ben la vuc, mot ben la nui.","“Tuyến Quan Sơn về thành phố Thanh Hóa là đường độc đạo, một bên là vực, một bên là núi."
"250 cuoc goi phan anh xe khach tang gia, cho qua nguoi.","250 cuộc gọi phản ánh xe khách tăng giá, chở quá người."
Nang cao hieu qua dieu tri vat ly tri lieu.,Nâng cao hiệu quả điều trị vật lý trị liệu.
Chuyen bay ky thuat cua VNA ha canh an toan xuong san bay Can Tho.,Chuyến bay kỹ thuật của VNA hạ cánh an toàn xuống sân bay Cần Thơ.
"Hanh vi cua bi cao Le Van Minh da du yeu to cau thanh toi ""Nhan hoi lo"". Doi voi bi cao Le Xuan Thanh (cuu Thieu tuong, Tu lenh Vung Canh sat bien 3, Bo Tu lenh Canh sat bien), cao trang cho rang, khi duoc Phan Thanh Huu nho giup do, bi cao Thanh biet Huu co cac tau van chuyen xang qua cac vung bien.","Hành vi của bị cáo Lê Văn Minh đã đủ yếu tố cấu thành tội ""Nhận hối lộ"". Đối với bị cáo Lê Xuân Thanh (cựu Thiếu tướng, Tư lệnh Vùng Cảnh sát biển 3, Bộ Tư lệnh Cảnh sát biển), cáo trạng cho rằng, khi được Phan Thanh Hữu nhờ giúp đỡ, bị cáo Thanh biết Hữu có các tàu vận chuyển xăng qua các vùng biển."
Cung tren tuyen duong Le Van Luong con co nhieu du an duoc dieu chinh quy hoach nhu tru so Cong ty HUD ket hop van phong cho thue.,Cũng trên tuyến đường Lê Văn Lương còn có nhiều dự án được điều chỉnh quy hoạch như trụ sở Công ty HUD kết hợp văn phòng cho thuê.
Gia vang giam do lac quan kinh te Hoa Ky.,Giá vàng giảm do lạc quan kinh tế Hoa Kỳ.
Tau ngam hat nhan My ro ri phong xa.,Tàu ngầm hạt nhân Mỹ rò rỉ phóng xạ.
"Trong khi do, “ky thuc tap” tot nghiep yeu cau moi hoc vien nhu chi Nga tu van cho toi thieu 2 nguoi va it nhat mot khach hang hoan thanh du 5 danh muc.","Trong khi đó, “kỳ thực tập” tốt nghiệp yêu cầu mỗi học viên như chị Nga tư vấn cho tối thiểu 2 người và ít nhất một khách hàng hoàn thành đủ 5 danh mục."
Hoc truc tuyen voi MIT va Havard.,Học trực tuyến với MIT và Havard.
Quang Ninh khang dinh khong cap phep thanh lap 'Hiep hoi Gas Quang Ninh'.,Quảng Ninh khẳng định không cấp phép thành lập 'Hiệp hội Gas Quảng Ninh'.
Chuan bi khoi cong khu y te ky thuat cao TPHCM.,Chuẩn bị khởi công khu y tế kỹ thuật cao TPHCM.
Bang cuop quat nga nan nhan xuong duong de lay dien thoai.,Băng cướp quật ngã nạn nhân xuống đường để lấy điện thoại.
Mit tinh ky niem 51 nam ngay truyen thong (23/4/1959 - 23/4-2010).,Mít tinh kỷ niệm 51 năm ngày truyền thống (23/4/1959 - 23/4-2010).
"UBND TP Da Nang vua co cong van giao So Xay dung, Ban quan ly Khu cong nghe cao (KCNC), cac khu cong nghiep (KCN) va cac don vi lien quan nang cao hieu luc, hieu qua quan ly nha nuoc ve KCN.","UBND TP Đà Nẵng vừa có công văn giao Sở Xây dựng, Ban quản lý Khu công nghệ cao (KCNC), các khu công nghiệp (KCN) và các đơn vị liên quan nâng cao hiệu lực, hiệu quả quản lý nhà nước về KCN."
De 8 chan ra doi o Croatia.,Dê 8 chân ra đời ở Croatia.
Hang chuc xe may lao vao duong cam tren cau Thang Long.,Hàng chục xe máy lao vào đường cấm trên cầu Thăng Long.
Laser ban ha ten lua.,Laser bắn hạ tên lửa.
Tra luong bang co phieu - Co nen?.,Trả lương bằng cổ phiếu - Có nên?.
'Dau truong tieu lam': Tran Thanh bam bung loai con gai Le Giang truoc chung ket.,'Đấu trường tiếu lâm': Trấn Thành bấm bụng loại con gái Lê Giang trước chung kết.
"Lan dau tien dat chan den K9 Da Chong, anh Vo Dung, CN Nha may nuoc Thu Duc - Tong Cong ty Cap nuoc Sai Gon, bay to: ""Toi rat an tuong khi nghe co thuyet minh ke ve cac hon soi xung quanh khu nha lam viec cua Bac.","Lần đầu tiên đặt chân đến K9 Đá Chông, anh Võ Dũng, CN Nhà máy nước Thủ Đức - Tổng Công ty Cấp nước Sài Gòn, bày tỏ: ""Tôi rất ấn tượng khi nghe cô thuyết minh kể về các hòn sỏi xung quanh khu nhà làm việc của Bác."
"Trom vao nha hang, lay kiem Nhat.","Trộm vào nhà hàng, lấy kiếm Nhật."
Hyosung (Secret) ngot ngao voi noi y.,Hyosung (Secret) ngọt ngào với nội y.
"Khi mua ga, ban nen chon nhung con co long bao phu xung quanh ngon chan.","Khi mua gà, bạn nên chọn những con có lông bao phủ xung quanh ngón chân."
"Dau tu cai tao, nang cap doan quoc lo 50 thuoc tinh Long An.","Đầu tư cải tạo, nâng cấp đoạn quốc lộ 50 thuộc tỉnh Long An."
4 ngay cau Truong Tien xay ra 2 vu tu tu.,4 ngày cầu Trường Tiền xảy ra 2 vụ tự tử.
Cac nha dau tu khuynh gia bai san vi dat.,Các nhà đầu tư khuynh gia bại sản vì đất.
Anh ngoi sao 24h: Top 10 cau thu bong da vo dich the gioi ao.,Ảnh ngôi sao 24h: Top 10 cầu thủ bóng đá vô địch thế giới ảo.
"Thay vao do, thay tro ong Dinh The Nam da di tham quan de cam nhan ve mat san, khong gian san thi dau chinh thuc.","Thay vào đó, thầy trò ông Đinh Thế Nam đã đi tham quan để cảm nhận về mặt sân, không gian sân thi đấu chính thức."
Kiem tra nick an chinh xac 100%.,Kiểm tra nick ẩn chính xác 100%.
Vo Lam Truyen Ky cung cap cum may chu mien phi.,Võ Lâm Truyền Kỳ cung cấp cụm máy chủ miễn phí.
TP HCM duoc gi va chua duoc gi voi chuong trinh hau cai nghien?.,TP HCM được gì và chưa được gì với chương trình hậu cai nghiện?.
Dung co mo mua Honda CR-V voi gia thap ky luc.,Đừng có mơ mua Honda CR-V với giá thấp kỷ lục.
Thua Thien Hue: Thit thu rung ngang nhien bay ban giua pho.,Thừa Thiên Huế: Thịt thú rừng ngang nhiên bầy bán giữa phố.
Phi Thanh Van sap cuoi phi cong tre?.,Phi Thanh Vân sắp cưới phi công trẻ?.
Thanh toan truc tuyen bang the noi dia Eximbank - VTOP.,Thanh toán trực tuyến bằng thẻ nội địa Eximbank - VTOP.
"""He thong thuy loi Tan My se hoan thanh mot phan vao nam 2016 - 2017"".","""Hệ thống thủy lợi Tân Mỹ sẽ hoàn thành một phần vào năm 2016 - 2017""."
Chua bao gio ap luc phai cay show de nuoi con PV: Co them em be thi anh co ap luc ve viec phai cay show lien tuc khong?,Chưa bao giờ áp lực phải cày show để nuôi con PV: Có thêm em bé thì anh có áp lực về việc phải cày show liên tục không?
Nhung trang web cung cap anh nen dep nhat tren internet.,Những trang web cung cấp ảnh nền đẹp nhất trên internet.
"Day chinh la nguon khach hang doi dao, mo ra tiem nang kinh doanh sinh loi uu viet cho khu shophouse khoi de Nera Garden.","Đây chính là nguồn khách hàng dồi dào, mở ra tiềm năng kinh doanh sinh lời ưu việt cho khu shophouse khối đế Nera Garden."
"Thu 2 neu sap nhap, ve dien tich rong hon, du dieu kien xay dung phong hoc kien co, phong hoc bo mon va nha o ban tru cho hoc sinh an o, o diem le khong lam duoc.","Thứ 2 nếu sáp nhập, về diện tích rộng hơn, đủ điều kiện xây dựng phòng học kiên cố, phòng học bộ môn và nhà ở bán trú cho học sinh ăn ở, ở điểm lẻ không làm được."
"Xe dap cho be, quan ao va giay be trai ke dam Bigsize, giay cao got, giay the duc cho me.","Xe đạp cho bé, quần áo và giầy bé trai ké đầm Bigsize, giầy cao gót, giầy thể dục cho mẹ."
9 kieu make-up kinh di tai Paris Fashion Week.,9 kiểu make-up kinh dị tại Paris Fashion Week.
Ra truong nhan luong 1.000 USD/thang.,Ra trường nhận lương 1.000 USD/tháng.
Vun dap tinh huu nghi Viet Nam Venezuela.,Vun đắp tình hữu nghị Việt Nam Venezuela.
Day la cay cau dai nhat trong so 8 cay cau tao nen Con duong Dai Tay Duong (Atlantic Road) cua Na Uy.,Đây là cây cầu dài nhất trong số 8 cây cầu tạo nên Con đường Đại Tây Dương (Atlantic Road) của Na Uy.
Mexico va Peru bat giu nhieu toi pham ma tuy.,Mexico và Peru bắt giữ nhiều tội phạm ma túy.
"Ha Noi lai ""chim"" trong bien nuoc.","Hà Nội lại ""chìm"" trong biển nước."
"10 chung benh anh huong den ""chuyen ay"" cua nguoi gia.","10 chứng bệnh ảnh hưởng đến ""chuyện ấy"" của người già."
Cac buoc can thiet de song sot trong sieu bao.,Các bước cần thiết để sống sót trong siêu bão.
"Giai quyet dut diem cac vu viec buc xuc, keo dai, an ton dong qua han luat dinh.","Giải quyết dứt điểm các vụ việc bức xúc, kéo dài, án tồn đọng quá hạn luật định."
Mang luoi sinh vien vi tuong lai cong dong nguoi Viet tai Sec.,Mạng lưới sinh viên vì tương lai cộng đồng người Việt tại Séc.
Mot chu tich HDQT bi bat vi thao tung gia chung khoan.,Một chủ tịch HĐQT bị bắt vì thao túng giá chứng khoán.
Dan Quang Nam thu lai 100 trieu dong/thang nho cay rau ma.,Dân Quảng Nam thu lãi 100 triệu đồng/tháng nhờ cây rau má.
"Thong diep da duoc dang tren trang Facebook chinh thuc cua chinh quyen tinh, kem theo do la anh va ho chieu cua nguoi dan ong Nigeria.","Thông điệp đã được đăng trên trang Facebook chính thức của chính quyền tỉnh, kèm theo đó là ảnh và hộ chiếu của người đàn ông Nigeria."
"Lo anh nude cua Scarlett Johanson, Mila Kunis.","Lộ ảnh nude của Scarlett Johanson, Mila Kunis."
"2 kieu nu moi ""quan he"" roi giet nan nhan de cuop.","2 kiều nữ mời ""quan hệ"" rồi giết nạn nhân để cướp."
Ai dong cap voi Angela Phuong Trinh trong 'Su menh trai tim'?.,Ai đóng cặp với Angela Phương Trinh trong 'Sứ mệnh trái tim'?.
"70% gia tri con lai cua ngoi nha, Quan vay ngan hang va tra gop hang thang, khoang 11 trieu dong/thang.","70% giá trị còn lại của ngôi nhà, Quân vay ngân hàng và trả góp hàng tháng, khoảng 11 triệu đồng/tháng."
"Geouge thong qua doanh nghiep do minh sang lap va lam chu, ban duoc hon 14.000 bo thiet bi.","Geouge thông qua doanh nghiệp do mình sáng lập và làm chủ, bán được hơn 14.000 bộ thiết bị."
Chon dung nganh vao cao dang: Ty le do cao.,Chọn đúng ngành vào cao đẳng: Tỷ lệ đỗ cao.
Can lam ro ke chu muu.,Cần làm rõ kẻ chủ mưu.
Muon dua tin the thao Viet Nam phai qua cua AVG?.,Muốn đưa tin thể thao Việt Nam phải qua cửa AVG?.
Gia nhua tang 20%-30%.,Giá nhựa tăng 20%-30%.
Mat na xoai tri toc che ngon.,Mặt nạ xoài trị tóc chẻ ngọn.
"Dieu dong, bo nhiem nhan su chu chot TPHCM, Nghe An.","Điều động, bổ nhiệm nhân sự chủ chốt TPHCM, Nghệ An."
Dan dang bi nganh dien ap dat gia?.,Dân đang bị ngành điện áp đặt giá?.
Lun mat cau Thanh Tri khong nguy hiem?.,Lún mặt cầu Thanh Trì không nguy hiểm?.
Benh nhi tang 150 - 200%.,Bệnh nhi tăng 150 - 200%.
Thiet lap he thong thong tin cuu nan tau ca o Truong Sa.,Thiết lập hệ thống thông tin cứu nạn tàu cá ở Trường Sa.
US&UK;: Cac bang xep hang quay ngoat 180 do voi con sot American Idol.,US&UK;: Các bảng xếp hạng quay ngoắt 180 độ với cơn sốt American Idol.
Cuc Buu dien Trung uong nhan Huan chuong Doc lap hang Nhi.,Cục Bưu điện Trung ương nhận Huân chương Độc lập hạng Nhì.
Sau nguoi da chet cong vi gia lanh o phia Bac An Do.,Sáu người đã chết cóng vì giá lạnh ở phía Bắc Ấn Độ.
"Mot so cuu hoa hau tung noi voi toi rang that kho de cham soc suc khoe the chat vi khong du thoi gian tap luyen hoac tuan thu che do an phu hop"", hoa hau chia se.","Một số cựu hoa hậu từng nói với tôi rằng thật khó để chăm sóc sức khỏe thể chất vì không đủ thời gian tập luyện hoặc tuân thủ chế độ ăn phù hợp"", hoa hậu chia sẻ."
Husky Express gat hai duoc nhieu thanh cong.,Husky Express gặt hái được nhiều thành công.
Iran: Chuyen hy huu ben duoi gia treo co.,Iran: Chuyện hy hữu bên dưới giá treo cổ.
"Nga, Trieu Tien dat thoa thuan dot pha.","Nga, Triều Tiên đạt thỏa thuận đột phá."
Vi sao nen uong nuoc chanh vao buoi sang?.,Vì sao nên uống nước chanh vào buổi sáng?.
"Trong tinh huong do, neu con ban muon ""ven ca doi duong"" thi co the hoi nguoi ban thu 2 xem co the mang theo nguoi ban thu nhat khong.","Trong tình huống đó, nếu con bạn muốn ""vẹn cả đôi đường"" thì có thể hỏi người bạn thứ 2 xem có thể mang theo người bạn thứ nhất không."
"Tong Cong ty Dau tu phat trien duong cao toc Viet Nam (VEC) tap trung thuc hien cac bien phap de day nhanh tien do lap dat cac lan thu phi con lai (huy dong nhan luc, thiet bi, cai tien phuong phap trien khai...), phoi hop chat che voi Cong ty TNHH thu phi tu dong VETC hoan thanh toan bo cong viec lap dat, van hanh thiet bi thu phi dien tu khong dung tai cac tram thu phi truoc ngay 31.7.2022 nhu da cam ket.","Tổng Công ty Đầu tư phát triển đường cao tốc Việt Nam (VEC) tập trung thực hiện các biện pháp để đẩy nhanh tiến độ lắp đặt các làn thu phí còn lại (huy động nhân lực, thiết bị, cải tiến phương pháp triển khai...), phối hợp chặt chẽ với Công ty TNHH thu phí tự động VETC hoàn thành toàn bộ công việc lắp đặt, vận hành thiết bị thu phí điện tử không dừng tại các trạm thu phí trước ngày 31.7.2022 như đã cam kết."
Du an xay dung cang nuoc sau Cua Lo la mot hang muc chinh trong Trung tam Dich vu logistics vung Bac Trung Bo tai Nghe An.,Dự án xây dựng cảng nước sâu Cửa Lò là một hạng mục chính trong Trung tâm Dịch vụ logistics vùng Bắc Trung Bộ tại Nghệ An.
Snowden da tiet lo 200.000 tai lieu 'mat' va 'tuyet mat'.,Snowden đã tiết lộ 200.000 tài liệu 'mật' và 'tuyệt mật'.
"Trong so nay, Ban Thuong vu Tinh uy Khanh Hoa quyet dinh khai tru khoi Dang doi voi 6 dang vien vi pham phap luat, bi khoi to trong viec thuc hien Du an BT (xay dung - chuyen giao) Truong Chinh tri tinh va hoan von khu dat so 01 duong Tran Hung Dao, phuong Loc Tho, thanh pho Nha Trang (tru so Truong Chinh tri tinh Khanh Hoa cu). Theo do, ong Nguyen Ngoc Tam, cuu Pho Bi thu Dang uy, cuu Pho Giam doc So Tai chinh, cuu Pho Chu tich Thuong truc Hoi dong tham dinh gia dat tinh bi khai tru vi thieu trach nhiem trong viec tham dinh gia dat tai Du an BT Truong Chinh tri tinh va tham muu dinh gia ban tai san cua Truong Chinh tri tinh Khanh Hoa cu tai so 01 Tran Hung Dao; vi pham quy dinh ve quan ly, su dung tai san nha nuoc; vi pham khoan 3, Dieu 219 Bo luat Hinh su; tu y bo sinh hoat Dang tu thang 5/2021 den nay, vi pham nguyen tac, to chuc sinh hoat Dang; vi pham Quy dinh ve nhung dieu dang vien khong duoc lam.","Trong số này, Ban Thường vụ Tỉnh ủy Khánh Hòa quyết định khai trừ khỏi Đảng đối với 6 đảng viên vi phạm pháp luật, bị khởi tố trong việc thực hiện Dự án BT (xây dựng - chuyển giao) Trường Chính trị tỉnh và hoàn vốn khu đất số 01 đường Trần Hưng Đạo, phường Lộc Thọ, thành phố Nha Trang (trụ sở Trường Chính trị tỉnh Khánh Hòa cũ). Theo đó, ông Nguyễn Ngọc Tâm, cựu Phó Bí thư Đảng ủy, cựu Phó Giám đốc Sở Tài chính, cựu Phó Chủ tịch Thường trực Hội đồng thẩm định giá đất tỉnh bị khai trừ vì thiếu trách nhiệm trong việc thẩm định giá đất tại Dự án BT Trường Chính trị tỉnh và tham mưu định giá bán tài sản của Trường Chính trị tỉnh Khánh Hòa cũ tại số 01 Trần Hưng Đạo; vi phạm quy định về quản lý, sử dụng tài sản nhà nước; vi phạm khoản 3, Điều 219 Bộ luật Hình sự; tự ý bỏ sinh hoạt Đảng từ tháng 5/2021 đến nay, vi phạm nguyên tắc, tổ chức sinh hoạt Đảng; vi phạm Quy định về những điều đảng viên không được làm."
Cay sa: Bao boi quy gia cua suc khoe.,Cây sả: Bảo bối quý giá của sức khỏe.
Nu hon gay soc cua hai my nhan trong Thien nga den.,Nụ hôn gây sốc của hai mỹ nhân trong Thiên nga đen.
Lien Hop Quoc keu goi the gioi chong lai Ebola.,Liên Hợp Quốc kêu gọi thế giới chống lại Ebola.
Co dau Can Tho bi chong Han Quoc sat hai.,Cô dâu Cần Thơ bị chồng Hàn Quốc sát hại.
"Tinh toi nay, MWG co 1.067 cua hang The Gioi Di Dong, trong do, 50 cua hang Topzone dong gop hon 1.000 ty dong doanh so trong 6 thang 2022.","Tính tới nay, MWG có 1.067 cửa hàng Thế Giới Di Động, trong đó, 50 cửa hàng Topzone đóng góp hơn 1.000 tỷ đồng doanh số trong 6 tháng 2022."
"Lich thi dau, THTT vong 7 giai HNQG -Eximbank 2013.","Lịch thi đấu, THTT vòng 7 giải HNQG -Eximbank 2013."
Chuyen bac si Viet chua cho Thierry Henry.,Chuyện bác sĩ Việt chữa cho Thierry Henry.
co dau hieu bi tram cam.,có dấu hiệu bị trầm cảm.
Vu chet khi tam giam: Cong an dua 10 trieu cho gia dinh nan nhan.,Vụ chết khi tạm giam: Công an đưa 10 triệu cho gia đình nạn nhân.
"Nexus 7 2013 va Asus Fonepad 7 2, lua chon nao cho ban?.","Nexus 7 2013 và Asus Fonepad 7 2, lựa chọn nào cho bạn?."
"Chieu 2-7, theo nguon tin cua Bao Nguoi Lao Dong, Giam doc Cong an tinh Hau Giang da chi dao Phong CSGT Cong an tinh khan truong lam ro va xu ly nghiem vu can bo CSGT chui tuc, vua lai xe vua nghe dien thoai.","Chiều 2-7, theo nguồn tin của Báo Người Lao Động, Giám đốc Công an tỉnh Hậu Giang đã chỉ đạo Phòng CSGT Công an tỉnh khẩn trương làm rõ và xử lý nghiêm vụ cán bộ CSGT chửi tục, vừa lái xe vừa nghe điện thoại."
Vietnam Airlines bat ngo tam ngung ban ve gia re kich cau noi dia.,Vietnam Airlines bất ngờ tạm ngưng bán vé giá rẻ kích cầu nội địa.
Nguoi linh cuu hoa xa than trong song du.,Người lính cứu hỏa xả thân trong sóng dữ.
Lai xe Innova lao vao canh sat giao thong roi bo chay.,Lái xe Innova lao vào cảnh sát giao thông rồi bỏ chạy.
"""Nghe trong hoa mau don khong kho, co ban nhat la bo cong suc thoi gian dau, thoi gian sau nhan ha.","""Nghề trồng hoa mẫu đơn không khó, cơ bản nhất là bỏ công sức thời gian đầu, thời gian sau nhàn hạ."
Bui Thi Thu Thao doat HCV nhay xa chau A.,Bùi Thị Thu Thảo đoạt HCV nhảy xa châu Á.
Nha hang... rom.,Nhà hàng... rơm.
Vu mat tich kho hieu cua mot chi huy CIA o Gruzia.,Vụ mất tích khó hiểu của một chỉ huy CIA ở Gruzia.
"""De cho cong chung nhan thay thi nghe si can co gang lam nguoi tot, den khi ho nhin vao se biet la minh da lang nghe va sua chua sai lam"" - ong nhan nhu.","""Để cho công chúng nhận thấy thì nghệ sĩ cần cố gắng làm người tốt, đến khi họ nhìn vào sẽ biết là mình đã lắng nghe và sửa chữa sai lầm"" - ông nhắn nhủ."
Chung ta co the thay duoc do phu song cua tien ve 25 tuoi o hoat dong quang cao tai mat dat hinh chu S thoi diem nay.,Chúng ta có thể thấy được độ phủ sóng của tiền vệ 25 tuổi ở hoạt động quảng cáo tại mặt đất hình chữ S thời điểm này.
Justin Bieber tro lai: Duong nao cung ve 'lam vua'.,Justin Bieber trở lại: Đường nào cũng về 'làm vua'.
Cadillac dung cong nghe thuc te ao 'cau khach' mua xe.,Cadillac dùng công nghệ thực tế ảo 'câu khách' mua xe.
"Anh Apisit – bo cua Kana Kanuengnit (3 tuoi) va Kaning (2 tuoi) - hai dua tre trong doan clip chia se voi bao chi ve su viec nhu sau: “Toi dang quet don gan ho boi, con vo toi dang nau an trong bep sau nha.","Anh Apisit – bố của Kana Kanuengnit (3 tuổi) và Kaning (2 tuổi) - hai đứa trẻ trong đoạn clip chia sẻ với báo chí về sự việc như sau: “Tôi đang quét dọn gần hồ bơi, còn vợ tôi đang nấu ăn trong bếp sau nhà."
Pha Lai - Diem sang Hai Duong.,Phả Lại - Điểm sáng Hải Dương.
"Xe gia , tien that.","Xe giả , tiền thật."
"Vu tru thuc te ao Starverse cung cong nghe dinh cao do do da tro thanh ""dia hat"" moi voi rat nhieu tro vui, bat song Gen Z ngay lap tuc!","Vũ trụ thực tế ảo Starverse cùng công nghệ đỉnh cao do đó đã trở thành ""địa hạt"" mới với rất nhiều trò vui, bắt sóng Gen Z ngay lập tức!"
"Con ca duoi duoc xac dinh la giong cai, nang 300 kg.","Con cá đuối được xác định là giống cái, nặng 300 kg."
Anh minh hoa.,Ảnh minh hoạ.
Chu quan nhau chem khach vi dia moi.,Chủ quán nhậu chém khách vì đĩa mồi.
"Nho vay, giai phap Tem/Ve/The dien tu Viettel dang duoc nhieu don vi tin dung.","Nhờ vậy, giải pháp Tem/Vé/Thẻ điện tử Viettel đang được nhiều đơn vị tin dùng."
Cac dia phuong phong chong bao so 1.,Các địa phương phòng chống bão số 1.
Phat 150.000 tui luong tai 30 diem den Than Thuong.,Phát 150.000 túi lương tại 30 điểm đền Thần Thương.
Kaylyn Pham va Leo Doan ket hon vao thang 8/2021.,Kaylyn Phạm và Leo Doan kết hôn vào tháng 8/2021.
Su tro lai ngoi dau cua Serena Williams.,Sự trở lại ngôi đầu của Serena Williams.
Ruc ruot vi em trai song canh 'cho chui gam chan'.,Rực ruột vì em trai sống cảnh 'chó chui gầm chạn'.
Bat 2 doi tuong cung 22 nghin vien ma tuy tong hop.,Bắt 2 đối tượng cùng 22 nghìn viên ma túy tổng hợp.
"Tuy nhien, do can 404 ty dong tra no cho Cong ty SX – XNK nen Minh quyet dinh de doanh nghiep nay mua 19% co phan cua Tan Thanh voi gia 105.000 dong/co.","Tuy nhiên, do cần 404 tỷ đồng trả nợ cho Công ty SX – XNK nên Minh quyết định để doanh nghiệp này mua 19% cổ phần của Tân Thành với giá 105.000 đồng/cổ."
Van Dinh am tinh quan dan.,Vần Dính ấm tình quân dân.
Sao Mai diem hen liveshow 7: Hat voi nhom be.,Sao Mai điểm hẹn liveshow 7: Hát với nhóm bè.
Dai Truyen hinh Viet Nam ra mat chuong trinh tin tuc moi.,Đài Truyền hình Việt Nam ra mắt chương trình tin tức mới.
Kieu gi cung bi lot het.,Kiểu gì cũng bị lột hết.
Cap nhat phac do dieu tri Ung thu vu va Ung thu dai truc trang.,Cập nhật phác đồ điều trị Ung thư vú và Ung thư đại trực tràng.
Nguyen Thieu tuong Tran Van Thanh duoc giam 6 thang tu treo.,Nguyên Thiếu tướng Trần Văn Thanh được giảm 6 tháng tù treo.
Phim bom tan cho nguoi ham mo Manchester United.,Phim bom tấn cho người hâm mộ Manchester United.
Bay ngay thuc cung Duong hoa Ham Nghi.,Bảy ngày thức cùng Đường hoa Hàm Nghi.
"Cong so vang hoe, den chua dong nghet.","Công sở vắng hoe, đền chùa đông nghẹt."
Phia sau tuong dai.,Phía sau tượng đài.
Vu dang anh cong chao kem quan chip: So TT&TT; noi gi?.,Vụ đăng ảnh cổng chào kèm quần chíp: Sở TT&TT; nói gì?.
"Quan li khai tuyen bo vay bat 5.000 linh Ukraine, tich thu nhieu khi tai.","Quân li khai tuyên bố vây bắt 5.000 lính Ukraine, tịch thu nhiều khí tài."
Thu bay cua ban (20/8).,Thứ bảy của bạn (20/8).
Han Quoc cat giam thue nhien lieu suoi am va dun nau trong nhung thang Dong.,Hàn Quốc cắt giảm thuế nhiên liệu sưởi ấm và đun nấu trong những tháng Đông.
Doi han hoan phao hoa de suoi am mien Trung.,Đổi hân hoan pháo hoa để sưởi ấm miền Trung.
"Khoang 17h, xom tro o phuong Xuan La (Tay Ho, Ha Noi) van vang ve vi da so nguoi lao dong, cong nhan van chua di lam ve.","Khoảng 17h, xóm trọ ở phường Xuân La (Tây Hồ, Hà Nội) vẫn vắng vẻ vì đa số người lao động, công nhân vẫn chưa đi làm về."
"Thuc te, khong co quy dinh cu the ve trang phuc cho nguoi den xem Wimbledon.","Thực tế, không có quy định cụ thể về trang phục cho người đến xem Wimbledon."
"Muc tieu ban dau la cat giam 15% viec su dung khi dot, bat dau tu ngay 1/8/2022 den ngay 31/3/2023.","Mục tiêu ban đầu là cắt giảm 15% việc sử dụng khí đốt, bắt đầu từ ngày 1/8/2022 đến ngày 31/3/2023."
"Dam bao cung ung du vaccine phong soi, thuy dau.","Đảm bảo cung ứng đủ vaccine phòng sởi, thủy đậu."
"Con chi Thuy lai xem cong viec nay chinh la ""duyen nghiep"". Chi bao, nho nhu in tung goc cay, tung vi tri trong rung cao su nay.","Còn chị Thúy lại xem công việc này chính là ""duyên nghiệp"". Chị bảo, nhớ như in từng gốc cây, từng vị trí trong rừng cao su này."
Phat hien 2 co so san xuat gia do bang hoa chat.,Phát hiện 2 cơ sở sản xuất giá đỗ bằng hóa chất.
"Tu trai sang: Gento - Di Stefano - Puskas, tam tau thanh cong nhat Real Madrid truoc khi ""BBC"" xuat hien “Ong to” cua cac bo ba o cap CLB han phai la o Real Madrid, va mot lan nua Puskas gop mat.","Từ trái sang: Gento - Di Stefano - Puskas, tam tấu thành công nhất Real Madrid trước khi ""BBC"" xuất hiện “Ông tổ” của các bộ ba ở cấp CLB hẳn phải là ở Real Madrid, và một lần nữa Puskas góp mặt."
Khai truong trung tam sat hach lai xe lon nhat mien Bac.,Khai trương trung tâm sát hạch lái xe lớn nhất miền Bắc.
"Tu ba ""it hoc"" ban 9 co gai vao o mai dam.","Tú bà ""ít học"" bán 9 cô gái vào ổ mại dâm."
"Moi dan toc co ban sac van hoa dac trung, luon gin giu va phat huy gia tri truyen thong cua dong bao minh.","Mỗi dân tộc có bản sắc văn hóa đặc trưng, luôn gìn giữ và phát huy giá trị truyền thống của đồng bào mình."
Noi day bat dau mo cua tu thang 6/1965 va la diem dung chan dau tien cua hau het du khach khi den thu phu cua vung Lombardy.,Nơi đây bắt đầu mở cửa từ tháng 6/1965 và là điểm dừng chân đầu tiên của hầu hết du khách khi đến thủ phủ của vùng Lombardy.
Toi chua bao gio nghi chuyen nay se xay ra.,Tôi chưa bao giờ nghĩ chuyện này sẽ xảy ra.
Be gai bi ban trai quen qua mang gio tro doi bai ngay lan dau gap mat.,Bé gái bị bạn trai quen qua mạng giở trò đồi bại ngay lần đầu gặp mặt.
"""Nin tho"" ngam vay cuoi tuyet dep tu Tuan le vay cuoi.","""Nín thở"" ngắm váy cưới tuyệt đẹp từ Tuần lễ váy cưới."
Chung khoan ngay 13/9 qua lang kinh ky thuat.,Chứng khoán ngày 13/9 qua lăng kính kỹ thuật.
Su that phia sau vu lua dao cuc sat gi rao ban voi gia hon 200 ty dong o Bac Giang.,Sự thật phía sau vụ lừa đảo cục sắt gỉ rao bán với giá hơn 200 tỷ đồng ở Bắc Giang.
"De tao thuan loi cho qua trinh nay, Chinh phu da bat dau tap hop nhung yeu to chu chot, vi du nhu cac uu dai khuyen khich ve chinh sach va tai chinh, de tao ra va xay dung the he ky lan khoi nghiep tiep theo cua Viet Nam."" Trong nam 2021, nam linh vuc khoi nghiep hang dau thu hut duoc nguon von lon nhat la cong nghe tai chinh, hay ""fintech"" (26,6%); thuong mai dien tu (20,3%); cong nghe giao duc, hoac ""edtech"" (17,2%); cong nghe y te, hay ""healthtech"" (7,8%); va phan mem dich vu (6,3%). Bao cao cung chi ra rang, cong nghe y te va cong nghe nong nghiep, hay ""agritech"" la hai linh vuc co tac dong xa hoi cao va co tiem nang dong gop cho phat trien ben vung va dong deu hon.","Để tạo thuận lợi cho quá trình này, Chính phủ đã bắt đầu tập hợp những yếu tố chủ chốt, ví dụ như các ưu đãi khuyến khích về chính sách và tài chính, để tạo ra và xây dựng thế hệ kỳ lân khởi nghiệp tiếp theo của Việt Nam."" Trong năm 2021, năm lĩnh vực khởi nghiệp hàng đầu thu hút được nguồn vốn lớn nhất là công nghệ tài chính, hay ""fintech"" (26,6%); thương mại điện tử (20,3%); công nghệ giáo dục, hoặc ""edtech"" (17,2%); công nghệ y tế, hay ""healthtech"" (7,8%); và phần mềm dịch vụ (6,3%). Báo cáo cũng chỉ ra rằng, công nghệ y tế và công nghệ nông nghiệp, hay ""agritech"" là hai lĩnh vực có tác động xã hội cao và có tiềm năng đóng góp cho phát triển bền vững và đồng đều hơn."
Shanina dang mang thai van tu tin tha dang voi bikini be xiu mau trang.,Shanina đang mang thai vẫn tự tin thả dáng với bikini bé xíu màu trắng.
Cuoi te ghe 3/10: Thoi trang cai bang sanh ngang tham do.,Cười té ghế 3/10: Thời trang cái bang sánh ngang thảm đỏ.
Tau dam sap cau o Thanh Hoa hoat dong chui.,Tàu đâm sập cầu ở Thanh Hóa hoạt động chui.
Khai truong nong trai giao duc ung dung dau tien tai Viet Nam.,Khai trương nông trại giáo dục ứng dụng đầu tiên tại Việt Nam.
"Trong qua trinh dong goi, chi Thanh dung may hut chan khong de bao quan san pham duoc lau, dam bao ve sinh an toan thuc pham va de dang trong khau van chuyen.","Trong quá trình đóng gói, chị Thanh dùng máy hút chân không để bảo quản sản phẩm được lâu, đảm bảo vệ sinh an toàn thực phẩm và dễ dàng trong khâu vận chuyển."
Quan xa ky gui vo vao ho can ngheo: Bi canh cao.,Quan xã ký gửi vợ vào hộ cận nghèo: Bị cảnh cáo.
"Trom cay cua, vo hieu hoa camera buong ATM.","Trộm cạy cửa, vô hiệu hóa camera buồng ATM."
Sara Errani gianh danh hieu thu 4 cua WTA.,Sara Errani giành danh hiệu thứ 4 của WTA.
My se xet xu cac nghi can vu 11-9-2001.,Mỹ sẽ xét xử các nghi can vụ 11-9-2001.
TPHCM van cho de xe hai banh tren via he.,TPHCM vẫn cho để xe hai bánh trên vỉa hè.
Con gai ca si 'nha tram ty' gianh ngoi A quan Got Talent.,Con gái ca sĩ 'nhà trăm tỷ' giành ngôi Á quân Got Talent.
Nha co 650 ty giua pho cua dai gia Da Nang.,Nhà cổ 650 tỷ giữa phố của đại gia Đà Nẵng.
On dinh tinh hinh Tan Cuong la nhiem vu cap bach.,Ổn định tình hình Tân Cương là nhiệm vụ cấp bách.
"Chia se quan diem nay, ong Bui Quang Anh Vu cung cho rang TP.HCM dang thieu mot nha thi dau dat chuan de to chuc cac su kien tam co.","Chia sẻ quan điểm này, ông Bùi Quang Anh Vũ cũng cho rằng TP.HCM đang thiếu một nhà thi đấu đạt chuẩn để tổ chức các sự kiện tầm cỡ."
"Luu y khi tai dinh cu phai phu hop voi phong tuc, tap quan, van hoa, sinh hoat cua nguoi dan.","Lưu ý khi tái định cư phải phù hợp với phong tục, tập quán, văn hóa, sinh hoạt của người dân."
Nhung buc hoa be ty teo.,Những bức họa bé tý tẹo.
(adsbygoogle = window.adsbygoogle || []).push({});  * TIEP TUC CAP NHAT.,(adsbygoogle = window.adsbygoogle || []).push({});  * TIẾP TỤC CẬP NHẬT.
"Mot ngay dep troi, ba se lai tro ve tren chiec xe quen thuoc, no nu cuoi triu men roi goi toi ra de gui qua, doi luc la banh keo, dau chang dat tien nhung day ap yeu thuong.","Một ngày đẹp trời, ba sẽ lại trở về trên chiếc xe quen thuộc, nở nụ cười trìu mến rồi gọi tôi ra để gửi quà, đôi lúc là bánh kẹo, dẫu chẳng đắt tiền nhưng đầy ắp yêu thương."
"Enzo Francescoli (tuyen thu Uruguay tung choi cho Matra Racing, sau do la Marseille). Anh ay con hon ca than tuong cua toi.","Enzo Francescoli (tuyển thủ Uruguay từng chơi cho Matra Racing, sau đó là Marseille). Anh ấy còn hơn cả thần tượng của tôi."
Chuyen nhuong MU: Dung Mkhitaryan lam 'tot thi' de co sao 70 trieu euro.,Chuyển nhượng MU: Dùng Mkhitaryan làm 'tốt thí' để có sao 70 triệu euro.
Chuyen cai lung cua Nadal (V3 Indian Wells).,Chuyện cái lưng của Nadal (V3 Indian Wells).
Giao luu nghe thuat Mau hoa do.,Giao lưu nghệ thuật Màu hoa đỏ.
Chuyen te nhi: nha ve sinh hoc sinh.,Chuyện tế nhị: nhà vệ sinh học sinh.
Di taxi chung giup giam un tac giao thong.,Đi taxi chung giúp giảm ùn tắc giao thông.
Hay cung VietNamNet tham quan can ho nay: Can ho dung khong gian mo de tao cam giac rong rai.,Hãy cùng VietNamNet tham quan căn hộ này: Căn hộ dùng không gian mở để tạo cảm giác rộng rãi.
Quang Binh ha thuy tau vo go dau tien dong moi theo Nghi dinh 67.,Quảng Bình hạ thủy tàu vỏ gỗ đầu tiên đóng mới theo Nghị định 67.
Mexico bat giu trum buon lau ma tuy lon.,Mexico bắt giữ trùm buôn lậu ma túy lớn.
Mot ngay truoc tran knock-out dau tien Brazil - Chile: Da giua trua.,Một ngày trước trận knock-out đầu tiên Brazil - Chile: Đá giữa trưa.
"Gan 10 hang taxi Viet da su dung phan mem nhu Uber, Grab.","Gần 10 hãng taxi Việt đã sử dụng phần mềm như Uber, Grab."
"Taxi quay dau giua duong, 2 nguoi di xe may thuong vong.","Taxi quay đầu giữa đường, 2 người đi xe máy thương vong."
Ha Noi: Tu than rinh rap tren nhung chuyen do ngang.,Hà Nội: Tử thần rình rập trên những chuyến đò ngang.
Nhieu truong dai hoc cong bo du lieu diem tuyen sinh roi ram.,Nhiều trường đại học công bố dữ liệu điểm tuyển sinh rối rắm.
Ty phu Trump che bai phat bieu cua Obama ve chong khung bo.,Tỷ phú Trump chê bài phát biểu của Obama về chống khủng bố.
La doi thi tran thuong tien de moi du khach toi song.,Lạ đời thị trấn thưởng tiền để mời du khách tới sống.
Dung mieng gia dong co sieu xe nhu that.,Dùng miệng giả động cơ siêu xe như thật.
Vietnam Idol: Nhac si Anh Quan lan dau yen tam ve gioi tinh.,Vietnam Idol: Nhạc sĩ Anh Quân lần đầu yên tâm về giới tính.
Phat hien khung long co rang nanh giong ma ca rong.,Phát hiện khủng long có răng nanh giống ma cà rồng.
Apple Watch co dung luong 8 GB.,Apple Watch có dung lượng 8 GB.
"Nhung hinh anh co chia se cung luon duoc cong chung yeu thich vi nang luong tich cuc va nhan sac ngay cang rang ro, xinh dep cua minh.","Những hình ảnh cô chia sẻ cũng luôn được công chúng yêu thích vì năng lượng tích cực và nhan sắc ngày càng rạng rỡ, xinh đẹp của mình."
"16 su that ""dien ro"" ve Google.","16 sự thật ""điên rồ"" về Google."
"Chay xe khach, 40 nguoi thoat hiem.","Cháy xe khách, 40 người thoát hiểm."
Phu An Sinh truc loi tien binh on gia chi giai quyet dan su?.,Phú An Sinh trục lợi tiền bình ổn giá chỉ giải quyết dân sự?.
Tang cuong hieu biet ve truyen thong cach mang cua the he tre hai nuoc Lao Viet.,Tăng cường hiểu biết về truyền thống cách mạng của thế hệ trẻ hai nước Lào Việt.
"Theo thong tin ban dau, truoc do vao khoang gan 15 gio cung ngay, nhom ban gom Tu Thao N.","Theo thông tin ban đầu, trước đó vào khoảng gần 15 giờ cùng ngày, nhóm bạn gồm Từ Thảo N."
"Bau Hien, bau Kien, hay la tam dung Super League?.","Bầu Hiển, bầu Kiên, hay là tạm dừng Super League?."
"Sau khi buoc xuong mot cach cham rai, ba vay tay chao dam dong nhiep anh va nguoi ham mo xung quanh.","Sau khi bước xuống một cách chậm rãi, bà vẫy tay chào đám đông nhiếp ảnh và người hâm mộ xung quanh."
"Nguoc lai, Thu tuong duong nhiem Sharif phan bac rang ong dang phai tra gia cho su quan ly yeu kem tu chinh phu tien nhiem.","Ngược lại, Thủ tướng đương nhiệm Sharif phản bác rằng ông đang phải trả giá cho sự quản lý yếu kém từ chính phủ tiền nhiệm."
"Chieu 15/7, Cong an tinh Hai Duong cho biet, Co quan CSDT Cong an TP Chi Linh da khoi to vu an, khoi to bi can va bat tam giam Nguyen Van Hong ve toi ""Dam o doi voi nguoi duoi 16 tuoi"". Nguyen Van Hong (SN 1975, tru tai phuong Cong Hoa, TP Chi Linh) la giao vien Ngu van truong THCS Le Loi, TP Chi Linh.","Chiều 15/7, Công an tỉnh Hải Dương cho biết, Cơ quan CSĐT Công an TP Chí Linh đã khởi tố vụ án, khởi tố bị can và bắt tạm giam Nguyễn Văn Hồng về tội ""Dâm ô đối với người dưới 16 tuổi"". Nguyễn Văn Hồng (SN 1975, trú tại phường Cộng Hòa, TP Chí Linh) là giáo viên Ngữ văn trường THCS Lê Lợi, TP Chí Linh."
New Chaiyapol Pupart: Hotboy moi cua man anh Thai.,New Chaiyapol Pupart: Hotboy mới của màn ảnh Thái.
Lo tam anh cuoi dau tien cua Tuan Hung.,Lộ tấm ảnh cưới đầu tiên của Tuấn Hưng.
Le trao tai tro xay dung nha tinh nghia cho cac ho ngheo vung bien huyen Huong Khe..,Lễ trao tài trợ xây dựng nhà tình nghĩa cho các hộ nghèo vùng biên huyện Hương Khê..
"Ba nhan manh: ""Cum mua thuong co dien bien lanh tinh nhung cung co the xay ra bien chung nang va nguy hiem o nhung nguoi co benh ly man tinh ve tim mach va ho hap"". Tuy nhien, may man la hien nay, chung ta da co phac do huong dan chan doan va dieu tri benh cum mua.","Bà nhấn mạnh: ""Cúm mùa thường có diễn biến lành tính nhưng cũng có thể xảy ra biến chứng nặng và nguy hiểm ở những người có bệnh lý mạn tính về tim mạch và hô hấp"". Tuy nhiên, may mắn là hiện nay, chúng ta đã có phác đồ hướng dẫn chẩn đoán và điều trị bệnh cúm mùa."
Loan thuoc bao ve thuc vat va 'no ro' hinh thuc ban dao o Binh Dinh.,Loạn thuốc bảo vệ thực vật và 'nở rộ' hình thức bán dạo ở Bình Định.
5 bai tap giup Pham Huong dot chay 6% mo toan than.,5 bài tập giúp Phạm Hương đốt cháy 6% mỡ toàn thân.
Cuu doi truong CLB Bong da Dong Nai lanh 6 nam tu.,Cựu đội trưởng CLB Bóng đá Đồng Nai lãnh 6 năm tù.
Hanh trinh dai cho dem chung ket 'Duyen dang su pham 2013'.,Hành trình dài cho đêm chung kết 'Duyên dáng sư phạm 2013'.
"Tuy nhien, khoi luong giao dich thanh cong chi vao khoang 200 ty/ngay voi mot vai thanh vien.","Tuy nhiên, khối lượng giao dịch thành công chỉ vào khoảng 200 tỷ/ngày với một vài thành viên."
Luc do khong biet tinh sao.,Lúc đó không biết tính sao.
Phu nu hay la nguoi chu dong.,Phụ nữ hãy là người chủ động.
Dau meo den co the chua duoc chung viem xoang?.,Đầu mèo đen có thể chữa được chứng viêm xoang?.
"Doi banh mi trang sang mi nguyen cam Theo Tien si Roizen, mot trong nhung thoi quen co tac dong dang ke nhat den tuoi tho cua ban la khong an cac loai carbs don gian, thay vao do hay an cac loai carbs phuc hop va chat beo lanh manh.","Đổi bánh mì trắng sang mì nguyên cám Theo Tiến sĩ Roizen, một trong những thói quen có tác động đáng kể nhất đến tuổi thọ của bạn là không ăn các loại carbs đơn giản, thay vào đó hãy ăn các loại carbs phức hợp và chất béo lành mạnh."
Phim duoc ky vong dua nam dien vien tro lai thoi ky dinh cao danh tieng.,Phim được kỳ vọng đưa nam diễn viên trở lại thời kỳ đỉnh cao danh tiếng.
So benh nhan nang nay giam manh so voi ngay truoc do.,Số bệnh nhân nặng này giảm mạnh so với ngày trước đó.
"Ngoai ra, nang nong con co the gay tinh trang mat nuoc, kiet suc, dot quy do soc nhiet doi voi co the nguoi khi tiep xuc lau voi nen nhiet do cao.","Ngoài ra, nắng nóng còn có thể gây tình trạng mất nước, kiệt sức, đột quỵ do sốc nhiệt đối với cơ thể người khi tiếp xúc lâu với nền nhiệt độ cao."
"Thang 6 ngap lut phim kinh di, vien tuong.","Tháng 6 ngập lụt phim kinh dị, viễn tưởng."
"Ong Nguyen Truong Nam, pho cuc truong Cuc Cong nghe thong tin (Bo Y te), thong tin them tren ho chieu vac xin cap cho nguoi dan se hien thi mui tiem cuoi cung duoc ky so.","Ông Nguyễn Trường Nam, phó cục trưởng Cục Công nghệ thông tin (Bộ Y tế), thông tin thêm trên hộ chiếu vắc xin cấp cho người dân sẽ hiển thị mũi tiêm cuối cùng được ký số."
"""Toi thay nam nay nuoc lu len som hon va lon hon so voi cung ky 2021 nen cung mung lam.","""Tôi thấy năm nay nước lũ lên sớm hơn và lớn hơn so với cùng kỳ 2021 nên cũng mừng lắm."
"Tag Heuer ra mat Connected Watch: Smartwatch chay Android Wear gia 1.500$, vo titanium, day cao su.","Tag Heuer ra mắt Connected Watch: Smartwatch chạy Android Wear giá 1.500$, vỏ titanium, dây cao su."
Trieu Tien bao suc khoe Kim Jong Un rat on.,Triều Tiên bảo sức khỏe Kim Jong Un rất ổn.
Cho vay nang lai: Du thao luat da nhau.,Cho vay nặng lãi: Dự thảo luật đá nhau.
"Chu nha da mang cho Edgar mot it sach, trong so do co mot cuon nien giam Thuy Si.","Chủ nhà đã mang cho Edgar một ít sách, trong số đó có một cuốn niên giám Thụy Sĩ."
Nhung bo phim nham lan ve thoi gian.,Những bộ phim nhầm lẫn về thời gian.
7 linh vuc can tap trung quyet liet phong chong tham nhung nam 2010.,7 lĩnh vực cần tập trung quyết liệt phòng chống tham nhũng năm 2010.
Bo GD&DT cong bo dap an chinh thuc khoi A.,Bộ GD&ĐT công bố đáp án chính thức khối A.
"""Me toi van cung cap tien cho ho ngay ca khi ba da pha san"", Yamagami noi voi canh sat.","""Mẹ tôi vẫn cung cấp tiền cho họ ngay cả khi bà đã phá sản"", Yamagami nói với cảnh sát."
"DATC tiep tuc khang dinh su menh ""giai cuu"".","DATC tiếp tục khẳng định sứ mệnh ""giải cứu""."
"""Ben nhau, minh da cung lam duoc bao nhieu viec ma tuong nhu vao sinh ra tu, bao nhieu dieu tuong nhu khong the thuc hien duoc.","""Bên nhau, mình đã cùng làm được bao nhiêu việc mà tưởng như vào sinh ra tử, bao nhiêu điều tưởng như không thể thực hiện được."
Bat osin hai lan mo ket sat cua chu.,Bắt ôsin hai lần mở két sắt của chủ.
Bac sy sung sot voi vat lay ra tu cho kho noi cua quy ong.,Bác sỹ sửng sốt với vật lấy ra từ chỗ khó nói của quý ông.
"Viettel khuyen mai ""khung"" cho thue bao nap the va goi noi mang.","Viettel khuyến mại ""khủng"" cho thuê bao nạp thẻ và gọi nội mạng."
Arsenal doi mat voi nguy co mat them 5 ngoi sao.,Arsenal đối mặt với nguy cơ mất thêm 5 ngôi sao.
"Nhieu hoat dong ky niem 40 nam giai phong mien Nam, thong nhat dat nuoc.","Nhiều hoạt động kỷ niệm 40 năm giải phóng miền Nam, thống nhất đất nước."
Chuyen tinh anh linh lap ky luc lai xe nhieu nhat duong Ho Chi Minh.,Chuyện tình anh lính lập kỷ lục lái xe nhiều nhất đường Hồ Chí Minh.
Le hoi Vua di cay truyen thong cua Campuchia.,Lễ hội Vua đi cày truyền thống của Campuchia.
"Su ung ho quy bau Phat bieu tai Le ky niem lan thu 45 nam Hanh trinh huong toi lat do che do diet chung Pol Pot to chuc tai tinh Tbong Khmum voi su tham du cua Doan dai bieu cap cao hai nuoc cung hang ngan nguoi dan Campuchia, Thu tuong Pham Minh Chinh nhan manh Le ky niem ngay 20/6/1977 co y nghia het suc quan trong ky niem 45 nam bat dau hanh trinh danh do che do diet chung Pol Pot cua Thu tuong Hun Sen, dua dat nuoc Campuchia hoi sinh, the hien su hop tac va doan ket dac biet giua hai nuoc, lai cang co y nghia hon khi dien ra trong boi canh hai nuoc dang ky niem 55 nam Ngay thiet lap quan he ngoai giao (24/6/1967 - 25/6/2022) va Campuchia vua to chuc thanh cong cuoc bau cu Hoi dong xa phuong khoa V ngay 5/6/2022.","Sự ủng hộ quý báu Phát biểu tại Lễ kỷ niệm lần thứ 45 năm Hành trình hướng tới lật đổ chế độ diệt chủng Pol Pot tổ chức tại tỉnh Tbong Khmum với sự tham dự của Đoàn đại biểu cấp cao hai nước cùng hàng ngàn người dân Campuchia, Thủ tướng Phạm Minh Chính nhấn mạnh Lễ kỷ niệm ngày 20/6/1977 có ý nghĩa hết sức quan trọng kỷ niệm 45 năm bắt đầu hành trình đánh đổ chế độ diệt chủng Pol Pot của Thủ tướng Hun Sen, đưa đất nước Campuchia hồi sinh, thể hiện sự hợp tác và đoàn kết đặc biệt giữa hai nước, lại càng có ý nghĩa hơn khi diễn ra trong bối cảnh hai nước đang kỷ niệm 55 năm Ngày thiết lập quan hệ ngoại giao (24/6/1967 - 25/6/2022) và Campuchia vừa tổ chức thành công cuộc bầu cử Hội đồng xã phường khóa V ngày 5/6/2022."
"Tu ket Champions League, Liverpool-Chelsea 1-3: Noi buon Anfield.","Tứ kết Champions League, Liverpool-Chelsea 1-3: Nỗi buồn Anfield."
"Van trinh tai loc hanh thong, ban co the phat trien nhung so thich cua minh thanh chuyen kinh doanh ben le va tang them thu nhap.","Vận trình tài lộc hanh thông, bạn có thể phát triển những sở thích của mình thành chuyện kinh doanh bên lề và tăng thêm thu nhập."
"Som vo tran, Han Quoc thua tham hai truoc Algeria.","Sớm vỡ trận, Hàn Quốc thua thảm hại trước Algeria."
"Luat Thue xuat nhap khau (sua doi): Dong bo va dap ung yeu cau phat trien, hoi nhap.","Luật Thuế xuất nhập khẩu (sửa đổi): Đồng bộ và đáp ứng yêu cầu phát triển, hội nhập."
Chung toi la cu si.,Chúng tôi là cư sĩ.
"""Viec su dung vitamin nen duoc tuan thu chat che lieu luong theo don thuoc cua bac si doi voi tung truong hop cu the va can co su giam sat, theo doi cua nhan vien y te de tranh nguy co gay ngo doc hay anh huong khong tot den suc khoe"", nu bac si thong tin.","""Việc sử dụng vitamin nên được tuân thủ chặt chẽ liều lượng theo đơn thuốc của bác sĩ đối với từng trường hợp cụ thể và cần có sự giám sát, theo dõi của nhân viên y tế để tránh nguy cơ gây ngộ độc hay ảnh hưởng không tốt đến sức khoẻ"", nữ bác sĩ thông tin."
Han Quoc cam duoi 18 tuoi den buoi dien cua Lady Gaga.,Hàn Quốc cấm dưới 18 tuổi đến buổi diễn của Lady Gaga.
Vietnam Airlines gang tro thanh hang hang khong hang dau khu vuc.,Vietnam Airlines gắng trở thành hãng hàng không hàng đầu khu vực.
"Co phieu Han giam 4,87% vi tin Kim Jong-Il qua doi.","Cổ phiếu Hàn giảm 4,87% vì tin Kim Jong-Il qua đời."
"VDQG nu - cup Thai Son Bac 2015: Nguyen Thi Muon lap poker, Ha Noi I len ngoi dau.","VĐQG nữ - cúp Thái Sơn Bắc 2015: Nguyễn Thị Muôn lập poker, Hà Nội I lên ngôi đầu."
Hinh anh nay da khien netizen khap noi tranh cai kich liet.,Hình ảnh này đã khiến netizen khắp nơi tranh cãi kịch liệt.
Nhung vuong mac tren Hanh lang kinh te Dong - Tay.,Những vướng mắc trên Hành lang kinh tế Đông - Tây.
Bong hong xinh dep tai trien lam xe.,Bóng hồng xinh đẹp tại triển lãm xe.
Quang Ngai cat giam chi tieu thuong xuyen gan 50 ty dong.,Quảng Ngãi cắt giảm chi tiêu thường xuyên gần 50 tỷ đồng.
Co cung la dai dien cua nuoc My dau tien duoc vinh danh.,Cô cũng là đại diện của nước Mỹ đầu tiên được vinh danh.
"Cung voi do, gia vat lieu bao duong nha o quy II/2022 tang 7,81% so voi cung ky nam truoc do gia xi mang, sat, thep, cat tang theo gia nguyen nhien vat lieu dau vao, lam CPI chung tang 0,16 diem phan tram.","Cùng với đó, giá vật liệu bảo dưỡng nhà ở quý II/2022 tăng 7,81% so với cùng kỳ năm trước do giá xi măng, sắt, thép, cát tăng theo giá nguyên nhiên vật liệu đầu vào, làm CPI chung tăng 0,16 điểm phần trăm."
"Trung Quoc tap thuc chien, phong ten lua tu may bay, chien ham tren Bien Dong.","Trung Quốc tập thực chiến, phóng tên lửa từ máy bay, chiến hạm trên Biển Đông."
Cho nam vao xao.,Cho nấm vào xào.
Oxford Economics duoc thanh lap tai Oxford vao nam 1981 voi tu cach la mot lien doanh thuong mai voi truong kinh te thuoc Dai hoc Oxford.,Oxford Economics được thành lập tại Oxford vào năm 1981 với tư cách là một liên doanh thương mại với trường kinh tế thuộc Đại học Oxford.
Hoang Anh Gia Lai nhan tran thua thu tu lien tiep.,Hoàng Anh Gia Lai nhận trận thua thứ tư liên tiếp.
"To chuc Guinness trao co danh hieu ""Songbird Supreme"", danh cho nhung nguoi co giong cao nhat the gioi.","Tổ chức Guinness trao cô danh hiệu ""Songbird Supreme"", dành cho những người có giọng cao nhất thế giới."
Nha Trang: Am vang Ngan nam sen no.,Nha Trang: Âm vang Ngàn năm sen nở.
Viet Nam - Campuchia nang tam hop tac Buu chinh Vien thong.,Việt Nam - Campuchia nâng tầm hợp tác Bưu chính Viễn thông.
"Tu qua tat ben canh trai, so 27 Nattakit danh dau dua bong di chech cot trong gang tac.","Từ quả tạt bên cánh trái, số 27 Nattakit đánh đầu đưa bóng đi chệch cột trong gang tấc."
Vet nut long tin.,Vết nứt lòng tin.
Luc luong chong doi Syria bat giu ba phong vien.,Lực lượng chống đối Syria bắt giữ ba phóng viên.
'Bong mat' voi vong 1 lap lo cua Kim sieu vong 3.,'Bỏng mắt' với vòng 1 lấp ló của Kim siêu vòng 3.
Bac Bo tuan nay mua nhieu hon nang.,Bắc Bộ tuần này mưa nhiều hơn nắng.
Ung dung 'chia se thuc an' giup giam lang phi tai Tay Ban Nha.,Ứng dụng 'chia sẻ thức ăn' giúp giảm lãng phí tại Tây Ban Nha.
"Calisto va ""con khat"" mot ngay binh yen.","Calisto và ""cơn khát"" một ngày bình yên."
Thu vat biet truoc dong dat o My?.,Thú vật biết trước động đất ở Mỹ?.
"Sap het thang co hon, gia o to ruc rich tang.","Sắp hết tháng cô hồn, giá ô tô rục rịch tăng."
Ha Noi lanh hon trong ngay mung 4 Tet.,Hà Nội lạnh hơn trong ngày mùng 4 Tết.
"""Hom nay, phia Israel va toi cung thao luan ve cam ket dam bao Iran khong so huu vu khi hat nhan.","""Hôm nay, phía Israel và tôi cũng thảo luận về cam kết đảm bảo Iran không sở hữu vũ khí hạt nhân."
"BAN TIN SANG 11/5: ""CDV Chelsea mat sat toi ca tran dau"".","BẢN TIN SÁNG 11/5: ""CĐV Chelsea mạt sát tôi cả trận đấu""."
Mr Dam bat khoc nho Huynh Phuc Dien.,Mr Đàm bật khóc nhớ Huỳnh Phúc Điền.
"Anh: Celebmafia Tren tham do quang ba ""The Gray Man"" o Berlin, Ana de Armas dien suit ba mon mau xanh tim than cua Louis Vuitton.","Ảnh: Celebmafia Trên thảm đỏ quảng bá ""The Gray Man"" ở Berlin, Ana de Armas diện suit ba món màu xanh tím than của Louis Vuitton."
"Tai Quang Nam, chuong trinh se dien ra vao 19 gio 30 ngay 20/7 tai san khau vuon tuong Hoi An, thanh pho Hoi An.","Tại Quảng Nam, chương trình sẽ diễn ra vào 19 giờ 30 ngày 20/7 tại sân khấu vườn tượng Hội An, thành phố Hội An."
"Ngoai nhung truong neu tren, hau het truong ngoai cong lap con lai tuyen hoc sinh hoan thanh bac THCS.","Ngoài những trường nêu trên, hầu hết trường ngoài công lập còn lại tuyển học sinh hoàn thành bậc THCS."
"Lanh dao 2014: Ai tai nhat, ai do nhat?.","Lãnh đạo 2014: Ai tài nhất, ai dở nhất?."
Truong hoc dau tien cho nguoi da den Canada - (18/02).,Trường học đầu tiên cho người da đen Canada - (18/02).
Chuyen tinh bi tham cua co Phuong Hang Ngang.,Chuyện tình bi thảm của cô Phượng Hàng Ngang.
Cac cau thu chan thuong sap hoi phuc hoan toan nhung toi khong muon voi vang.,Các cầu thủ chấn thương sắp hồi phục hoàn toàn nhưng tôi không muốn vội vàng.
My pham co the khien be gai day thi som.,Mỹ phẩm có thế khiến bé gái dậy thì sớm.
19 co phieu vang Viet Nam.,19 cổ phiếu vàng Việt Nam.
"Co quan nha nuoc doi nhau, dan lanh du.","Cơ quan nhà nước đợi nhau, dân lãnh đủ."
Chuyen tinh khong doan ket (Phan X).,Chuyện tình không đoạn kết (Phần X).
Nguoi con cua dai ngan Truong Son.,Người con của đại ngàn Trường Sơn.
Bat giu 2.000 con gia cam khong ro nguon goc.,Bắt giữ 2.000 con gia cầm không rõ nguồn gốc.
Quoc hoi chot bo nhiem 21 thanh vien Chinh phu moi.,Quốc hội chốt bổ nhiệm 21 thành viên Chính phủ mới.
Ong Nguyen Thanh Phong lam Pho bi thu Thanh uy TPHCM.,Ông Nguyễn Thành Phong làm Phó bí thư Thành ủy TPHCM.
"Do mang hinh thai la nu va hang thang deu co kinh nguyet deu dan nhung bo phan sinh duc nam ngay cang phat trien, khien benh nhan cam thay mac cam va tu ti trong cuoc song va giao tiep voi moi nguoi xung quanh.","Do mang hình thái là nữ và hàng tháng đều có kinh nguyệt đều đặn nhưng bộ phận sinh dục nam ngày càng phát triển, khiến bệnh nhân cảm thấy mặc cảm và tự ti trong cuộc sống và giao tiếp với mọi người xung quanh."
"Nuoc ho giam manh khi the gioi dang nong len, chu yeu do bien doi khi hau.","Nước hồ giảm mạnh khi thế giới đang nóng lên, chủ yếu do biến đổi khí hậu."
"Matcha chua mot luong caffeine nhe giup nguoi uong cam thay tinh tao, minh man hon.","Matcha chứa một lượng caffeine nhẹ giúp người uống cảm thấy tỉnh táo, minh mẫn hơn."
Luc luong chuc nang giai toa cho Cau Lu.,Lực lượng chức năng giải tỏa chợ Cầu Lủ.
"Ra khoi nua ngay, ngu dan Quang Tri thu hon nua ty dong.","Ra khơi nửa ngày, ngư dân Quảng Trị thu hơn nửa tỷ đồng."
Video quay ban phao hoa tu may bay khong nguoi lai.,Video quay bắn pháo hoa từ máy bay không người lái.
Giao su Phan Huy Le that vong voi cach thuc tich hop mon Lich su.,Giáo sư Phan Huy Lê thất vọng với cách thức tích hợp môn Lịch sử.
Viettel khai truong trung tam cham soc khach hang khu vuc mien Bac.,Viettel khai trương trung tâm chăm sóc khách hàng khu vực miền Bắc.
"Kiem dinh vet sua chua, phuc hoi cau Mong.","Kiểm định vết sửa chữa, phục hồi cầu Mống."
Vien canh Bien Dong sau phan quyet PCA.,Viễn cảnh Biển Đông sau phán quyết PCA.
"Co an le, tham phan het duong che mat nguoi dan.","Có án lệ, thẩm phán hết đường che mắt người dân."
Chom Sao sung bai chu nghia doc than.,Chòm Sao sùng bái chủ nghĩa độc thân.
Di thi tren lung tinh nguyen vien.,Đi thi trên lưng tình nguyện viên.
Toi biet minh la nguoi cua cong chung nen du co doi mat voi su co nao thi van binh tinh de doi mat.,Tôi biết mình là người của công chúng nên dù có đối mặt với sự cố nào thì vẫn bình tĩnh để đối mặt.
Nguoi dung dau don vi su nghiep cong lap la cong chuc.,Người đứng đầu đơn vị sự nghiệp công lập là công chức.
"Ve sau minh tim hieu cac benh cua cho meo, cach pha che thuoc nen gio hau nhu khong phai di thu y nhieu nhu truoc nua"", ba noi, tay vuot ve dan thu cung cua minh.","Về sau mình tìm hiểu các bệnh của chó mèo, cách pha chế thuốc nên giờ hầu như không phải đi thú y nhiều như trước nữa"", bà nói, tay vuốt ve đàn thú cưng của mình."
Du kien to chuc Hoi cho Du lich quoc te bien Viet Nam 2013.,Dự kiến tổ chức Hội chợ Du lịch quốc tế biển Việt Nam 2013.
"Toi nghi, toi va anh ay la hai nguoi ban dong hanh voi nhau trong tat ca moi hoat dong, tu hoat dong nghe thuat cua toi, hay hoat dong nhan khoa cua anh.","Tôi nghĩ, tôi và anh ấy là hai người bạn đồng hành với nhau trong tất cả mọi hoạt động, từ hoạt động nghệ thuật của tôi, hay hoạt động nhãn khoa của anh."
"Thang truoc, tap doan nang luong Gazprom cua Nga da cat 60% khi dot xuat khau sang Duc qua duong ong Nord Stream.","Tháng trước, tập đoàn năng lượng Gazprom của Nga đã cắt 60% khí đốt xuất khẩu sang Đức qua đường ống Nord Stream."
Nhu vay qua trinh nay se duoc tuan hoan.,Như vậy quá trình này sẽ được tuần hoàn.
7 'thang tram' chi nhung cap yeu xa moi hieu.,7 'thăng trầm' chỉ những cặp yêu xa mới hiểu.
"UBND thi tran Phung tang 10 suat qua cho nan nhan chat doc da cam, moi suat qua tri gia 500 nghin dong.","UBND thị trấn Phùng tặng 10 suất quà cho nạn nhân chất độc da cam, mỗi suất quà trị giá 500 nghìn đồng."
Trung Quoc: 800 camera giam sat 600 phong thi.,Trung Quốc: 800 camera giám sát 600 phòng thi.
"Tuy nhien, moi chuyen da khac sau phat hien cua Co quan Khao sat Nam Cuc (Anh). Su dung radar de quan sat qua lop bang sau 3.000m, nhom nghien cuu nhan thay rang mot so tang bang - bao phu mot khu vuc co dien tich gap 2 lan London - duong nhu da bi mat tich.","Tuy nhiên, mọi chuyện đã khác sau phát hiện của Cơ quan Khảo sát Nam Cực (Anh). Sử dụng radar để quan sát qua lớp băng sâu 3.000m, nhóm nghiên cứu nhận thấy rằng một số tảng băng - bao phủ một khu vực có diện tích gấp 2 lần London - dường như đã bị mất tích."
Voyager Digital cung nop don bao ho pha san sau khi 3AC vo no khoan vay tri gia hon 660 trieu USD.,Voyager Digital cũng nộp đơn bảo hộ phá sản sau khi 3AC vỡ nợ khoản vay trị giá hơn 660 triệu USD.
"Anh chia se: ""Minh nghi rang do la nhung dieu quan trong giup minh hieu cam xuc ban than, biet minh yeu thich va se theo duoi dieu gi co y nghia voi minh trong cuoc song"". Von la mot nguoi yeu thien nhien, cay co, co the danh hang gio de ngam nhin nhung khoanh khac cang tran nhua song hay ve dep tan phai cua mot bong hoa nen ngay con dang di lam cong viec IT nhung Hoang Anh van luon mong mot ngay nao do se duoc gan bo voi hoa co moi ngay.","Anh chia sẻ: ""Mình nghĩ rằng đó là những điều quan trọng giúp mình hiểu cảm xúc bản thân, biết mình yêu thích và sẽ theo đuổi điều gì có ý nghĩa với mình trong cuộc sống"". Vốn là một người yêu thiên nhiên, cây cỏ, có thể dành hàng giờ để ngắm nhìn những khoảnh khắc căng tràn nhựa sống hay vẻ đẹp tàn phai của một bông hoa nên ngày còn đang đi làm công việc IT nhưng Hoàng Anh vẫn luôn mong một ngày nào đó sẽ được gắn bó với hoa cỏ mỗi ngày."
Phu Yen: Khanh thanh 2 truong tieu hoc vung lu.,Phú Yên: Khánh thành 2 trường tiểu học vùng lũ.
Trao tang 2.000kg phan bon cho nguoi dan Duc Thuy.,Trao tặng 2.000kg phân bón cho người dân Đức Thủy.
"Chieu 13.7, phien toa so tham xet xu 14 bi cao trong vu an buon lau, nhan hoi lo, to chuc cho nguoi khac tron di nuoc ngoai trai phep va khong to giac toi pham lien quan duong day buon lau, lam gia 200 trieu lit xang tai TP.HCM va cac tinh phia nam tiep tuc phan tham van cac bi cao va nhan chung.","Chiều 13.7, phiên tòa sơ thẩm xét xử 14 bị cáo trong vụ án buôn lậu, nhận hối lộ, tổ chức cho người khác trốn đi nước ngoài trái phép và không tố giác tội phạm liên quan đường dây buôn lậu, làm giả 200 triệu lít xăng tại TP.HCM và các tỉnh phía nam tiếp tục phần thẩm vấn các bị cáo và nhân chứng."
"Ronaldo ban nang, Torres thang ngoc & Real Madrid vi dai.","Ronaldo bản năng, Torres thằng ngốc & Real Madrid vĩ đại."
Biet thu Ha Noi: Ban de... giu.,Biệt thự Hà Nội: Bán để... giữ.
"Tong thong Nga muon trien khai quan tai Ukraine, EU chuan bi hop khan.","Tổng thống Nga muốn triển khai quân tại Ukraine, EU chuẩn bị họp khẩn."
"Dan chau Au gop 1,8 trieu euro giup Hy Lap tra no.","Dân châu Âu góp 1,8 triệu euro giúp Hy Lạp trả nợ."
"""Nhieu nguoi tu choi roi di nhung viec nay van can phai duoc thuc hien.","""Nhiều người từ chối rời đi nhưng việc này vẫn cần phải được thực hiện."
Hon 1.200 nguoi co cong chua duoc huong du chinh sach.,Hơn 1.200 người có công chưa được hưởng đủ chính sách.
VN se chu dong ha tang vien thong.,VN sẽ chủ động hạ tầng viễn thông.
"""Moi quan he giua Viet Nam va Thuy Dien luon co mot su noi tiep manh me"", nha ngoai giao Thuy Dien tra loi bao chi sau buoi noi chuyen voi sinh vien Hoc vien Ngoai giao tai Ha Noi ngay 10-6.","""Mối quan hệ giữa Việt Nam và Thụy Điển luôn có một sự nối tiếp mạnh mẽ"", nhà ngoại giao Thụy Điển trả lời báo chí sau buổi nói chuyện với sinh viên Học viên Ngoại giao tại Hà Nội ngày 10-6."
Vu no tau o Thanh Hoa: Dieu tra nguyen nhan vu no.,Vụ nổ tàu ở Thanh Hóa: Điều tra nguyên nhân vụ nổ.
"Tuy nhien, da tang nay co the chi keo dai trong ngan han va som ha nhiet vao quy IV.","Tuy nhiên, đà tăng này có thể chỉ kéo dài trong ngắn hạn và sớm hạ nhiệt vào quý IV."
Thoi trang HHT_Online: Tam xuan xinh.,Thời trang HHT_Online: Tầm xuân xinh.
Trung Quoc tiet lo ly do mua tiem kich Su-35 cua Nga.,Trung Quốc tiết lộ lý do mua tiêm kích Su-35 của Nga.
"Tuy nhien, ong khang dinh minh lam gi cung kin ke.","Tuy nhiên, ông khẳng định mình làm gì cũng kín kẽ."
Diego Costa va Arda Turan da tap tro lai.,Diego Costa và Arda Turan đã tập trở lại.
HTC co nha phan phoi moi.,HTC có nhà phân phối mới.
"Nhung mau dam mat nhe, phong khoang khi di bien.","Những mẫu đầm mát nhẹ, phóng khoáng khi đi biển."
"Cac ca nhan, to chuc vi pham khong thuc hien bien phap buoc thao do vi pham thi bi cuong che thi hanh theo quy dinh cua phap luat va quy dinh tai khoan 4, dieu 4 thong tu so 3/2018/TT-BXD.","Các cá nhân, tổ chức vi phạm không thực hiện biện pháp buộc tháo dỡ vi phạm thì bị cưỡng chế thi hành theo quy định của pháp luật và quy định tại khoản 4, điều 4 thông tư số 3/2018/TT-BXD."
Sieu bieu dien voi bong ban.,Siêu biểu diễn với bóng bàn.
Nhieu chi em dan van phong con lam nuoc dau den rang de ham nuoc soi uong dan ngay tai cho lam.,Nhiều chị em dân văn phòng còn làm nước đậu đen rang để hãm nước sôi uống dần ngay tại chỗ làm.
Han Quoc se di doi Van phong Thu tuong ve Sejong.,Hàn Quốc sẽ di dời Văn phòng Thủ tướng về Sejong.
Italia: Vien chuc nha nuoc thich xa xeo cong quy.,Italia: Viên chức nhà nước thích xà xẻo công quỹ.
"Bat nong bang cuop 'so ma' gay hang loat vu trom, cuop.","Bắt nóng băng cướp 'số má' gây hàng loạt vụ trộm, cướp."
Cong dong nguoi Viet tai Phap phan doi Trung Quoc xam pham chu quyen.,Cộng đồng người Việt tại Pháp phản đối Trung Quốc xâm phạm chủ quyền.
"Chang ""xe om Tay"" bong dung thanh ""hot boy"".","Chàng ""xe ôm Tây"" bỗng dưng thành ""hot boy""."
Xay dung Can Tho la trung tam kinh te - xa hoi vung Dong bang song Cuu Long.,Xây dựng Cần Thơ là trung tâm kinh tế - xã hội vùng Đồng bằng sông Cửu Long.
"PHS giai trinh loi nhuan tang 24,5% so voi cung ky.","PHS giải trình lợi nhuận tăng 24,5% so với cùng kỳ."
HP chuan bi gioi thieu MTB 17 inch HP Slate 17.,HP chuẩn bị giới thiệu MTB 17 inch HP Slate 17.
Nga va Kazakhstan thiet lap He thong phong khong chung.,Nga và Kazakhstan thiết lập Hệ thống phòng không chung.
"Vay nhung diem nhan dang chu y cua Lien hoan Phat thanh nam nay la gi, thua ong?","Vậy những điểm nhấn đáng chú ý của Liên hoan Phát thanh năm nay là gì, thưa ông?"
iPod Nano se co tinh nang chup anh?.,iPod Nano sẽ có tính năng chụp ảnh?.
Coventry - Chelsea: Buoc dem cho chau Au.,Coventry - Chelsea: Bước đệm cho châu Âu.
Trung Quoc: Mat viec vi tao dang chup hinh trong luc cuu ho.,Trung Quốc: Mất việc vì tạo dáng chụp hình trong lúc cứu hộ.
Hai nhom giang ho tan cong gay nao loan Mui Ne.,Hai nhóm giang hồ tấn công gây náo loạn Mũi Né.
Tiet lo ve 21 nam bi mat lai may bay cho khach cua Quoc vuong Ha Lan.,Tiết lộ về 21 năm bí mật lái máy bay chở khách của Quốc vương Hà Lan.
5 xu huong the gioi nam 2014.,5 xu hướng thế giới năm 2014.
Nga quyet tau loat xe quan su hien dai nhat.,Nga quyết tậu loạt xe quân sự hiện đại nhất.
Benh vien Da khoa Kon Tum qua tai benh nhan cum A.,Bệnh viện Đa khoa Kon Tum quá tải bệnh nhân cúm A.
Dua lac da.,Đua lạc đà.
"Den khi Ferdinand Marcos tro thanh tong thong Philippines vao nam 1965, vai tro cua ba Imelda tiep tuc duoc cung co.","Đến khi Ferdinand Marcos trở thành tổng thống Philippines vào năm 1965, vai trò của bà Imelda tiếp tục được củng cố."
"Thay vay, nan nhan da tri ho va duoi theo.","Thấy vậy, nạn nhân đã tri hô và đuổi theo."
Kien Giang: Gan 900 ty dong xay dung khu dan cu Nam An Hoa.,Kiên Giang: Gần 900 tỷ đồng xây dựng khu dân cư Nam An Hòa.
"- Toi nghi rang chuyen nhieu hay it cuoc thi khong quan trong, nhieu hay it hoa hau khong quan trong, quan trong la nhieu hoa hau nhu vay co thuc su mang lai nhieu gia tri cho cong dong hay khong.","- Tôi nghĩ rằng chuyện nhiều hay ít cuộc thi không quan trọng, nhiều hay ít hoa hậu không quan trọng, quan trọng là nhiều hoa hậu như vậy có thực sự mang lại nhiều giá trị cho cộng đồng hay không."
"Day cung se la tien de quan trong giup VNPT Money mo ra nhung co hoi hop tac voi cac doi tac tai chinh toan cau nhu Visa, Master, JCB,... Tu do, VNPT Money se ngay cang phat trien hoan thien hon, huong toi cung cap cho khach hang nhung loi ich toan dien va thiet thuc hon nua trong tuong lai.","Đây cũng sẽ là tiền đề quan trọng giúp VNPT Money mở ra những cơ hội hợp tác với các đối tác tài chính toàn cầu như Visa, Master, JCB,... Từ đó, VNPT Money sẽ ngày càng phát triển hoàn thiện hơn, hướng tới cung cấp cho khách hàng những lợi ích toàn diện và thiết thực hơn nữa trong tương lai."
Uong thuoc cam den phong thi de ngu.,Uống thuốc cảm đến phòng thi để ngủ.
Tho dien Ha Noi truc chien mua nang nong.,Thợ điện Hà Nội trực chiến mùa nắng nóng.
Kho kiem soat chat luong dau thu so DVB-T2.,Khó kiểm soát chất lượng đầu thu số DVB-T2.
Sony an mung thanh cong PSP-3000.,Sony ăn mừng thành công PSP-3000.
"Anh cho rang doi chu san Old Trafford da ""thieu thien chi"" de gia han hop dong voi minh.","Anh cho rằng đội chủ sân Old Trafford đã ""thiếu thiện chí"" để gia hạn hợp đồng với mình."
Treo co trong dip Tet Nguyen dan.,Treo cờ trong dịp Tết Nguyên đán.
Cho phien Bac Ha: Di de nho!.,Chợ phiên Bắc Hà: Đi để nhớ!.
Ca nuoc mua dong rai rac.,Cả nước mưa dông rải rác.
"Cuoc chien Au My : Ngang suc, co ngang co hoi ?.","Cuộc chiến Âu Mỹ : Ngang sức, có ngang cơ hội ?."
"Iniesta dinh chan thuong nang, nghi tu 4-6 tuan Suarez lai dong vai nguoi hung cua Barca.","Iniesta dính chấn thương nặng, nghỉ từ 4-6 tuần Suarez lại đóng vai người hùng của Barca."
Tu viet giay no hang tram trieu de moi tien cha me.,Tự viết giấy nợ hàng trăm triệu để moi tiền cha mẹ.
Giai phap cap bach thuc day du lich Viet Nam tang truong.,Giải pháp cấp bách thúc đẩy du lịch Việt Nam tăng trưởng.
"Cu the, nha san xuat cho biet: ""Ca si Khanh Ly trong Em va Trinh co hanh xu, loi noi, trang phuc khac biet han voi cac bong hong khac trong phim, la y do cua nha lam phim muon lam noi bat ca tinh manh me cua nhan vat.","Cụ thể, nhà sản xuất cho biết: ""Ca sĩ Khánh Ly trong Em và Trịnh có hành xử, lời nói, trang phục khác biệt hẳn với các bóng hồng khác trong phim, là ý đồ của nhà làm phim muốn làm nổi bật cá tính mạnh mẽ của nhân vật."
"Cong ty xe buyt no BHXH tien ty, nhan vien cu 'vay' tru so doi quyen loi.","Công ty xe buýt nợ BHXH tiền tỷ, nhân viên cũ 'vây' trụ sở đòi quyền lợi."
Mot Trung Dong da sac trong Con duong Hoi giao.,Một Trung Đông đa sắc trong Con đường Hồi giáo.
Dang bo Van phong Trung uong Dang trao tang Huy hieu Dang.,Đảng bộ Văn phòng Trung ương Đảng trao tặng Huy hiệu Đảng.
Tong thong My trai tham do tiep Thu tuong Thai Lan.,Tổng thống Mỹ trải thảm đỏ tiếp Thủ tướng Thái Lan.
Tinh hinh chien su Syria moi nhat: Nga tiep tuc xuc tien no luc ngung ban.,Tình hình chiến sự Syria mới nhất: Nga tiếp tục xúc tiến nỗ lực ngừng bắn.
Nhung hinh anh dau tien cua duoi may bay QZ8501 duoi day bien Java.,Những hình ảnh đầu tiên của đuôi máy bay QZ8501 dưới đáy biển Java.
"Nhieu anh chi trong showbiz da ban nha ban xe de lam phim, con anh thi sao?","Nhiều anh chị trong showbiz đã bán nhà bán xe để làm phim, còn anh thì sao?"
Kingston ra mat 11 cua hang tin cay tai Viet Nam.,Kingston ra mắt 11 cửa hàng tin cậy tại Việt Nam.
"Tai Quang Ninh, nhac den sam la nguoi ta nghi ngay den dac san sam 7 mon voi rat nhieu bien tau da dang gom nom sam, chan sam xao chua ngot, dui sam ran, cha sam, rieu sam, thit sam xao, trung sam.","Tại Quảng Ninh, nhắc đến sam là người ta nghĩ ngay đến đặc sản sam 7 món với rất nhiều biến tấu đa dạng gồm nộm sam, chân sam xào chua ngọt, đùi sam rán, chả sam, riêu sam, thịt sam xào, trứng sam."
"Cong Minh chon Bayern, Huynh Duc bat Chelsea.","Công Minh chọn Bayern, Huỳnh Đức bắt Chelsea."
"Trong khi do, danh muc san pham khac, bao gom tai nghe AirPods, Apple Watch hay loa HomePod giam 8% doanh thu, tham chi khong dat ky vong cua Pho Wall.","Trong khi đó, danh mục sản phẩm khác, bao gồm tai nghe AirPods, Apple Watch hay loa HomePod giảm 8% doanh thu, thậm chí không đạt kỳ vọng của Phố Wall."
Doanh nghiep phai dap ung dieu kien gi khi kinh doanh casino.,Doanh nghiệp phải đáp ứng điều kiện gì khi kinh doanh casino.
Barcelona bo xa Real Madrid 8 diem khi ha guc Malaga.,Barcelona bỏ xa Real Madrid 8 điểm khi hạ gục Malaga.
Italy: 4kg giay to van ban chi de xay mot mai nha kho.,Italy: 4kg giấy tờ văn bản chỉ để xây một mái nhà kho.
Ngam goc nho cua be Bao Khanh.,Ngắm góc nhỏ của bé Bảo Khánh.
CD Benh vien phu san T.U: 350 nguoi tham gia hien mau tinh nguyen.,CĐ Bệnh viện phụ sản T.Ư: 350 người tham gia hiến máu tình nguyện.
Nganh Giao duc huong ung Ngay Ve sinh yeu nuoc.,Ngành Giáo dục hưởng ứng Ngày Vệ sinh yêu nước.
Nhung tac pham song cung thoi gian cua Nhac si Phan Huynh Dieu.,Những tác phẩm sống cùng thời gian của Nhạc sĩ Phan Huỳnh Điều.
Nhat Ban vien tro xay hai truong hoc tai Nam Dinh.,Nhật Bản viện trợ xây hai trường học tại Nam Định.
Mat xich nhom Tran Ngoc Bich tai VNCB.,Mắt xích nhóm Trần Ngọc Bích tại VNCB.
Tiep tuc kiem soat chat tin dung bat dong san.,Tiếp tục kiểm soát chặt tín dụng bất động sản.
"Morale & The Big Steppers – Kendrich Lamar
10.","Morale & The Big Steppers – Kendrich Lamar
10."
"Vang tang gia, SPDR Gold Trust mua them 3,62 tan vang.","Vàng tăng giá, SPDR Gold Trust mua thêm 3,62 tấn vàng."
tim dia chi chup anh cho be yeu.,tìm địa chỉ chụp ảnh cho bé yêu.
Thuong 100 trieu dong cho nguoi tim thay du khach Anh.,Thưởng 100 triệu đồng cho người tìm thấy du khách Anh.
Hai cong ty dang ky niem yet hon 8 trieu co phieu tren HNX.,Hai công ty đăng ký niêm yết hơn 8 triệu cổ phiếu trên HNX.
LG ra mat tu lanh hai ben canh cua trong cua tien loi..,LG ra mắt tủ lạnh hai bên cánh cửa trong cửa tiện lợi..
Chang trai Viet du dinh di vong quanh the gioi bang xe may.,Chàng trai Việt dự định đi vòng quanh thế giới bằng xe máy.
Chia se cua Wilson nhan duoc su ung ho tu khan gia va ban be.,Chia sẻ của Wilson nhận được sự ủng hộ từ khán giả và bạn bè.
Chuyen thay do 'et-ve' noi Van Mieu.,Chuyện thầy đồ 'ét-vê' nơi Văn Miếu.
Tau Discovery tach khoi tram vu tru.,Tàu Discovery tách khỏi trạm vũ trụ.
5 dieu rut ra sau sau chien thang cua Chelsea truoc Barcelona o ICC.,5 điều rút ra sau sau chiến thắng của Chelsea trước Barcelona ở ICC.
Kim Hien cho nguoi yeu o san ga.,Kim Hiền chờ người yêu ở sân ga.
Tiec nhe cuoi tuan.,Tiệc nhẹ cuối tuần.
"Glance moi thanh lap duoc ba nam da duoc phan dong cong chung don nhan vi da xac dinh duoc co hoi phan phoi noi dung tren man hinh khoa, cung cap noi dung dua tren so thich cua nguoi dung, khien ho co tuong tac sau hon voi nen tang.","Glance mới thành lập được ba năm đã được phần đông công chúng đón nhận vì đã xác định được cơ hội phân phối nội dung trên màn hình khóa, cung cấp nội dung dựa trên sở thích của người dùng, khiến họ có tương tác sâu hơn với nền tảng."
Cong trinh lam kho dan.,Công trình làm khổ dân.
Bao TQ doi manh tay hon voi Myanmar sau vu tha bom.,Báo TQ đòi mạnh tay hơn với Myanmar sau vụ thả bom.
Lop hoc nghia tinh.,Lớp học nghĩa tình.
Ong Chung cung neu nhieu quan diem de lam can cu phu nhan cao buoc bi cao da chi dao So KH&DT dung mo thau de tao dieu kien cho Cong ty Nhat Cuong tham gia dau thau va trung thau.,Ông Chung cũng nêu nhiều quan điểm để làm căn cứ phủ nhận cáo buộc bị cáo đã chỉ đạo Sở KH&ĐT dừng mở thầu để tạo điều kiện cho Công ty Nhật Cường tham gia đấu thầu và trúng thầu.
"(adsbygoogle = window.adsbygoogle || []).push({}); Ket qua dieu tra xac dinh: Trong thoi gian tu thang 7/2021 den thang 3/2022, ong Do Anh Dung (Chu tich Hoi dong thanh vien kiem Tong Giam doc Tap doan Tan Hoang Minh) va cac ca nhan tai Tap doan Tan Hoang Minh da co hanh vi gian doi, su dung ba cong ty thanh vien gom Cong ty Trach nhiem huu han Dau tu bat dong san Ngoi Sao Viet, Cong ty co phan Dau tu va Dich vu Khach san Soleil, Cong ty Co phan Cung dien Mua Dong va cac cong ty lien quan, phat hanh 9 dot trai phieu trai quy dinh phap luat, tong tri gia 10.300 ty dong, de huy dong tien cua nha dau tu nhung khong su dung vao cac hoat dong kinh doanh theo ho so phat hanh trai phieu.","(adsbygoogle = window.adsbygoogle || []).push({}); Kết quả điều tra xác định: Trong thời gian từ tháng 7/2021 đến tháng 3/2022, ông Đỗ Anh Dũng (Chủ tịch Hội đồng thành viên kiêm Tổng Giám đốc Tập đoàn Tân Hoàng Minh) và các cá nhân tại Tập đoàn Tân Hoàng Minh đã có hành vi gian dối, sử dụng ba công ty thành viên gồm Công ty Trách nhiệm hữu hạn Đầu tư bất động sản Ngôi Sao Việt, Công ty cổ phần Đầu tư và Dịch vụ Khách sạn Soleil, Công ty Cổ phần Cung điện Mùa Đông và các công ty liên quan, phát hành 9 đợt trái phiếu trái quy định pháp luật, tổng trị giá 10.300 tỷ đồng, để huy động tiền của nhà đầu tư nhưng không sử dụng vào các hoạt động kinh doanh theo hồ sơ phát hành trái phiếu."
Giai Monte Carlo Masters: Davydenko vao ban ket.,Giải Monte Carlo Masters: Davydenko vào bán kết.
Doan Viet Nam doat them 1 HCV ASIAN Para Games 2014.,Đoàn Việt Nam đoạt thêm 1 HCV ASIAN Para Games 2014.
"""Khat vong hoa binh"" duoc don vi thuc hien ky vong se la chuoi chuong trinh thuong nien ton vinh gia tri truyen thong, khac ghi tri an nhung chien cong hao hung cua dan toc, dong thoi quang ba hinh anh Viet Nam dat nuoc con nguoi den voi ban be quoc te, dua Quang Tri tro thanh bieu tuong, diem den cua hoa binh voi tinh than ai huu nghi./.","""Khát vọng hòa bình"" được đơn vị thực hiện kỳ vọng sẽ là chuỗi chương trình thường niên tôn vinh giá trị truyền thống, khắc ghi tri ân những chiến công hào hùng của dân tộc, đồng thời quảng bá hình ảnh Việt Nam đất nước con người đến với bạn bè quốc tế, đưa Quảng Trị trở thành biểu tượng, điểm đến của hòa bình với tình thân ái hữu nghị./."
Lenh truy na toi pham ngay 10.3.2016.,Lệnh truy nã tội phạm ngày 10.3.2016.
"Du vay, su sang tao trong loi choi cua Hai Phong bi dat dau hoi lon.","Dù vậy, sự sáng tạo trong lối chơi của Hải Phòng bị đặt dấu hỏi lớn."
"Du bao thoi tiet 17/4: Nam Bo nang nong, Bac Bo don ret Nang Ban.","Dự báo thời tiết 17/4: Nam Bộ nắng nóng, Bắc Bộ đón rét Nàng Bân."
"Co mot khoang thoi gian, co sang Cong hoa Sec sinh con.","Có một khoảng thời gian, cô sang Cộng hoà Séc sinh con."
Bali (Indonesia): Vuong quoc cua nhung ngoi den.,Bali (Indonesia): Vương quốc của những ngôi đền.
Truoc vong 3 Premier League: Nong tu Anfield toi Emirates.,Trước vòng 3 Premier League: Nóng từ Anfield tới Emirates.
Pha o nhom san xuat the sinh vien gia.,Phá ổ nhóm sản xuất thẻ sinh viên giả.
"Ngoi sao trung tam cua He Mat Troi thuoc nhom sao dai chinh G (G-type main-sequence star), nhung so luong chi bang 1/10 so voi cac sao lun do.","Ngôi sao trung tâm của Hệ Mặt Trời thuộc nhóm sao dải chính G (G-type main-sequence star), nhưng số lượng chỉ bằng 1/10 so với các sao lùn đỏ."
"""Mang"" trong tai, HLV Tran Tien Dai bi phat nang.","""Mắng"" trọng tài, HLV Trần Tiến Đại bị phạt nặng."
"Dua nguoi yeu 17 tuoi di choi, ru ban hiep dam tap the.","Đưa người yêu 17 tuổi đi chơi, rủ bạn hiếp dâm tập thể."
Dien hinh HTX Thuong mai Dich vu Linh Tay bao cao lo gan 49 trieu dong nhung gop von hon 952 ty dong hay nhu HTX Thuong mai Thi Nghe bao lo hon 163 dong nhung tham gia gop von gan 245 ty dong… 20/26 HTX thanh vien tham gia gop von da khong cung cap duoc cac ho so gop von khi doan Thanh tra TP.HCM co yeu cau.,Điển hình HTX Thương mại Dịch vụ Linh Tây báo cáo lỗ gần 49 triệu đồng nhưng góp vốn hơn 952 tỷ đồng hay như HTX Thương mại Thị Nghè báo lỗ hơn 163 đồng nhưng tham gia góp vốn gần 245 tỷ đồng… 20/26 HTX thành viên tham gia góp vốn đã không cung cấp được các hồ sơ góp vốn khi đoàn Thanh tra TP.HCM có yêu cầu.
"Lu Dac Long cho hay, anh von la nguoi co ban linh vung vang.","Lữ Đắc Long cho hay, anh vốn là người có bản lĩnh vững vàng."
Cong bo danh muc san pham Quoc gia.,Công bố danh mục sản phẩm Quốc gia.
Nam - Bac Han se cung to chuc World Cup 2022?.,Nam - Bắc Hàn sẽ cùng tổ chức World Cup 2022?.
"Teen lop 9, ki thi tuyen va.....","Teen lớp 9, kì thi tuyển và....."
DT Viet Nam huong toi AFF Suzuki Cup 2014: Bong dung ngon ngang.,ĐT Việt Nam hướng tới AFF Suzuki Cup 2014: Bỗng dưng ngổn ngang.
"Toi bi chong danh say thai, con bi duoi ve nha ngoai.","Tôi bị chồng đánh sảy thai, còn bị đuổi về nhà ngoại."
"Vi dang o tren mien dat cua Giao hoi Thien Chua giao the gioi nen mot nhom bo tu cac nha vat ly tre (duoc goi la cac chang trai pho Panisperna, noi dong Vien Vat ly) da dat cho nhau nhung biet danh lien quan den giao hoi.","Vì đang ở trên miền đất của Giáo hội Thiên Chúa giáo thế giới nên một nhóm bộ tứ các nhà vật lý trẻ (được gọi là các chàng trai phố Panisperna, nơi đóng Viện Vật lý) đã đặt cho nhau những biệt danh liên quan đến giáo hội."
Khanh Hoa: Vuot dao xa tiep nhan nhung tam long se giot mau dao.,Khánh Hòa: Vượt đảo xa tiếp nhận những tấm lòng sẻ giọt máu đào.
Ngoi sao noi tieng co kha nang ly hon gap doi nguoi thuong?.,Ngôi sao nổi tiếng có khả năng ly hôn gấp đôi người thường?.
"Thu tu tin noi: ""Nam sau em cung la mot thi sinh, em mong la cac ban tiep suc mua thi van giu duoc ngon lua nhiet huyet giong nhu nam nay de em duoc tiep them nguon suc manh tu ben ngoai phong thi"". Moi doi tiep suc mua thi duoc chia thanh nhieu to khac nhau.","Thư tự tin nói: ""Năm sau em cũng là một thí sinh, em mong là các bạn tiếp sức mùa thi vẫn giữ được ngọn lửa nhiệt huyết giống như năm nay để em được tiếp thêm nguồn sức mạnh từ bên ngoài phòng thi"". Mỗi đội tiếp sức mùa thi được chia thành nhiều tổ khác nhau."
Tra lai gioi tinh cho chang trai bi tuong la nu suot 24 nam troi.,Trả lại giới tính cho chàng trai bị tưởng là nữ suốt 24 năm trời.
Shin Min Ah phu phang tu choi tinh cam cua Lee Jun Ki.,Shin Min Ah phũ phàng từ chối tình cảm của Lee Jun Ki.
10 noi ban nhat trong nha hang.,10 nơi bẩn nhất trong nhà hàng.
Hoa si Phan Ke An ke ve chuyen di ve Bac Ho.,Họa sĩ Phan Kế An kể về chuyến đi vẽ Bác Hồ.
"Trong hinh anh duoc chia se, co the thay, ong xa Jang Nara dang cam dien thoai de ba xa thoa thich chup hinh tu suong.","Trong hình ảnh được chia sẻ, có thể thấy, ông xã Jang Nara đang cầm điện thoại để bà xã thỏa thích chụp hình tự sướng."
"Kinh nghiem chon mua banh, mut, keo ngon va an toan ngay tet.","Kinh nghiệm chọn mua bánh, mứt, kẹo ngon và an toàn ngày tết."
Benh lupus ban do duoc hieu nhu the nao?.,Bệnh lupus ban đỏ được hiểu như thế nào?.
Chau Au tang cuong kiem soat di cu tu 'goc re'.,Châu Âu tăng cường kiểm soát di cư từ 'gốc rễ'.
"Quyen su dung dat ma vo, chong co duoc sau khi ket hon la tai san chung cua vo chong, tru truong hop vo hoac chong duoc thua ke rieng, duoc tang cho rieng hoac co duoc thong qua giao dich bang tai san rieng.","Quyền sử dụng đất mà vợ, chồng có được sau khi kết hôn là tài sản chung của vợ chồng, trừ trường hợp vợ hoặc chồng được thừa kế riêng, được tặng cho riêng hoặc có được thông qua giao dịch bằng tài sản riêng."
NS Thanh Vuong: Pho chieu khong la lieu thuoc ngu huu hieu.,NS Thành Vương: Phố chiều không là liều thuốc ngủ hữu hiệu.
Ve nhung to bao duoc ban doc TPHCM lua chon uu tien : Cong bo de tai chua co gia tri khoa hoc.,Về những tờ báo được bạn đọc TPHCM lựa chọn ưu tiên : Công bố đề tài chưa có giá trị khoa học.
"Chia se voi bao chi ban dia, ong Shin Tae-yong mong muon U.19 Indonesia voi tu cach la doi chu nha giai U.19 Dong Nam A se dat ket qua tot nhat, dung o vi tri cao nhat tai giai nay (khoi tranh tu ngay 2 - 15.7), de lam ban dap vung chac cho World Cup U.20 nam 2023 ma Indonesia cung dung vai la nuoc dang cai.","Chia sẻ với báo chí bản địa, ông Shin Tae-yong mong muốn U.19 Indonesia với tư cách là đội chủ nhà giải U.19 Đông Nam Á sẽ đạt kết quả tốt nhất, đứng ở vị trí cao nhất tại giải này (khởi tranh từ ngày 2 - 15.7), để làm bàn đạp vững chắc cho World Cup U.20 năm 2023 mà Indonesia cũng đứng vai là nước đăng cai."
"Tran Thanh, Viet Huong, Duc Tuan, Binh Minh duoc de cu ""kep"" Giai Mai Vang 2014.","Trấn Thành, Việt Hương, Đức Tuấn, Bình Minh được đề cử ""kép"" Giải Mai Vàng 2014."
Bi thu TP.HCM Nguyen Thien Nhan: Hom nay la mot ngay rat dac biet.,Bí thư TP.HCM Nguyễn Thiện Nhân: Hôm nay là một ngày rất đặc biệt.
"""Dang, Nha nuoc va Nhan dan ta doi doi vinh danh, tri an cong on, su hy sinh cua cac anh hung liet si, thuong binh, benh binh.","""Đảng, Nhà nước và Nhân dân ta đời đời vinh danh, tri ân công ơn, sự hy sinh của các anh hùng liệt sĩ, thương binh, bệnh binh."
Khong nen trong dua o via he duong pho.,Không nên trồng dừa ở vỉa hè đường phố.
Duc - Kazakhstan: Dem cua Klose.,Đức - Kazakhstan: Đêm của Klose.
Saigon Co.op chuan bi 95.000 tan hang hoa phuc vu Tet.,Saigon Co.op chuẩn bị 95.000 tấn hàng hóa phục vụ Tết.
Indonesia can nhac kien Trung Quoc ve Bien Dong.,Indonesia cân nhắc kiện Trung Quốc về Biển Đông.
Doi thoai 'Phat trien bong da Viet Nam' V.League chua 'sach'.,Đối thoại 'Phát triển bóng đá Việt Nam' V.League chưa 'sạch'.
Venezuela bac bo lenh trung phat cua My doi voi 13 quan chuc.,Venezuela bác bỏ lệnh trừng phạt của Mỹ đối với 13 quan chức.
An ninh Kenya dat trong tinh trang bao dong cao.,An ninh Kenya đặt trong tình trạng báo động cao.
Cong Phuong: 'U23 Viet Nam phai vuot qua kho khan khi da duoi troi tuyet'.,Công Phượng: 'U23 Việt Nam phải vượt qua khó khăn khi đá dưới trời tuyết'.
"Hang do tu che ra mau BMW M7 ""sieu dep, sieu manh"".","Hãng độ tự chế ra mẫu BMW M7 ""siêu đẹp, siêu mạnh""."
Bao chi khong phat hien thi TMV da qua mat.,Báo chí không phát hiện thì TMV đã qua mặt.
Bo Xay dung de xuat chuyen no tu nha dau tu sang nguoi mua nha.,Bộ Xây dựng đề xuất chuyển nợ từ nhà đầu tư sang người mua nhà.
Tet nay Peplum van mot lam!.,Tết này Peplum vẫn mốt lắm!.
Hoi sinh mot lang nghe tho cam.,Hồi sinh một làng nghề thổ cẩm.
"Da Nang: Moi can bo, chien si Vung 3 Hai quan du tiep xuc cu tri.","Đà Nẵng: Mời cán bộ, chiến sĩ Vùng 3 Hải quân dự tiếp xúc cử tri."
Can truyen thong manh hon cho hien mau nhan dao.,Cần truyền thông mạnh hơn cho hiến máu nhân đạo.
Hang hang khong lon nhat Chau A lai cau cuu chinh phu.,Hãng hàng không lớn nhất Châu Á lại cầu cứu chính phủ.
"Voi bay chiec xe canh sat chuyen dung cung mot chiec truc thang, that kho de han tiep tuc tron thoat.","Với bảy chiếc xe cảnh sát chuyên dụng cùng một chiếc trực thăng, thật khó để hắn tiếp tục trốn thoát."
Ha Giang: Danh cong an vi bi dung xe do khong doi mu bao hiem.,Hà Giang: Đánh công an vì bị dừng xe do không đội mũ bảo hiểm.
Tu khoa:,Từ khóa:
"Lan cam go nhat thoi diem thi dau nam 2019, doi bo cua ong Liet co mot con dau chan.","Lần cam go nhất thời điểm thi đấu năm 2019, đôi bò của ông Liệt có một con đau chân."
"Kieu toc nay ket hop voi cac mau nhuom khien ban than them tre trung, tuoi sang hon va khuon mat nho gon, thanh thoat hon.","Kiểu tóc này kết hợp với các màu nhuộm khiến bản thân thêm trẻ trung, tươi sáng hơn và khuôn mặt nhỏ gọn, thanh thoát hơn."
Phap boi thuong Nga duoi 1 ti euro vu ban tau Mistral.,Pháp bồi thường Nga dưới 1 tỉ euro vụ bán tàu Mistral.
WB ho tro 119 trieu USD cho du an cap nuoc.,WB hỗ trợ 119 triệu USD cho dự án cấp nước.
Dell se ra mat laptop 15 inch mong nhat XPS 15z vao ngay mai.,Dell sẽ ra mắt laptop 15 inch mỏng nhất XPS 15z vào ngày mai.
Khi hau Trai dat se ra sao vao nam 2099?.,Khí hậu Trái đất sẽ ra sao vào năm 2099?.
"Moi lan van chuyen, chung chia thanh nhieu nhom, di chuyen khong co dinh tai nhung dia ban ma chung thong thao.","Mỗi lần vận chuyển, chúng chia thành nhiều nhóm, di chuyển không cố định tại những địa bàn mà chúng thông thạo."
Khoi dong Hoi cho hoa xuan Canh Dan.,Khởi động Hội chợ hoa xuân Canh Dần.
"Khong thu phi du thi, du tuyen THCS va THPT.","Không thu phí dự thi, dự tuyển THCS và THPT."
Dung chat cam trong chan nuoi se bi xu ly hinh su.,Dùng chất cấm trong chăn nuôi sẽ bị xử lý hình sự.
"Quang cao tren tap chi Forbes, Microsoft cap Wi-Fi mien phi.","Quảng cáo trên tạp chí Forbes, Microsoft cấp Wi-Fi miễn phí."
Nganh det may: Chuyen tu luong sang chat.,Ngành dệt may: Chuyển từ lượng sang chất.
Trung thuong oto Mercedes C180K nho gui tiet kiem tai Techcombank.,Trúng thưởng ôtô Mercedes C180K nhờ gửi tiết kiệm tại Techcombank.
"Tuy nhien, neu nuoc tieu co bot xuat hien rat thuong xuyen, can di kham som.","Tuy nhiên, nếu nước tiểu có bọt xuất hiện rất thường xuyên, cần đi khám sớm."
Nhieu qua tang ton vinh phai dep.,Nhiều quà tặng tôn vinh phái đẹp.
"Dinh chi xa thai, buoc thao do ong ngam.","Đình chỉ xả thải, buộc tháo dỡ ống ngầm."
Clip vui: Vo bung voi nhung kieu roi va nga tu do.,Clip vui: Vỡ bụng với những kiểu rơi và ngã tự do.
"Tin tuc hot boy, hot girl ngay 23/3/2015: Su ky dieu cua trang diem.","Tin tức hot boy, hot girl ngày 23/3/2015: Sự kỳ diệu của trang điểm."
"Theo uoc tinh cua Liang, cac du an se tieu ton hon 9.000 ti nhan dan te (1.330 ti USD) trong 30 nam toi, tuong duong khoang 8% GDP cua Trung Quoc vao nam ngoai.","Theo ước tính của Liang, các dự án sẽ tiêu tốn hơn 9.000 tỉ nhân dân tệ (1.330 tỉ USD) trong 30 năm tới, tương đương khoảng 8% GDP của Trung Quốc vào năm ngoái."
"Nhiet do cao nhat 30-33 do, vung nui duoi 30 do.","Nhiệt độ cao nhất 30-33 độ, vùng núi dưới 30 độ."
"Gia thap, chung cu Golden Silk co hut khach mua ?.","Giá thấp, chung cư Golden Silk có hút khách mua ?."
Dong vien nu CNVC-LD kho khan.,Động viên nữ CNVC-LĐ khó khăn.
"Co nguon goc tu Phap, ung dung da xuat hien tu nam 2020, thanh lap boi Alexis Barreyat va Romain Salzman.","Có nguồn gốc từ Pháp, ứng dụng đã xuất hiện từ năm 2020, thành lập bởi Alexis Barreyat và Romain Salzman."
"Bo sung cho quan diem cua ba Dang Nguyet Minh, chuyen gia tai chinh Phan Le Thanh Long bat mi cach dau tu bang cach tan dung luon cong viec, hieu biet san co cua nha dau tu.","Bổ sung cho quan điểm của bà Đặng Nguyệt Minh, chuyên gia tài chính Phan Lê Thành Long bật mí cách đầu tư bằng cách tận dụng luôn công việc, hiểu biết sẵn có của nhà đầu tư."
"Bau Kien lien tuc keu oan, xin mien toi cho dong pham.","Bầu Kiên liên tục kêu oan, xin miễn tội cho đồng phạm."
Hiem hoi co nang dien ao tam khoe hinh the goi cam cua minh.,Hiếm hoi cô nàng diện áo tắm khoe hình thể gợi cảm của mình.
"Al Jazeera nhan dinh, chien dich quan su cua Nga o Ukraine da lam day len lo ngai tu nhieu quoc gia Dong Au trong nhieu thang qua.","Al Jazeera nhận định, chiến dịch quân sự của Nga ở Ukraine đã làm dấy lên lo ngại từ nhiều quốc gia Đông Âu trong nhiều tháng qua."
Than phan cung kho cua nhung cong dan hang 2.,Thân phận cùng khổ của những công dân hạng 2.
Da giai quyet xong hau qua o du an Nang Tien Ca.,Đã giải quyết xong hậu quả ở dự án Nàng Tiên Cá.
Cinemax 8/8: Airport '77.,Cinemax 8/8: Airport '77.
Pho thu tuong yeu cau kiem tra du an lap song Dong Nai.,Phó thủ tướng yêu cầu kiểm tra dự án lấp sông Đồng Nai.
Gia dinh la diem tua de chang hiep si 33 tuoi hon 8 nam bat cuop Sai Gon.,Gia đình là điểm tựa để chàng hiệp sĩ 33 tuổi hơn 8 năm bắt cướp Sài Gòn.
Cac tram y te xa phuong se tro thanh phong kham cho benh vien huyen thi.,Các trạm y tế xã phường sẽ trở thành phòng khám cho bệnh viện huyện thị.
"Tuy nhien, ve cong nghe dong tau, nuoc nay van con ""thua xa"" Trung Quoc.","Tuy nhiên, về công nghệ đóng tàu, nước này vẫn còn ""thua xa"" Trung Quốc."
"Dieu chung toi – KOC Vietnam lam, la goi ten, va cong nhan KOC nhu la mot nghe chinh thuc.","Điều chúng tôi – KOC Vietnam làm, là gọi tên, và công nhận KOC như là một nghề chính thức."
Nu ca si noi tieng tiet lo bi cuong hiep nam 19 tuoi.,Nữ ca sĩ nổi tiếng tiết lộ bị cưỡng hiếp năm 19 tuổi.
Khong de de lay trung vang.,Không dễ để lấy trứng vàng.
"CSM lai 221 ty dong trong quy 3, tang 23%.","CSM lãi 221 tỷ đồng trong quý 3, tăng 23%."
Tu khoa:,Từ khóa:
To lua Bao Loc toa sang tai Festival hoa Da Lat.,Tơ lụa Bảo Lộc tỏa sáng tại Festival hoa Đà Lạt.
Che nang cho da.,Che nắng cho da.
Phe noi day Syria thua nhan mat Qusayr.,Phe nổi dậy Syria thừa nhận mất Qusayr.
Sinh vien tinh nguyen Han Quoc tham Bao Thanh Nien.,Sinh viên tình nguyện Hàn Quốc thăm Báo Thanh Niên.
Bo Cong Thuong hop khan ve quan ly kinh doanh xang.,Bộ Công Thương họp khẩn về quản lý kinh doanh xăng.
Se phan tang chat luong bang dai hoc.,Sẽ phân tầng chất lượng bằng đại học.
"Trong do, co nhung truong hop trinh bay qua Campuchia lam viec theo loi ru re, moi gioi qua mang xa hoi la ""viec nhe, luong cao"". Khong chi nguoi o trong tinh hoac cac tinh lan can ma co nhung truong hop bat dau hanh trinh tu tan ngoai mien Bac, mien Trung.","Trong đó, có những trường hợp trình bày qua Campuchia làm việc theo lời rủ rê, môi giới qua mạng xã hội là ""việc nhẹ, lương cao"". Không chỉ người ở trong tỉnh hoặc các tỉnh lân cận mà có những trường hợp bắt đầu hành trình từ tận ngoài miền Bắc, miền Trung."
Nhung nu thu ky goi cam nhu nguoi mau.,Những nữ thư ký gợi cảm như người mẫu.
Bi mat khung khiep an sau hinh xam giau kin cua chong.,Bí mật khủng khiếp ẩn sau hình xăm giấu kín của chồng.
Khanh thanh tru so Chi nhanh Sacombank Soc Trang.,Khánh thành trụ sở Chi nhánh Sacombank Sóc Trăng.
"Neu co su minh bach, Trung Quoc co le se khong doi mat voi cac cao buoc, cung nhu Sri Lanka co the khong lam vao tinh canh nhu hien nay.","Nếu có sự minh bạch, Trung Quốc có lẽ sẽ không đối mặt với các cáo buộc, cũng như Sri Lanka có thể không lâm vào tình cảnh như hiện nay."
"De nghi truy to nhom 'sieu trom' xuyen luc dia rach lop Fortuner lay 1,6 ty dong.","Đề nghị truy tố nhóm 'siêu trộm' xuyên lục địa rạch lốp Fortuner lấy 1,6 tỷ đồng."
Lam gi de du lich bien dao Viet Nam phat trien?.,Làm gì để du lịch biển đảo Việt Nam phát triển?.
"Ngay 13-7, tin tu Co quan Canh sat dieu tra Cong an quan Hoan Kiem (TP Ha Noi) cho biet da ra quyet dinh khoi to vu an, khoi to bi can doi voi Ha Minh Hiep (SN 1985; tru tai to 4 Vinh Hung, Hoang Mai, Ha Noi) ve toi Trom cap tai san.","Ngày 13-7, tin từ Cơ quan Cảnh sát điều tra Công an quận Hoàn Kiếm (TP Hà Nội) cho biết đã ra quyết định khởi tố vụ án, khởi tố bị can đối với Hà Minh Hiệp (SN 1985; trú tại tổ 4 Vĩnh Hưng, Hoàng Mai, Hà Nội) về tội Trộm cắp tài sản."
"Vi sao ""Ba anh em"" tao con sot man anh nho?.","Vì sao ""Ba anh em"" tạo cơn sốt màn ảnh nhỏ?."
Thot tim voi xe may dien.,Thót tim với xe máy điện.
Kenya giet 100 phien quan lien quan toi vu tham sat xe buyt.,Kenya giết 100 phiến quân liên quan tới vụ thảm sát xe buýt.
Nuoc My truoc ngay bau cu so bo 'Sieu thu ba' lan 2.,Nước Mỹ trước ngày bầu cử sơ bộ 'Siêu thứ ba' lần 2.
"Vi du voi mon Su, ong duoc huong dan hoc theo su kien va cac giai doan Lich su.","Ví dụ với môn Sử, ông được hướng dẫn học theo sự kiện và các giai đoạn Lịch sử."
Cleopatra chet vi dung ma tuy qua lieu va doc duoc?.,Cleopatra chết vì dùng ma túy quá liều và độc dược?.
Hai doi bong thanh Manchester so ke chang nuoc rut.,Hai đội bóng thành Manchester so kè chặng nước rút.
Buoi dac san Doan Hung se duoc dan tem truy xuat nguon goc.,Bưởi đặc sản Đoan Hùng sẽ được dán tem truy xuất nguồn gốc.
"Theo ong, trong luat BHYT quy dinh, mot so truong hop dac biet co the thanh toan truc tiep, tuy nhien cung can xac dinh day co phai truong hop thanh toan truc tiep hay khong.","Theo ông, trong luật BHYT quy định, một số trường hợp đặc biệt có thể thanh toán trực tiếp, tuy nhiên cũng cần xác định đây có phải trường hợp thanh toán trực tiếp hay không."
Ba xa 'thiet quan luat' voi Terry.,Bà xã 'thiết quân luật' với Terry.
"Co gai ""hot"" khap Internet vi cach nghi viec doc dao.","Cô gái ""hot"" khắp Internet vì cách nghỉ việc độc đáo."
Huyen My long lay song doi Huy Khanh.,Huyền My lộng lẫy sóng đôi Huy Khánh.
Can bo ngan hang chiem doat tien cua nong dan.,Cán bộ ngân hàng chiếm đoạt tiền của nông dân.
Nang WAG boc lua Hope Dworaczyk khoe duong cong voi do lot.,Nàng WAG bốc lửa Hope Dworaczyk khoe đường cong với đồ lót.
"Anh: D.Phu Ong Chong A Phuoc, Truong ban cong tac Mat tran ap 2, xa Phu Loi (huyen Dinh Quan) giai thich, de ray co nhieu cho trong tia hoa mau nen nguoi Hoa phai don bot da.","Ảnh: Đ.Phú Ông Chống A Phước, Trưởng ban công tác Mặt trận ấp 2, xã Phú Lợi (huyện Định Quán) giải thích, để rẫy có nhiều chỗ trồng tỉa hoa màu nên người Hoa phải dọn bớt đá."
3.248 thu tuc hanh chinh duoc don gian hoa.,3.248 thủ tục hành chính được đơn giản hóa.
Nghe An: Gan 1.200 tre em duoc kham sang loc benh tim bam sinh.,Nghệ An: Gần 1.200 trẻ em được khám sàng lọc bệnh tim bẩm sinh.
"Nghe theo loi cua nhan vien cham soc khach hang, anh H cung cap toan bo thong tin ca nhan cung dia chi gmail va so dien thoai cho nguoi nay de lap tai khoan.","Nghe theo lời của nhân viên chăm sóc khách hàng, anh H cung cấp toàn bộ thông tin cá nhân cùng địa chỉ gmail và số điện thoại cho người này để lập tài khoản."
"Giai thich ve van de nay, nhieu quan diem cho rang Seo Ji Hye co du tai lan sac, song lai kem may man va chua biet chon duoc kich ban phu hop.","Giải thích về vấn đề này, nhiều quan điểm cho rằng Seo Ji Hye có đủ tài lẫn sắc, song lại kém may mắn và chưa biết chọn được kịch bản phù hợp."
Ngan hang va cong ty tai chinh Nhat nang so huu tai ngan hang lon nhat Campuchia.,Ngân hàng và công ty tài chính Nhật nâng sở hữu tại ngân hàng lớn nhất Campuchia.
"Trong qua trinh ay, cac thuong nghi si se dat nhieu cau hoi ve stare decisis - nguyen tac tuan thu nhung gi da duoc quyet dinh - cung nhu ve cam ket ton trong tien le cua ung vien.","Trong quá trình ấy, các thượng nghị sĩ sẽ đặt nhiều câu hỏi về stare decisis - nguyên tắc tuân thủ những gì đã được quyết định - cũng như về cam kết tôn trọng tiền lệ của ứng viên."
"Tong thong Nicaragua, Daniel Ortega: Gan bo voi nhan dan.","Tổng thống Nicaragua, Daniel Ortega: Gắn bó với nhân dân."
Phat dong thi tim hieu 60 nam chien thang Dien Bien Phu qua tem.,Phát động thi tìm hiểu 60 năm chiến thắng Điện Biên Phủ qua tem.
'Gap go khong phai la hinh thuc ma phai co giai phap thiet thuc de doanh nghiep phat trien.,'Gặp gỡ không phải là hình thức mà phải có giải pháp thiết thực để doanh nghiệp phát triển.
Actiso co chua duoc benh gan to?.,Actiso có chữa được bệnh gan to?.
Choi HD bang may chieu.,Chơi HD bằng máy chiếu.
My phu phang voi dong minh than nhat.,Mỹ phũ phàng với đồng minh thân nhất.
Chung khoan lai tro ve do san.,Chứng khoán lại trở về đỏ sàn.
Cac ben do ngang qua song Hong: Van tran lan vi pham.,Các bến đò ngang qua sông Hồng: Vẫn tràn lan vi phạm.
EU keo dai lenh trung phat Nga toi thang 7/2016.,EU kéo dài lệnh trừng phạt Nga tới tháng 7/2016.
"Nhung mat hang nhu tivi sau khi lay cap cac ten trom co the nhanh chong tuon ra thi truong cho den, nhung hien chua ro chung co the ban cac quang vang, bac di dau.","Những mặt hàng như tivi sau khi lấy cắp các tên trộm có thể nhanh chóng tuồn ra thị trường chợ đen, nhưng hiện chưa rõ chúng có thể bán các quặng vàng, bạc đi đâu."
"Den hien tai, dieu gi khien ong tiec nuoi nhat ma chua lam duoc?","Đến hiện tại, điều gì khiến ông tiếc nuối nhất mà chưa làm được?"
"Oppo Neo 5 chinh thuc ban ra voi muc gia 3,7 trieu dong.","Oppo Neo 5 chính thức bán ra với mức giá 3,7 triệu đồng."
O trong nay toi lam.,Ở trong này tối lắm.
Cha me anh la nguoi Han Quoc dinh cu tai My da rat ngac nhien ve quyet dinh nay.,Cha mẹ anh là người Hàn Quốc định cư tại Mỹ đã rất ngạc nhiên về quyết định này.
Duong My Linh khoe eo thon day y nhi.,Dương Mỹ Linh khoe eo thon đầy ý nhị.
- Co the de dang thao nap de dieu chinh lo xo treo thuan tien.,- Có thể dễ dàng tháo nắp để điều chỉnh lò xo treo thuận tiện.
Hue: Khai mac trien lam Con tru ra rang.,Huế: Khai mạc triển lãm Con tru ra ràng.
Tho Nhi Ky Thu giu 26 tan ma tuy.,Thổ Nhĩ Kỳ Thu giữ 26 tấn ma túy.
"Bong da ""sexy"" len ngoi?.","Bóng đá ""sexy"" lên ngôi?."
Overdose vo dich Buoc nhay xi tin khu vuc mien Trung.,Overdose vô địch Bước nhảy xì tin khu vực miền Trung.
7 cach giup An Do tro thanh 'Trung Quoc thu hai' trong 16 nam.,7 cách giúp Ấn Độ trở thành 'Trung Quốc thứ hai' trong 16 năm.
Quan doi Indonesia nang nang luc giam sat tu xa.,Quân đội Indonesia nâng năng lực giám sát từ xa.
Macedonia va EU: Tai ai ?.,Macedonia và EU: Tại ai ?.
Dong Nai: Phat hien hon 2 tan bang ve sinh chua hat la.,Đồng Nai: Phát hiện hơn 2 tấn băng vệ sinh chứa hạt lạ.
Truong bo phan Windows dung may tinh bang Surface lam van truot.,Trưởng bộ phận Windows dùng máy tính bảng Surface làm ván trượt.
Southampton - Tottenham: Doi cong hap dan.,Southampton - Tottenham: Đôi công hấp dẫn.
Kate Winslet bi mat ket hon lan 3.,Kate Winslet bí mật kết hôn lần 3.
Xe buyt rieng cho nu lam xau hinh anh thu do?.,Xe buýt riêng cho nữ làm xấu hình ảnh thủ đô?.
Thang 5/2010 phai xay xong Bao tang Ha Noi.,Tháng 5/2010 phải xây xong Bảo tàng Hà Nội.
"Ronaldo va Kaka lac nhip , Real cui dau roi Gerland.","Ronaldo và Kaka lạc nhịp , Real cúi đầu rời Gerland."
Benh tay chan mieng: Nghi co chung virus moi.,Bệnh tay chân miệng: Nghi có chủng virus mới.
MBS: Nganh ngan hang dat muc tieu tang truong tin dung cao nhung NIM kho cai thien.,MBS: Ngành ngân hàng đặt mục tiêu tăng trưởng tín dụng cao nhưng NIM khó cải thiện.
- Thoi diem hien tai co rat nhieu hien tuong mang su dung cac chieu tro de noi tieng.,- Thời điểm hiện tại có rất nhiều hiện tượng mạng sử dụng các chiêu trò để nổi tiếng.
Dang sau cac du an san golf.,Đằng sau các dự án sân golf.
"Sau dai le, gia ca van khong ""ha nhiet"".","Sau đại lễ, giá cả vẫn không ""hạ nhiệt""."
"BM-27 Uragan duoc menh danh la ""cuong phong”, la he thong phao phan luc hang nang voi 16 ong phong rocket co 220mm.","BM-27 Uragan được mệnh danh là ""cuồng phong”, là hệ thống pháo phản lực hạng nặng với 16 ống phóng rocket cỡ 220mm."
"So voi kinh dich Man City, ""Quy do"" thua kem den 16,7%. Khi Sir Alex Ferguson con tai vi, khong doi bong nao vuot qua con so 60% ty le kiem soat bong trong ca mua.","So với kình địch Man City, ""Quỷ đỏ"" thua kém đến 16,7%. Khi Sir Alex Ferguson còn tại vị, không đội bóng nào vượt quá con số 60% tỷ lệ kiểm soát bóng trong cả mùa."
FLC Complex 36 Pham Hung vi sao hap dan?.,FLC Complex 36 Phạm Hùng vì sao hấp dẫn?.
Nhung truong hoc tien ti de lam... chuong bo.,Những trường học tiền tỉ để làm... chuồng bò.
Phat hien xac nguoi dan ong cam dau xuong muong nuoc.,Phát hiện xác người đàn ông cắm đầu xuống mương nước.
Fellaini nghich dien thoai suot tran MU - Newcastle.,Fellaini nghịch điện thoại suốt trận MU - Newcastle.
Hoa hau Nga den Viet Nam lam tu thien.,Hoa hậu Nga đến Việt Nam làm từ thiện.
Nhung con so 1 tuan truoc chung ket Cuoc thi Tin hoc Microsoft 2013.,Những con số 1 tuần trước chung kết Cuộc thi Tin học Microsoft 2013.
Thu mon Viet kieu goi dien mong HLV Miura 'de y'.,Thủ môn Việt kiều gọi điện mong HLV Miura 'để ý'.
Ban can mang nhung gi khi di choi cuoi tuan nay?.,Bạn cần mang những gì khi đi chơi cuối tuần này?.
"Ket thuc hiep mot, Quang Hai roi san.","Kết thúc hiệp một, Quang Hải rời sân."
Phap tiep tuc gay that vong.,Pháp tiếp tục gây thất vọng.
"Ba khong biet chu, Minh day lai cho ba.","Bà không biết chữ, Minh dạy lại cho bà."
"Bo nay cung dat muc tieu den thang 12-2022, chi con 5% nguoi dan dung dien thoai 2G, giam 20% so voi thoi diem nam 2021.","Bộ này cũng đặt mục tiêu đến tháng 12-2022, chỉ còn 5% người dân dùng điện thoại 2G, giảm 20% so với thời điểm năm 2021."
"Nguoi ta con noi thang la khong cho con nit ra ngoai, so on ao.","Người ta còn nói thẳng là không cho con nít ra ngoài, sợ ồn ào."
Vo chong Cam Ly giup Thien Nhan lam album.,Vợ chồng Cẩm Ly giúp Thiện Nhân làm album.
"Tap doan My moi giao vien Viet Nam tham gia ""dao tao"" phi hanh gia.","Tập đoàn Mỹ mời giáo viên Việt Nam tham gia ""đào tạo"" phi hành gia."
"Quang Tri: Chi dao lam ro vu ""chay mau"" rung tay Vinh Linh.","Quảng Trị: Chỉ đạo làm rõ vụ ""chảy máu"" rừng tây Vĩnh Linh."
Chuyen ke ve nguoi dep Trang An hiem hoi thoat kiep 'hong nhan bac phan'.,Chuyện kể về người đẹp Tràng An hiếm hoi thoát kiếp 'hồng nhan bạc phận'.
"Tuy nhien, vi qua yeu thich khung canh hoa no dep den nao long noi day, co nhieu du khach van thuong ghe tham ngoi lang nay de duoc tan mat chung kien ""La Fiorita"". Nguon: Italy Magazine","Tuy nhiên, vì quá yêu thích khung cảnh hoa nở đẹp đến nao lòng nơi đây, có nhiều du khách vẫn thường ghé thăm ngôi làng này để được tận mắt chứng kiến ""La Fiorita"". Nguồn: Italy Magazine"
Chi tiet phien ban moi cua Chevrolet Cruze.,Chi tiết phiên bản mới của Chevrolet Cruze.
Mien visa se hut khach Viet Nam den Myanmar.,Miễn visa sẽ hút khách Việt Nam đến Myanmar.
"Le quay so mo thuong dien ra truc tiep tai Trung tam Hoi nghi tinh Tien Giang voi su tham du cua Ban Giam doc Agribank tinh va Ban Giam doc cac chi nhanh truc thuoc, lanh dao cac phong chuyen de tinh, lanh dao cac phong nghiep vu, phong giao dich tai cac chi nhanh truc thuoc va 250 khach hang dai dien cho nhung khach hang tham gia chuong trinh du thuong.","Lễ quay số mở thưởng diễn ra trực tiếp tại Trung tâm Hội nghị tỉnh Tiền Giang với sự tham dự của Ban Giám đốc Agribank tỉnh và Ban Giám đốc các chi nhánh trực thuộc, lãnh đạo các phòng chuyên đề tỉnh, lãnh đạo các phòng nghiệp vụ, phòng giao dịch tại các chi nhánh trực thuộc và 250 khách hàng đại diện cho những khách hàng tham gia chương trình dự thưởng."
Trang Nhung rang ro trong ngay ra mat Scandal 2.,Trang Nhung rạng rỡ trong ngày ra mắt Scandal 2.
Sao tre Arsenal khoc thet sau pha chat chem cua Coquelin.,Sao trẻ Arsenal khóc thét sau pha chặt chém của Coquelin.
Xe cho rac dang chay thi phat hoa.,Xe chở rác đang chạy thì phát hỏa.
Bong da Viet Nam: World Cup va giac mo khong thue.,Bóng đá Việt Nam: World Cup và giấc mơ không thuế.
Da Nang buoc 5 ho dan roi khoi khu chung cu Muong Thanh sai phep.,Đà Nẵng buộc 5 hộ dân rời khỏi khu chung cư Mường Thanh sai phép.
Hoc vien khong chi tu cac thanh pho lon ma hau het ca nuoc.,Học viên không chỉ từ các thành phố lớn mà hầu hết cả nước.
4 nam chuong trinh Chung toi la chien si.,4 năm chương trình Chúng tôi là chiến sĩ.
Bun ngan Nhan bi to mang chui nguoi gia cu dan mang dong loat doi tay chay.,Bún ngan Nhàn bị tố mắng chửi người già cư dân mạng đồng loạt đòi tẩy chay.
"VIDEO: Mua lon bat ngo, ca Ha Noi ngap sau trong nuoc.","VIDEO: Mưa lớn bất ngờ, cả Hà Nội ngập sâu trong nước."
Su dong dieu dang mung cua chung khoan Hong Kong.,Sự đồng điệu đáng mừng của chứng khoán Hong Kong.
Xu ly trach nhiem nguyen Chu tich UBND huyen Hoc Mon.,Xử lý trách nhiệm nguyên Chủ tịch UBND huyện Hóc Môn.
Hang loat nganh hoc phai dong cua.,Hàng loạt ngành học phải đóng cửa.
Hung Zino - Thanh cong o cach thu 1000.,Hưng Zino - Thành công ở cách thứ 1000.
"Ngay 29/6, tien hanh khoi to bi can, bat tam giam Nguyen Tan Thanh ve toi ""Gay roi trat tu cong cong"" dong thoi tiep tuc dieu tra, lam ro cac hanh vi vi pham khac cua doi tuong.","Ngày 29/6, tiến hành khởi tố bị can, bắt tạm giam Nguyễn Tân Thành về tội ""Gây rối trật tự công cộng"" đồng thời tiếp tục điều tra, làm rõ các hành vi vi phạm khác của đối tượng."
"Anh noi: ""Ban than cac tran dau co luc thu vi, co luc hoi vui.","Anh nói: ""Bản thân các trận đấu có lúc thú vị, có lúc hơi vui."
TKDTG.,TKDTG.
Sao nam cung mong ma.,Sao nam cũng mông má.
"Xuong go my nghe boc chay, hang tram canh sat den cuu hoa.","Xưởng gỗ mỹ nghệ bốc cháy, hàng trăm cảnh sát đến cứu hỏa."
Cach lam tom chien trung muoi la mieng ma rat ngon.,Cách làm tôm chiên trứng muối lạ miệng mà rất ngon.
Cong nhan cay go nghien hon mot nghin tuoi o Bac Ha la Cay di san Viet Nam.,Công nhận cây gỗ nghiến hơn một nghìn tuổi ở Bắc Hà là Cây di sản Việt Nam.
Cam ket khong de con em vi pham luat giao thong.,Cam kết không để con em vi phạm luật giao thông.
Quang Ngai: Lam tac hanh hung nguoi thi hanh cong vu.,Quảng Ngãi: Lâm tặc hành hung người thi hành công vụ.
Thieu giai phap ngan chan viec loi dung chinh sach nha o xa hoi de truc loi.,Thiếu giải pháp ngăn chặn việc lợi dụng chính sách nhà ở xã hội để trục lợi.
Nha bao Huu Tho: Nguoi tai phai biet tu bao ve minh.,Nhà báo Hữu Thọ: Người tài phải biết tự bảo vệ mình.
Khi chuot hoa thien than dang yeu (2).,Khi chuột hóa thiên thần đáng yêu (2).
Bat trom bang van tai.,Bắt trộm bằng vân tai.
Bo Thong tin va Truyen thong phat 2 doi tuong ban SIM dang ky san.,Bộ Thông tin và Truyền thông phạt 2 đối tượng bán SIM đăng ký sẵn.
Nguoi trung thuong co 60 ngay ke tu ngay cong bo giai thuong de linh thuong.,Người trúng thưởng có 60 ngày kể từ ngày công bố giải thưởng để lĩnh thưởng.
Noi dau tu hai.,Nỗi đau tu hài.
Siwon 'chiem sach' thoi luong len hinh cua cac thanh vien Super Junior.,Siwon 'chiếm sạch' thời lượng lên hình của các thành viên Super Junior.
Nhip cau ban doc Plus so 18: Pho chu tich Lien minh HTX Viet Nam bi to lam quyen?.,Nhịp cầu bạn đọc Plus số 18: Phó chủ tịch Liên minh HTX Việt Nam bị tố lạm quyền?.
Ford se tang them 200.000 xe trong nam 2013.,Ford sẽ tăng thêm 200.000 xe trong năm 2013.
Trung Quoc tim cach ngot nhat voi lang gieng tai Doi thoai Shangri-La?.,Trung Quốc tìm cách ngọt nhạt với láng giềng tại Đối thoại Shangri-La?.
Cuoc thi Nu hoang Bien 2013 khong tuan thu phap luat.,Cuộc thi Nữ hoàng Biển 2013 không tuân thủ pháp luật.
Nuoc My thoi suy thoai.,Nước Mỹ thời suy thoái.
Allkpop vua thong ke ve cong bo moi nhat cua Spotify - mot trong nhung nen tang phat truc tuyen lon nhat the gioi.,Allkpop vừa thống kê về công bố mới nhất của Spotify - một trong những nền tảng phát trực tuyến lớn nhất thế giới.
Cac nuoc giup do Viet Nam giam bien doi khi hau.,Các nước giúp đỡ Việt Nam giảm biến đổi khí hậu.
Nhung chu cho dep nhat the gioi.,Những chú chó đẹp nhất thế giới.
Muon vay a?.,Muốn vay à?.
Vi neu khong thi dan ong ngoai tinh voi ai?,Vì nếu không thì đàn ông ngoại tình với ai?
Hinh anh thuc te Galaxy Grand 2 dau tien tai Viet Nam.,Hình ảnh thực tế Galaxy Grand 2 đầu tiên tại Việt Nam.
So phan nghiet nga cua ga trai buon man mang 1kg heroin.,Số phận nghiệt ngã của gã trai buôn mận mang 1kg heroin.
"Nhung rat nhanh sau do, CEO Bao Hoang da doi lai cho nguoi dep.","Nhưng rất nhanh sau đó, CEO Bảo Hoàng đã đội lại cho người đẹp."
Doi thu moi cua Yamaha Exciter bat ngo ve Viet Nam.,Đối thủ mới của Yamaha Exciter bất ngờ về Việt Nam.
"To chuc boi duong, nang cao nang luc doi ngu can bo Cong doan co so, nhat la doi ngu can bo chu chot, chu trong tap huan ve ky nang nang cao chat luong hoat dong to chuc Cong doan; ky nang mem, ky nang to chuc Dai hoi Cong doan cac cap... Phat dong va trien khai cac phong trao thi dua phu hop voi tung loai hinh Cong doan co so; phat huy vai tro cua Cong doan co so trong dai dien, bao ve quyen loi ich hop phap chinh dang cua doan vien, nguoi lao dong, phoi hop to chuc doi thoai giua lanh dao huyen voi doanh nghiep, doan vien….","Tổ chức bồi dưỡng, nâng cao năng lực đội ngũ cán bộ Công đoàn cơ sở, nhất là đội ngũ cán bộ chủ chốt, chú trọng tập huấn về kỹ năng nâng cao chất lượng hoạt động tổ chức Công đoàn; kỹ năng mềm, kỹ năng tổ chức Đại hội Công đoàn các cấp... Phát động và triển khai các phong trào thi đua phù hợp với từng loại hình Công đoàn cơ sở; phát huy vai trò của Công đoàn cơ sở trong đại diện, bảo vệ quyền lợi ích hợp pháp chính đáng của đoàn viên, người lao động, phối hợp tổ chức đối thoại giữa lãnh đạo huyện với doanh nghiệp, đoàn viên…."
Cong cu nang gia tri doanh nghiep.,Công cụ nâng giá trị doanh nghiệp.
Mui tanh la dau hieu suy than Hoi tho tanh khong phai luc nao cung do an hai san.,Mùi tanh là dấu hiệu suy thận Hơi thở tanh không phải lúc nào cũng do ăn hải sản.
Bo GD&DT cong bo Quy che thi THPT Quoc gia.,Bộ GD&ĐT công bố Quy chế thi THPT Quốc gia.
Ve viec phat hanh co phieu cua CTCP Nong duoc Hai.,Về việc phát hành cổ phiếu của CTCP Nông dược Hai.
Palestine: Bung phat bao luc o Bo Tay.,Palestine: Bùng phát bạo lực ở Bờ Tây.
"Nhan thang tu hao cua cong dong LGBT, Ngoc Chau va Thuy Tien nghi viec doi phuong la nam hay nu co quan trong ? Ngoc Chau: Chuyen tuong lai cu de tuong lai quyet dinh.","Nhân tháng tự hào của cộng đồng LGBT, Ngọc Châu và Thủy Tiên nghĩ việc đối phương là nam hay nữ có quan trọng ? Ngọc Châu: Chuyện tương lai cứ để tương lai quyết định."
Diem tua giup nong dan lam giau.,Điểm tựa giúp nông dân làm giàu.
Loai thuc pham nhung tuong binh dan va dung di nay chinh la tinh hoa tren ban Kaiseki.,Loại thực phẩm những tưởng bình dân và dung dị này chính là tinh hoa trên bàn Kaiseki.
But Tre vinh phong canh.,Bút Tre vịnh phong cảnh.
"Het lanh lung, 365 ""ngot ngao"" don giang sinh.","Hết lạnh lùng, 365 ""ngọt ngào"" đón giáng sinh."
"“Vua toi noi, cac dong nghiep o ben do day ba me nay vao mot goc phong.","“Vừa tới nơi, các đồng nghiệp ở bên đó đẩy bà mẹ này vào một góc phòng."
Hang trieu nguoi tat den vao ngay mai.,Hàng triệu người tắt đèn vào ngày mai.
"Vong hai tang, ""cam xuc"" giam.","Vòng hai tăng, ""cảm xúc"" giảm."
Trong dan nhu loi Bac day.,Trọng dân như lời Bác dạy.
Hoi dong chau Au thanh lap nam 1949.,Hội đồng châu Âu thành lập năm 1949.
10 phat ngon an tuong cua Ho Ngoc Ha tai The Face.,10 phát ngôn ấn tượng của Hồ Ngọc Hà tại The Face.
Audi A8: Mau sedan sang trong tich hop cong nghe tu lai.,Audi A8: Mẫu sedan sang trọng tích hợp công nghệ tự lái.
"- Bai 3: Hau hoa tu chinh sach dung - thai, roi lai dung.","- Bài 3: Hậu họa từ chính sách dùng - thải, rồi lại dùng."
"Trai qua 60 nam xay dung, phan dau va truong thanh, duoi su lanh dao cua Dang, ma thuong xuyen, truc tiep la Bo Chinh tri, Ban Bi thu; su lanh dao, chi dao cua Thuong vu Dang uy Cong an Trung uong; su phoi hop, hiep dong chat che cua cac ban, bo, nganh Trung uong va su quan tam, giup do cua cac cap uy dang, chinh quyen dia phuong, luc luong Canh sat nhan dan da luon luon doan ket, chu dong, sang tao, khong quan ngai gian kho, hy sinh; luon luon muu tri, dung cam, no luc vuot qua moi kho khan, lap nhieu thanh tich va chien cong, dong gop dac biet quan trong vao cong cuoc dau tranh giai phong dan toc, thong nhat dat nuoc truoc day va su nghiep doi moi, xay dung va bao ve To quoc hien nay.","Trải qua 60 năm xây dựng, phấn đấu và trưởng thành, dưới sự lãnh đạo của Đảng, mà thường xuyên, trực tiếp là Bộ Chính trị, Ban Bí thư; sự lãnh đạo, chỉ đạo của Thường vụ Đảng uỷ Công an Trung ương; sự phối hợp, hiệp đồng chặt chẽ của các ban, bộ, ngành Trung ương và sự quan tâm, giúp đỡ của các cấp uỷ đảng, chính quyền địa phương, lực lượng Cảnh sát nhân dân đã luôn luôn đoàn kết, chủ động, sáng tạo, không quản ngại gian khổ, hy sinh; luôn luôn mưu trí, dũng cảm, nỗ lực vượt qua mọi khó khăn, lập nhiều thành tích và chiến công, đóng góp đặc biệt quan trọng vào công cuộc đấu tranh giải phóng dân tộc, thống nhất đất nước trước đây và sự nghiệp đổi mới, xây dựng và bảo vệ Tổ quốc hiện nay."
"Qua tet den voi tre em, nguoi ngheo vung bien.","Quà tết đến với trẻ em, người nghèo vùng biên."
"Bat chap bien dong, Pho Wall tiep tuc len doc.","Bất chấp biến động, Phố Wall tiếp tục lên dốc."
ALT khong du dieu kien giao dich ky quy.,ALT không đủ điều kiện giao dịch ký quỹ.
Ly Hai tung lam dieu dai dot de quen sau.,Lý Hải từng làm điều dại dột để quên sầu.
"Doc dao, thanh tao voi lau... trai cay.","Độc đáo, thanh tao với lẩu... trái cây."
Gia quang sat tai Trung Quoc giu o muc cao hon 61 USD/tan.,Giá quặng sắt tại Trung Quốc giữ ở mức cao hơn 61 USD/tấn.
Rut sung ban thang vao mat tho cat toc.,Rút súng bắn thẳng vào mắt thợ cắt tóc.
"Cong cu gop phan phong, chong tham nhung.","Công cụ góp phần phòng, chống tham nhũng."
"Mot quan chuc Ukraine khac da de nghi My cung cap vien tro kinh te khan cap 2 ti USD/thang, neu khong tham hoa nhan dao se con nghiem trong hon.","Một quan chức Ukraine khác đã đề nghị Mỹ cung cấp viện trợ kinh tế khẩn cấp 2 tỉ USD/tháng, nếu không thảm họa nhân đạo sẽ còn nghiêm trọng hơn."
"Amanda Kloer - Giam doc chien dich cua ParentsTogether - chia se: ""Chung toi ghi nhan ngay cang nhieu co gai tuoi thanh thieu nien mac chung tu ti, khong hai long voi hinh anh ban than va phat trien cac van de ve suc khoe tam than khac.","Amanda Kloer - Giám đốc chiến dịch của ParentsTogether - chia sẻ: ""Chúng tôi ghi nhận ngày càng nhiều cô gái tuổi thanh thiếu niên mắc chứng tự ti, không hài lòng với hình ảnh bản thân và phát triển các vấn đề về sức khỏe tâm thần khác."
Sudico: nhung loi hua 2 nam con dang do.,Sudico: những lời hứa 2 năm còn dang dở.
Tang 100 xe dap cho hoc sinh ngheo.,Tặng 100 xe đạp cho học sinh nghèo.
Tuyen sinh 2015: DH Su pham TP.HCM tuyen 3.300 chi tieu.,Tuyển sinh 2015: ĐH Sư phạm TP.HCM tuyển 3.300 chỉ tiêu.
Phuong Mai khoe lung tran voi nhieu hinh xam doc dao.,Phương Mai khoe lưng trần với nhiều hình xăm độc đáo.
6 thu thuat giup nang beo tu tin mac quan sooc.,6 thủ thuật giúp nàng béo tự tin mặc quần sooc.
Qua kham xet khan cap da thu giu 1 bao vay te te lam hang mau de chao hang cho cac dau nau.,Qua khám xét khẩn cấp đã thu giữ 1 bao vảy tê tê làm hàng mẫu để chào hàng cho các đầu nậu.
Chong doanh nghiep gia chet.,Chống doanh nghiệp giả chết.
My phat hien ca tu vong do vi rut Zika dau tien.,Mỹ phát hiện ca tử vong do vi rút Zika đầu tiên.
"Triet pha duong day mua ban heroin, thuoc lac tu Son La.","Triệt phá đường dây mua bán heroin, thuốc lắc từ Sơn La."
"Bau cu tong thong My va nhung cai ""nhat"".","Bầu cử tổng thống Mỹ và những cái ""nhất""."
Bao Lao Dong vao ban ket giai bong da Agribank Cup.,Báo Lao Động vào bán kết giải bóng đá Agribank Cup.
Lam album khong de ban.,Làm album không để bán.
Hoan phien xu vu an sai pham trong quan ly dat tai Mong Cai.,Hoãn phiên xử vụ án sai phạm trong quản lý đất tại Móng Cái.
"- Can nha nay da cu nat, khu vuc nay lai khong thoai mai lam, chung con muon tang me mot can ho trong trung tam thanh pho, so tien nay cung du mua can ho cho me o roi… Nhung ma… Chi dau noi xong lap tuc rom rom nuoc mat muon khoc.","- Căn nhà này đã cũ nát, khu vực này lại không thoải mái lắm, chúng con muốn tặng mẹ một căn hộ trong trung tâm thành phố, số tiền này cũng đủ mua căn hộ cho mẹ ở rồi… Nhưng mà… Chị dâu nói xong lập tức rơm rớm nước mắt muốn khóc."
"Theo dau sat nhan co 'so thich' hiep, giet gai mai dam (7).","Theo dấu sát nhân có 'sở thích' hiếp, giết gái mại dâm (7)."
Co vo thich khoe nguc cua Hleb.,Cô vợ thích khoe ngực của Hleb.
Hon 40 trang web cua Malaysia bi tin tac tan cong.,Hơn 40 trang web của Malaysia bị tin tặc tấn công.
Kia Sedona va Toyota Sienna lam nong phan khuc minivan.,Kia Sedona và Toyota Sienna làm nóng phân khúc minivan.
Attila Venus 125 EFI co them phien ban moi.,Attila Venus 125 EFI có thêm phiên bản mới.
"Do cai chet cua nguoi anh trai sinh doi - hoang huynh, nu nhan Dam I (do Eun Bin thu vai) da phai dong gia lam nam nhan de bao toan tinh mang.","Do cái chết của người anh trai sinh đôi - hoàng huynh, nữ nhân Dam I (do Eun Bin thủ vai) đã phải đóng giả làm nam nhân để bảo toàn tính mạng."
Phu kien giup lap nhe nhu may.,Phụ kiện giúp lap nhẹ như mây.
Khanh thanh tuong dai chien thang Khe Sanh va Lang Vay.,Khánh thành tượng đài chiến thắng Khe Sanh và Làng Vây.
"Cac du lieu cua pha tiep day cho thay con tau gan nhu da mat thang bang khi bai dap thay vi cung ran nhu du doan, thi gan nhu chay ra quanh no, duong nhu muon nuot chung no.","Các dữ liệu của pha tiếp đấy cho thấy con tàu gần như đã mất thăng bằng khi bãi đáp thay vì cứng rắn như dự đoán, thì gần như chảy ra quanh nó, dường như muốn nuốt chửng nó."
Hanh trinh nhan sac: Dinh Ngoc Diep - tu hoa khoi sinh vien den my nhan showbiz.,Hành trình nhan sắc: Đinh Ngọc Diệp - từ hoa khôi sinh viên đến mỹ nhân showbiz.
Loat anh hoi nho cua tien ve Quang Hai khien dan mang thich thu.,Loạt ảnh hồi nhỏ của tiền vệ Quang Hải khiến dân mạng thích thú.
Anh chi dinh vao nha mot minh.,Anh chỉ định vào nhà một mình.
"Nguoi benh cung duoc tien hanh chup X-quang, MRI xuong khop.","Người bệnh cũng được tiến hành chụp X-quang, MRI xương khớp."
Ong Kim Jong-un tu tay 'test' ten lua xuyen luc dia.,Ông Kim Jong-un tự tay 'test' tên lửa xuyên lục địa.
"CDHH: Nathan Lee, Ngoc Oanh dung cuoc choi.","CĐHH: Nathan Lee, Ngọc Oanh dừng cuộc chơi."
"Tuy van giu duoc tinh mang, nhung sau khi trai qua 2 thang dieu tri, tinh trang cua san phu khong kha hon ma van rat te.","Tuy vẫn giữ được tính mạng, nhưng sau khi trải qua 2 tháng điều trị, tình trạng của sản phụ không khá hơn mà vẫn rất tệ."
Diep Lam Anh dien mot khoe noi y trong su kien danh cho sinh vien.,Diệp Lâm Anh diện mốt khoe nội y trong sự kiện dành cho sinh viên.
"Day la sai lam kha thuong gap trong mua he, khi da phan ho gia dinh, cong ty su dung dieu hoa cong suat lon.","Đây là sai lầm khá thường gặp trong mùa hè, khi đa phần hộ gia đình, công ty sử dụng điều hòa công suất lớn."
Dep Fashion Show doat giai thuong Thoi trang chau A.,Đẹp Fashion Show đoạt giải thưởng Thời trang châu Á.
"Luat su cua Mayorga da lien he voi doi ngu phap ly cua Ronaldo tu cuoi nam 2009, de roi kiem duoc thoa thuan tri gia 375.000 USD doi lay su im lang.","Luật sư của Mayorga đã liên hệ với đội ngũ pháp lý của Ronaldo từ cuối năm 2009, để rồi kiếm được thỏa thuận trị giá 375.000 USD đổi lấy sự im lặng."
Giang ho Sai Gon no sung thi uy trong quan bar tra hinh.,Giang hồ Sài Gòn nổ súng thị uy trong quán bar trá hình.
Toi thay doi nhieu hon so voi truoc day va cai thien cac ky nang.,Tôi thay đổi nhiều hơn so với trước đây và cải thiện các kỹ năng.
"Thuc hien chinh sach ho tro ho ngheo xay dung nha o phong, tranh bao, lut khu vuc mien Trung Thao go kho khan, quyet tam hoan thanh trong nam 2017.","Thực hiện chính sách hỗ trợ hộ nghèo xây dựng nhà ở phòng, tránh bão, lụt khu vực miền Trung Tháo gỡ khó khăn, quyết tâm hoàn thành trong năm 2017."
Tong cong ty Xay dung mien Trung (Cosevco) va nhung du an khuat tat o Quang Tri.,Tổng công ty Xây dựng miền Trung (Cosevco) và những dự án khuất tất ở Quảng Trị.
"Theo do, gia lon hoi CP mien Bac cao nhat la 72.000 dong/kg.","Theo đó, giá lợn hơi CP miền Bắc cao nhất là 72.000 đồng/kg."
Buon lau sung te giac: Dat han chot trung phat thuong mai.,Buôn lậu sừng tê giác: Đặt hạn chót trừng phạt thương mại.
"458 nguoi khac, tuong duong 41%, du bao gia se giam, va 208 nguoi, tuong duong 19%, du bao gia di ngang.","458 người khác, tương đương 41%, dự báo giá sẽ giảm, và 208 người, tương đương 19%, dự báo giá đi ngang."
Dai dich Covid-19 o khia canh tich cuc nao do da gop phan tao nen nhung xu huong moi giup con nguoi song cham lai va tim ve voi thien nhien.,Đại dịch Covid-19 ở khía cạnh tích cực nào đó đã góp phần tạo nên những xu hướng mới giúp con người sống chậm lại và tìm về với thiên nhiên.
15 doi giay em ai cho doi chan.,15 đôi giày êm ái cho đôi chân.
dot roi bo di.,đốt rồi bỏ đi.
Trien lam cong nghe vien thong lon nhat nam 2010.,Triển lãm công nghệ viễn thông lớn nhất năm 2010.
"Carlsberg va Heineken mua hang bia S&N; voi 15,3 ti USD.","Carlsberg và Heineken mua hãng bia S&N; với 15,3 tỉ USD."
Chung ket luot di AFF Cup 2014: Thai Lan nhoc nhan gianh chien thang.,Chung kết lượt đi AFF Cup 2014: Thái Lan nhọc nhằn giành chiến thắng.
"Chung toi hoa minh vao dam dong, tan huong thoi gian chay, vao cac quan ruou de di ve sinh nho vi khi do chua co nha ve sinh di dong.","Chúng tôi hòa mình vào đám đông, tận hưởng thời gian chạy, vào các quán rượu để đi vệ sinh nhờ vì khi đó chưa có nhà vệ sinh di động."
"Tuy nhien, canh sat khong tiet lo tuoi tac cua co Mouhong, cung nhu cach canh sat phat hien vu lua doi.","Tuy nhiên, cảnh sát không tiết lộ tuổi tác của cô Mouhong, cũng như cách cảnh sát phát hiện vụ lừa dối."
"Vi the, trong qua trinh thao tac cua nguoi dan trong khai bao va trong qua trinh thao tac tren may cua can bo, chien si chi can sai mot loi nho nhu dau cham, dau phay thi khong the lam can cuoc cong dan va bat buoc lam lai.","Vì thế, trong quá trình thao tác của người dân trong khai báo và trong quá trình thao tác trên máy của cán bộ, chiến sĩ chỉ cần sai một lỗi nhỏ như dấu chấm, dấu phẩy thì không thể làm căn cước công dân và bắt buộc làm lại."
Phat sot voi nhan sac nhu hot girl cua nu du hoc sinh Viet.,Phát sốt với nhan sắc như hot girl của nữ du học sinh Việt.
Truyen cuoi: Doc cao pho.,Truyện cười: Đọc cáo phó.
Hua hen phim truyen hinh 2014.,Hứa hẹn phim truyền hình 2014.
"So voi dau thang 7, gia lon hoi dot ngot tang manh, toi hon 10.000 dong/kg.","So với đầu tháng 7, giá lợn hơi đột ngột tăng mạnh, tới hơn 10.000 đồng/kg."
Binh nong lanh hay bi ri nuoc: Cach khac phuc.,Bình nóng lạnh hay bị rỉ nước: Cách khắc phục.
"Tai hien truong vu cuop, tiem vang H.D bi vo cac mat kinh tu vang, toan bo so vang tai tiem da bi lay di.","Tại hiện trường vụ cướp, tiệm vàng H.Đ bị vỡ các mặt kính tủ vàng, toàn bộ số vàng tại tiệm đã bị lấy đi."
"Phat bieu chi dao hoi nghi, Bo truong Bo Tu phap Le Thanh Long ghi nhan, cam on nhung no luc, co gang cua cac can bo, cong chuc, vien chuc toan nganh trong 6 thang dau nam 2021.","Phát biểu chỉ đạo hội nghị, Bộ trưởng Bộ Tư pháp Lê Thành Long ghi nhận, cảm ơn những nỗ lực, cố gắng của các cán bộ, công chức, viên chức toàn ngành trong 6 tháng đầu năm 2021."
"Chi it phut sau, Van Truong thoat bay viet vi doi dien khung thanh doi phuong, nhung xu ly cham de thu mon Myanmar bang ra can pha.","Chỉ ít phút sau, Văn Trường thoát bẫy việt vị đối diện khung thành đối phương, nhưng xử lý chậm để thủ môn Myanmar băng ra cản phá."
U19 Viet Nam se sang Arsenal tap huan.,U19 Việt Nam sẽ sang Arsenal tập huấn.
"Nguon Diario Sport cho hay, HLV Xavi da de nghi Barca dua huyen thoai so 10 tro lai Nou Camp trong nam 2023.","Nguồn Diario Sport cho hay, HLV Xavi đã đề nghị Barca đưa huyền thoại số 10 trở lại Nou Camp trong năm 2023."
Can mo rong tieu chi xet chon benh nhan dieu tri Methadone.,Cần mở rộng tiêu chí xét chọn bệnh nhân điều trị Methadone.
Chung khoan toan cau tiep tuc tang diem.,Chứng khoán toàn cầu tiếp tục tăng điểm.
"Tropic Garden, diem den hoan hao cua khach kieu bao.","Tropic Garden, điểm đến hoàn hảo của khách kiều bào."
"Liverpool gieo ""noi kinh hoang"" cho Manchester City.","Liverpool gieo ""nỗi kinh hoàng"" cho Manchester City."
Ben canh gia ban 668 trieu dong bi cho la dat hon cac doi thu thi Toyota Rush bi che o cac trang bi khong tuong xung so tien khach hang phai bo ra.,Bên cạnh giá bán 668 triệu đồng bị cho là đắt hơn các đối thủ thì Toyota Rush bị chê ở các trang bị không tương xứng số tiền khách hàng phải bỏ ra.
Anh la mot phan cua dan dien vien Tuyen bo khan cap do dao dien Han Jae Rim thuc hien.,Anh là một phần của dàn diễn viên Tuyên bố khẩn cấp do đạo diễn Han Jae Rim thực hiện.
"Nong, thuy san Viet Nam da co doi thu canh tranh.","Nông, thủy sản Việt Nam đã có đối thủ cạnh tranh."
Sao Mai 2009: Chung ket toan quoc phong cach nhac nhe.,Sao Mai 2009: Chung kết toàn quốc phong cách nhạc nhẹ.
Binh Duong da bau duoc Chu tich tinh moi.,Bình Dương đã bầu được Chủ tịch tỉnh mới.
"Bo Xay dung chu tri, phoi hop voi Bo Ke hoach va Dau tu, Bo Tai nguyen va Moi truong va cac bo, nganh, dia phuong ra soat cac du an de co phuong an kiem tra, don doc tien do, cung nhu kien quyet thu hoi doi voi nhung du an cham tien do.","Bộ Xây dựng chủ trì, phối hợp với Bộ Kế hoạch và Đầu tư, Bộ Tài nguyên và Môi trường và các bộ, ngành, địa phương rà soát các dự án để có phương án kiểm tra, đôn đốc tiến độ, cũng như kiên quyết thu hồi đối với những dự án chậm tiến độ."
"Nha moi, duong moi nhung thanh pho chua dep.","Nhà mới, đường mới nhưng thành phố chưa đẹp."
"Khoang 9h ngay 28/6, luc luong chuc nang tim thay thi the Tuan, 32 tuoi, tru thi tran Tien Dien, huyen Nghi Xuan o duoi cau Cua Hoi, noi hai tinh Nghe An va Ha Tinh.","Khoảng 9h ngày 28/6, lực lượng chức năng tìm thấy thi thể Tuấn, 32 tuổi, trú thị trấn Tiên Điền, huyện Nghi Xuân ở dưới cầu Cửa Hội, nối hai tỉnh Nghệ An và Hà Tĩnh."
"Nhu Thao: ""Chong cu Ngoc Thuy la ai toi khong biet!"".","Như Thảo: ""Chồng cũ Ngọc Thúy là ai tôi không biết!""."
Australia tinh tang vai tro Quan doi trong cac 'tinh huong khung bo'.,Australia tính tăng vai trò Quân đội trong các 'tình huống khủng bố'.
Cuu Tong thong bi lat do cua Ai Cap da chet?.,Cựu Tổng thống bị lật đổ của Ai Cập đã chết?.
Le Chi Na yeu Nhan Phuc Vinh?.,Lê Chi Na yêu Nhan Phúc Vinh?.
Mot nu du hoc sinh Viet chet tai Singapore.,Một nữ du học sinh Việt chết tại Singapore.
Tong thong Venezuela yeu cau cac bo truong tu chuc de tai co cau.,Tổng thống Venezuela yêu cầu các bộ trưởng từ chức để tái cơ cấu.
Nguoi dan ong tai bien di lac duoc Cong an dua ve nha.,Người đàn ông tai biến đi lạc được Công an đưa về nhà.
"Thanh Hang vai tran, sexy tai Singapore.","Thanh Hằng vai trần, sexy tại Singapore."
"Thu tuong Chinh phu Pham Minh Chinh bay to cam on Chinh phu Australia ve su ung ho, ho tro quy bau va kip thoi ve vac xin va thiet bi, vat tu y te cho Viet Nam, nhat la 14,4 trieu lieu vac xin cho tre em, giup Viet Nam day nhanh chien dich tiem chung, som tro lai trang thai binh thuong de tap trung phuc hoi, phat trien kinh te.","Thủ tướng Chính phủ Phạm Minh Chính bày tỏ cảm ơn Chính phủ Australia về sự ủng hộ, hỗ trợ quý báu và kịp thời về vắc xin và thiết bị, vật tư y tế cho Việt Nam, nhất là 14,4 triệu liều vắc xin cho trẻ em, giúp Việt Nam đẩy nhanh chiến dịch tiêm chủng, sớm trở lại trạng thái bình thường để tập trung phục hồi, phát triển kinh tế."
"DIC: Du kien phat hanh 636,445 co phieu de tra co tuc.","DIC: Dự kiến phát hành 636,445 cổ phiếu để trả cổ tức."
Duoc luc maca giup tang cuong sinh luc quy ong..,Dược lực maca giúp tăng cường sinh lực quý ông..
"Tren hanh trinh lam nghe, toi nghi, dieu quan trong nhat la doi dien voi chinh minh, cho doi o chinh minh va vuot qua nhung thach thuc cua chinh minh, lang nghe tieng noi tu ben trong ban than va di theo su mach bao tu tan sau ben trong”. Trien lam keo dai tu ngay 21/6 toi het ngay 30/6/2022.","Trên hành trình làm nghề, tôi nghĩ, điều quan trọng nhất là đối diện với chính mình, chờ đợi ở chính mình và vượt qua những thách thức của chính mình, lắng nghe tiếng nói từ bên trong bản thân và đi theo sự mách bảo từ tận sâu bên trong”. Triển lãm kéo dài từ ngày 21/6 tới hết ngày 30/6/2022."
Sao bien hoa voi toc tia duoi ngang vai.,Sao biến hóa với tóc tỉa đuổi ngang vai.
Diem bao ngay 6/9/2010.,Điểm báo ngày 6/9/2010.
Choang vang vi ban trai vay tien nhu com bua.,Choáng váng vì bạn trai vay tiền như cơm bữa.
"Nhin vao BTS khi moi debut, gan nhu khong the tuong tuong rang nhom se thanh cong nhu hien tai.","Nhìn vào BTS khi mới debut, gần như không thể tưởng tượng rằng nhóm sẽ thành công như hiện tại."
"Saigon Co.op, Masan cung dau thau mua Big C.","Saigon Co.op, Masan cũng đấu thầu mua Big C."
Nu dai gia kin tieng thoai sach von khoi Quoc Cuong Gia Lai.,Nữ đại gia kín tiếng thoái sạch vốn khỏi Quốc Cường Gia Lai.
Thuc hien duoc can quyet tam rat cao.,Thực hiện được cần quyết tâm rất cao.
(3) Vu an Vu Viet Hung va dong pham.,(3) Vụ án Vũ Việt Hùng và đồng phạm.
VN duoc danh gia cao trong bao cao cua LHQ.,VN được đánh giá cao trong báo cáo của LHQ.
"Facebook nang ""so dan"" len toi 955 trieu.","Facebook nâng ""số dân"" lên tới 955 triệu."
Thai Nguyen: Lien tuc xay ra cac vu nan duong sat nghiem trong.,Thái Nguyên: Liên tục xảy ra các vụ nạn đường sắt nghiêm trọng.
Phu nu dai luc do den Hong Kong sinh con thu hai.,Phụ nữ đại lục đổ đến Hồng Kông sinh con thứ hai.
Tra Vinh khuyen cao nong dan khong o at nuoi ca loc.,Trà Vinh khuyến cáo nông dân không ồ ạt nuôi cá lóc.
Thi truong bat dong san se hoi phuc?.,Thị trường bất động sản sẽ hồi phục?.
"Khi nhan de thi, thi sinh phai kiem tra ky so trang va chat luong cac trang in.","Khi nhận đề thi, thí sinh phải kiểm tra kỹ số trang và chất lượng các trang in."
Lao dong mat viec duoc vay von de tao viec lam.,Lao động mất việc được vay vốn để tạo việc làm.
Neu so sanh voi VCK World Cup 2022 duoc to chuc tai Qatar vao cuoi nam nay thi con so chenh lech mot troi mot vuc.,Nếu so sánh với VCK World Cup 2022 được tổ chức tại Qatar vào cuối năm nay thì con số chênh lệch một trời một vực.
Bo anh Vet seo chien tranh Viet Nam den Seoul.,Bộ ảnh Vết sẹo chiến tranh Việt Nam đến Seoul.
Nhung 'lung bung' o Cong ty Xi mang Ha Tien 1.,Những 'lùng bùng' ở Công ty Xi măng Hà Tiên 1.
Viet Nam gia han hop dong voi An Do tham do dau khi Bien Dong.,Việt Nam gia hạn hợp đồng với Ấn Độ thăm dò dầu khí Biển Đông.
"Tuy nhien, theo Simpson Tuegel, iMessage la ung dung nhan tin mac dinh cua iPhone nen se co anh huong nghiem trong den cach thuc nguoi dung giao tiep hang ngay.","Tuy nhiên, theo Simpson Tuegel, iMessage là ứng dụng nhắn tin mặc định của iPhone nên sẽ có ảnh hưởng nghiêm trọng đến cách thức người dùng giao tiếp hàng ngày."
"Trung Quoc ""quet"" sach sua ban.","Trung Quốc ""quét"" sạch sữa bẩn."
Kho khi phai song cung nguoi vo phan boi.,Khổ khi phải sống cùng người vợ phản bội.
"""May se mai chu cu tao mat phang tren tam bia va khac lai chu moi"", ong Le Nguyen Hong, Giam doc So LDTB&XH giai thich.","""Máy sẽ mài chữ cũ tạo mặt phẳng trên tấm bia và khắc lại chữ mới"", ông Lê Nguyên Hồng, Giám đốc Sở LĐTB&XH giải thích."
"Ga e, ga re hon rau...: Khong chi loi cua truyen thong.","Gà ế, gà rẻ hơn rau...: Không chỉ lỗi của truyền thông."
"Phu Tho can chu y phat trien kinh te dua tren nen tang van hoa truyen thong cua dan toc Danh gia cao nhung noi dung ma tinh Phu Tho dang trien khai rat dung huong, Chu tich Quoc hoi mong muon, tinh chu y yeu to phat trien kinh te dua tren nen tang van hoa truyen thong cua dan toc.","Phú Thọ cần chú ý phát triển kinh tế dựa trên nền tảng văn hóa truyền thống của dân tộc Đánh giá cao những nội dung mà tỉnh Phú Thọ đang triển khai rất đúng hướng, Chủ tịch Quốc hội mong muốn, tỉnh chú ý yếu tố phát triển kinh tế dựa trên nền tảng văn hóa truyền thống của dân tộc."
Cam xuc SEA Games 2015 qua mot cuoc thi.,Cảm xúc SEA Games 2015 qua một cuộc thi.
DNNN dau tu ra ngoai nganh: Toi da khong qua 30%.,DNNN đầu tư ra ngoài ngành: Tối đa không quá 30%.
Bam dap quoc lo 14.,Bầm dập quốc lộ 14.
Coleen thach thuc Hoi bao ve dong vat.,Coleen thách thức Hội bảo vệ động vật.
Cam ket su dung hieu qua nguon von ODA cua Nhat.,Cam kết sử dụng hiệu quả nguồn vốn ODA của Nhật.
"Lithuania nhan manh, nuoc nay chi thuc hien lenh trung phat nham Nga cua EU.","Lithuania nhấn mạnh, nước này chỉ thực hiện lệnh trừng phạt nhằm Nga của EU."
Xe tang Armata la xe tang tang hinh.,Xe tăng Armata là xe tăng tàng hình.
Chung khoan chieu 16/6: Ap luc ban manh cuoi phien khien Vn-Index giam diem.,Chứng khoán chiều 16/6: Áp lực bán mạnh cuối phiên khiến Vn-Index giảm điểm.
Tat ca cac buoc tren thi sinh deu phai duoc thuc hien mot cach than trong de khong bi vuot mat co hoi.,Tất cả các bước trên thí sinh đều phải được thực hiện một cách thận trọng để không bị vuột mất cơ hội.
"Honda Viet Nam ra mat xe Future moi gia tu 25,5 trieu dong.","Honda Việt Nam ra mắt xe Future mới giá từ 25,5 triệu đồng."
Ban cap nhat cua Google Glass bi lo them 3 tinh nang.,Bản cập nhật của Google Glass bị lộ thêm 3 tính năng.
Reuters bi hack lan thu hai trong 2 tuan.,Reuters bị hack lần thứ hai trong 2 tuần.
Nang cap phim thuong len chat luong HD.,Nâng cấp phim thường lên chất lượng HD.
Chua the thay doi lai suat !.,Chưa thể thay đổi lãi suất !.
Sulli chu dong khoa moi Minho.,Sulli chủ động khóa môi Minho.
Thap co be mieng!.,Thấp cổ bé miệng!.
"Xin chao Hieu, Hien tai, ban dang chi bao nhieu cho khoan muc thue nha?","Xin chào Hiếu, Hiện tại, bạn đang chi bao nhiêu cho khoản mục thuê nhà?"
Nhieu bien phap bao ve du khach o TPHCM.,Nhiều biện pháp bảo vệ du khách ở TPHCM.
Doi moi doanh nghiep: Nhung sai lam dien hinh.,Đổi mới doanh nghiệp: Những sai lầm điển hình.
Ngam mo hinh metro dau tien tai Viet Nam.,Ngắm mô hình metro đầu tiên tại Việt Nam.
Se thuc hien thi diem hoan thue dien tu tai mot so dia phuong.,Sẽ thực hiện thí điểm hoàn thuế điện tử tại một số địa phương.
Toni giup Bayern gianh cup QG Duc - (20/04).,Toni giúp Bayern giành cúp QG Đức - (20/04).
"Roi Brazil, sao World Cup nghi mat cung vo con.","Rời Brazil, sao World Cup nghỉ mát cùng vợ con."
"Truoc them giai dau, tien dao 17 tuoi nay to ra vo cung tu tin vao kha nang doi nha se vuot qua U19 Thai Lan va U19 Viet Nam de gianh chuc vo dich.","Trước thềm giải đấu, tiền đạo 17 tuổi này tỏ ra vô cùng tự tin vào khả năng đội nhà sẽ vượt qua U19 Thái Lan và U19 Việt Nam để giành chức vô địch."
Khong de mat an ninh trat tu tai tram thu phi BOT.,Không để mất an ninh trật tự tại trạm thu phí BOT.
"Ngam ""sao"" Viet hoi tu tai Auto Expo 2011.","Ngắm ""sao"" Việt hội tụ tại Auto Expo 2011."
Tim mot dung cu tao kieu toc co the dieu chinh nhiet do Co the cac dung cu lam toc dang dot chay soi toc cua ban neu ban ngui thay mui toc chay khi dang tao kieu.,Tìm một dụng cụ tạo kiểu tóc có thể điều chỉnh nhiệt độ Có thể các dụng cụ làm tóc đang đốt cháy sợi tóc của bạn nếu bạn ngửi thấy mùi tóc cháy khi đang tạo kiểu.
Nhung sai lam khi uong nuoc dun soi.,Những sai lầm khi uống nước đun sôi.
Chinh phuc Voi chien.,Chinh phục Voi chiến.
Lu tren cac song tai Bac Bo len muc bao dong 1.,Lũ trên các sông tại Bắc Bộ lên mức báo động 1.
Romario bi bat vi khong tra tien nuoi con.,Romario bị bắt vì không trả tiền nuôi con.
Quang Tri: Ton vinh cac dien hinh tien tien nhan Ngay khoa hoc va cong nghe Viet Nam.,Quảng Trị: Tôn vinh các điển hình tiên tiến nhân Ngày khoa học và công nghệ Việt Nam.
Huyen ao Macao.,Huyền ảo Macao.
Nuoc co danh lac huong cua Trieu Tien?.,Nước cờ đánh lạc hướng của Triều Tiên?.
Phan lo ban nen 12 nam van chua giao cho khach hang.,Phân lô bán nền 12 năm vẫn chưa giao cho khách hàng.
My: Thong qua cac van de quan trong cua Bo Quoc phong.,Mỹ: Thông qua các vấn đề quan trọng của Bộ Quốc phòng.
Cang thang lien Trieu quanh vu xa dap.,Căng thẳng liên Triều quanh vụ xả đập.
Xe may no tung trong ngay cuoi.,Xe máy nổ tung trong ngày cưới.
Dieu nay se anh huong den loi choi cua HAGL trong nhung vong dau ke tiep khi thay tro HLV Kiatisuk vua the hien phong do dang that vong tai giai Tu hung o Hai Phong.,Điều này sẽ ảnh hưởng đến lối chơi của HAGL trong những vòng đấu kế tiếp khi thầy trò HLV Kiatisuk vừa thể hiện phong độ đáng thất vọng tại giải Tứ hùng ở Hải Phòng.
"Cung ve thu ba, Nguyen Ngoc Linh (THPT Yen Phong so 1, Bac Ninh) 130 diem va Nguyen Nhat Anh (THPT Cao Ba Quat, Gia Lam, Ha Noi) 135 diem.","Cùng về thứ ba, Nguyễn Ngọc Linh (THPT Yên Phong số 1, Bắc Ninh) 130 điểm và Nguyễn Nhật Anh (THPT Cao Bá Quát, Gia Lâm, Hà Nội) 135 điểm."
Su kien chung khoan dang chu y ngay 12/10.,Sự kiện chứng khoán đáng chú ý ngày 12/10.
Vo chong quy ba Thu Huong tinh tu du su kien.,Vợ chồng quý bà Thu Hương tình tứ dự sự kiện.
Nhung thuc pham khien co the ban nhanh lao hoa.,Những thực phẩm khiến cơ thể bạn nhanh lão hóa.
Campuchia hoan nghenh an phat danh cho 2 cuu thu linh Khmer Do.,Campuchia hoan nghênh án phạt dành cho 2 cựu thủ lĩnh Khmer Đỏ.
"Tuy nhien, muc gia nay da bi vuot qua trong Quy I/2022 voi muc 417 trieu dong/m2 dat den tu san pham nha pho tai quan Hoang Mai.","Tuy nhiên, mức giá này đã bị vượt qua trong Quý I/2022 với mức 417 triệu đồng/m2 đất đến từ sản phẩm nhà phố tại quận Hoàng Mai."
Co loi voi con.,Có lỗi với con.
Ba ngon thap giua Ho Guom.,Ba ngọn tháp giữa Hồ Gươm.
"Khong can ton tien tay nhuom, ban van that sanh dieu voi toc den.","Không cần tốn tiền tẩy nhuộm, bạn vẫn thật sành điệu với tóc đen."
"Nhung dieu con trai ""tru diem"" con gai.","Những điều con trai ""trừ điểm"" con gái."
"Man Utd 2-1 West Ham: Thang loi sieu thot tim chi vi giay phut nong noi cua ""Quy dau dan"".","Man Utd 2-1 West Ham: Thắng lợi siêu thót tim chỉ vì giây phút nông nổi của ""Quỷ đầu đàn""."
The nhung chi can nem thu thoi la thuc khach co the hieu duoc ly do quan hu tieu nay co the ton tai suot 70 nam ma khach van toi nuom nuop.,Thế nhưng chỉ cần nếm thử thôi là thực khách có thể hiểu được lý do quán hủ tiếu này có thể tồn tại suốt 70 năm mà khách vẫn tới nườm nượp.
"Vi vay, Lien doan Bong da Viet Nam (VFF) va Cong ty co phan Bong da chuyen nghiep Viet Nam (VPF) dang tinh toan kha nang sap xep lai lich thi dau cua giai hang nhat, nham tao dieu kien toi da cho ban huan luyen U20 Viet Nam goi bo sung them nhung guong mat tot nhat.","Vì vậy, Liên đoàn Bóng đá Việt Nam (VFF) và Công ty cổ phần Bóng đá chuyên nghiệp Việt Nam (VPF) đang tính toán khả năng sắp xếp lại lịch thi đấu của giải hạng nhất, nhằm tạo điều kiện tối đa cho ban huấn luyện U20 Việt Nam gọi bổ sung thêm những gương mặt tốt nhất."
Giam manh dau tu nghien cuu cong nghe nang luong xanh.,Giảm mạnh đầu tư nghiên cứu công nghệ năng lượng xanh.
"Tin tuc kinh te ngay 9/1: Ngan hang kiem soat chat viec doi tien le, tien moi trong dip Tet Nguyen dan.","Tin tức kinh tế ngày 9/1: Ngân hàng kiểm soát chặt việc đổi tiền lẻ, tiền mới trong dịp Tết Nguyên đán."
Co dien Thu Duc tinh tang von len 115 ty trong nam 2016.,Cơ điện Thủ Đức tính tăng vốn lên 115 tỷ trong năm 2016.
Viet Nam gianh huy chuong dong thi tay nghe the gioi voi giai phap phan mem CNTT.,Việt Nam giành huy chương đồng thi tay nghề thế giới với giải pháp phần mềm CNTT.
Thay giao con!.,Thầy giáo con!.
Co mot bao tang ve nong thon Tay Nguyen.,Có một bảo tàng về nông thôn Tây Nguyên.
"Tuyen truyen cho hoc sinh, phu huynh, nguoi giam ho ve loi ich, su can thiet cua viec tiem chung; van dong phu huynh, nguoi giam ho dua con em di tiem phong Covid-19 day du, dung thoi han.","Tuyên truyền cho học sinh, phụ huynh, người giám hộ về lợi ích, sự cần thiết của việc tiêm chủng; vận động phụ huynh, người giám hộ đưa con em đi tiêm phòng Covid-19 đầy đủ, đúng thời hạn."
"BMW G310R, cau tra loi cho Kawasaki Z300, Yamaha R3 tai Viet Nam?.","BMW G310R, câu trả lời cho Kawasaki Z300, Yamaha R3 tại Việt Nam?."
Ket qua bong da hom nay 20/7.,Kết quả bóng đá hôm nay 20/7.
Ky bi Ta Dung.,Kỳ bí Tà Đùng.
Tottenham MU: An den oan tra.,Tottenham MU: Ân đền oán trả.
Nhung ngoi nha container dep nhat hanh tinh.,Những ngôi nhà container đẹp nhất hành tinh.
May anh so ve nong thon.,Máy ảnh số về nông thôn.
"Cac co dong vien khong quen nhung khoanh khac Ronaldo ghi ban vao luoi Atalanta, Norwich hay Tottenham trong cac thoi diem doi nha roi vao trang thai toi te.","Các cổ động viên không quên những khoảnh khắc Ronaldo ghi bàn vào lưới Atalanta, Norwich hay Tottenham trong các thời điểm đội nhà rơi vào trạng thái tồi tệ."
Moi phien ban se phu hop voi tung doi tuong khach hang co hau bao khac nhau.,Mỗi phiên bản sẽ phù hợp với từng đối tượng khách hàng có hầu bao khác nhau.
"Voi mot phan com day dan, chat luong, 65.000 dong/suat la muc gia phu hop cho dan van phong tai Sai Gon khi gia ca ngay cang leo thang.","Với một phần cơm đầy đặn, chất lượng, 65.000 đồng/suất là mức giá phù hợp cho dân văn phòng tại Sài Gòn khi giá cả ngày càng leo thang."
Vn - Index tang nhe phien cuoi tuan.,Vn - Index tăng nhẹ phiên cuối tuần.
Ra mat hang loat sach moi.,Ra mắt hàng loạt sách mới.
Du lich bien duoc uu tien phat trien so 1.,Du lịch biển được ưu tiên phát triển số 1.
Ra lo me nhien lieu sinh hoc co hieu suat cao.,Ra lò mẻ nhiên liệu sinh học có hiệu suất cao.
"Trong do, neu nhu Tang Thanh Ha va Tuong Vy van con xuat hien kha thuong xuyen tren mang xa hoi, thi Van Anh ke tu sau khi sang Uc dinh cu lai kin tieng hon ca.","Trong đó, nếu như Tăng Thanh Hà và Tường Vy vẫn còn xuất hiện khá thường xuyên trên mạng xã hội, thì Vân Anh kể từ sau khi sang Úc định cư lại kín tiếng hơn cả."
"Co thuong uu tien an nhung mon sup hoac mon canh truoc, sau do an cac mon phu, salad hoac rau chua it calo; cuoi cung co moi an com.","Cô thường ưu tiên ăn những món súp hoặc món canh trước, sau đó ăn các món phụ, salad hoặc rau chứa ít calo; cuối cùng cô mới ăn cơm."
"Truoc do, cuoi nam 2019, So Nong nghiep va Phat trien nong thon tinh Bac Giang phoi hop voi cac don vi lien quan, nguoi dan dua giong vai thieu khong hat ve trong tai xa Tan Son (huyen Luc Ngan) voi hon 500 cay.","Trước đó, cuối năm 2019, Sở Nông nghiệp và Phát triển nông thôn tỉnh Bắc Giang phối hợp với các đơn vị liên quan, người dân đưa giống vải thiều không hạt về trồng tại xã Tân Sơn (huyện Lục Ngạn) với hơn 500 cây."
Phat hien vu van chuyen gan 300 binh ga trai phep.,Phát hiện vụ vận chuyển gần 300 bình ga trái phép.
Nhung xac uop da di vao huyen thoai.,Những xác ướp đã đi vào huyền thoại.
Bao dong dich cum H1N1 tai Venezuela va Dominica.,Báo động dịch cúm H1N1 tại Venezuela và Dominica.
Lai Van Sam lam MC 'Xuan phat tai' cung Jennifer Pham.,Lại Văn Sâm làm MC 'Xuân phát tài' cùng Jennifer Phạm.
Nga dop thang My 'thoc gay banh xe' tai Syria.,Nga độp thẳng Mỹ 'thọc gậy bánh xe' tại Syria.
Sao Viet nghen ngao tien biet dien vien Duy Nhan.,Sao Việt nghẹn ngào tiễn biệt diễn viên Duy Nhân.
"TPHCM: Tang truong GDP nam 2015 la 9,85%.","TPHCM: Tăng trưởng GDP năm 2015 là 9,85%."
Son La: Lien tiep bat nhieu vu van chuyen trai phep chat ma tuy.,Sơn La: Liên tiếp bắt nhiều vụ vận chuyển trái phép chất ma túy.
"Chuong trinh la su hop tac giua 3 thuong hieu Wall's, Lifebuoy, OMO cung Hoi Bao ve Quyen tre em Viet Nam va cac chuyen gia tam ly hang dau trong viec khuyen khich cha me nuoi day con bang tinh yeu thuong, su thau hieu va ton trong.","Chương trình là sự hợp tác giữa 3 thương hiệu Wall's, Lifebuoy, OMO cùng Hội Bảo vệ Quyền trẻ em Việt Nam và các chuyên gia tâm lý hàng đầu trong việc khuyến khích cha mẹ nuôi dạy con bằng tình yêu thương, sự thấu hiểu và tôn trọng."
"Newcastle, Liverpool va Inter Milan theo duoi Moussa Sissoko.","Newcastle, Liverpool và Inter Milan theo đuổi Moussa Sissoko."
Lien doan Luat su Viet Nam: Ong Cu Huy Ha Vu khong phai la luat su.,Liên đoàn Luật sư Việt Nam: Ông Cù Huy Hà Vũ không phải là luật sư.
Ve vu an dan su o TP. PLeiku: Luat su noi gi?.,Về vụ án dân sự ở TP. PLeiku: Luật sư nói gì?.
Chinh sach bao mat RSS,Chính sách bảo mật RSS
Bong den Mafia tiep tuc am anh bong da Y.,Bóng đen Mafia tiếp tục ám ảnh bóng đá Ý.
Be 3 tuoi di cap cuu vi uong dau lua.,Bé 3 tuổi đi cấp cứu vì uống dầu lửa.
Song Joong Ki - Song Hye Kyo se xuat hien lan dau tien truoc cong chung ke tu khi tuyen bo ket hon?.,Song Joong Ki - Song Hye Kyo sẽ xuất hiện lần đầu tiên trước công chúng kể từ khi tuyên bố kết hôn?.
Mourinho noi gi sau khi Chelsea bi loai?.,Mourinho nói gì sau khi Chelsea bị loại?.
Bo Y te chi dao cong tac tiem chung dich vu.,Bộ Y tế chỉ đạo công tác tiêm chủng dịch vụ.
Phat huy suc manh tong hop dua VN phat trien nhanh va ben vung.,Phát huy sức mạnh tổng hợp đưa VN phát triển nhanh và bền vững.
Dua vao khai thac su dung hang muc de chan song phia Nam.,Đưa vào khai thác sử dụng hạng mục đê chắn sóng phía Nam.
Buoc dem vung chac cho nhung dot pha moi.,Bước đệm vững chắc cho những đột phá mới.
Giao dich tiep tuc trang thai am dam.,Giao dịch tiếp tục trạng thái ảm đạm.
"Nguyen Thi Nhung (28 tuoi) chu nhan kenh TikTok ""Hoi uc 1997"" hien dang song o Bac Giang va lam viec tai Bac Ninh.","Nguyễn Thị Nhung (28 tuổi) chủ nhân kênh TikTok ""Hồi ức 1997"" hiện đang sống ở Bắc Giang và làm việc tại Bắc Ninh."
Cay xanh duoc dat o nhung goc phong hai hoa voi cac buc tranh trang tri.,Cây xanh được đặt ở những góc phòng hài hòa với các bức tranh trang trí.
"Di tuoi rau, dao duoc cu dau khung 15kg.","Đi tưới rau, đào được củ đậu khủng 15kg."
Khoi to ke mao danh nha xe de lua dao.,Khởi tố kẻ mạo danh nhà xe để lừa đảo.
"Boc gia cay Gucci tram trieu ""nong hoi"" cua Ha Ho.","Bóc giá cây Gucci trăm triệu ""nóng hổi"" của Hà Hồ."
Khai mac Giai Bong da mini tranh Cup Bia Sai Gon.,Khai mạc Giải Bóng đá mini tranh Cúp Bia Sài Gòn.
"Anh, Nhat Ban nhat tri tang cuong hop tac quoc phong.","Anh, Nhật Bản nhất trí tăng cường hợp tác quốc phòng."
Vit con duoc tam liem thanh chim se quay.,Vịt con được tẩm liệm thành chim sẻ quay.
An Do nghien cuu tau san bay nang luong hat nhan.,Ấn Độ nghiên cứu tàu sân bay năng lượng hạt nhân.
Nhung hiem hoa trong phong khach san co the ban chua biet.,Những hiểm họa trong phòng khách sạn có thể bạn chưa biết.
Man nhan tiec khai hoi phao hoa Da Nang.,Mãn nhãn tiệc khai hội pháo hoa Đà Nẵng.
Ong Biden da bi noi bo Dang Dan chu chi trich vi khong hanh dong sau phan quyet ngay 24-6 cua Toa an toi cao My.,Ông Biden đã bị nội bộ Đảng Dân chủ chỉ trích vì không hành động sau phán quyết ngày 24-6 của Tòa án tối cao Mỹ.
Tai nguoi dan?.,Tại người dân?.
"Khu dat vang ""bo hoang"" giua thu do.","Khu đất vàng ""bỏ hoang"" giữa thủ đô."
Co nhung suy doan rang ong da xuc pham cac nha kiem duyet khi trung bay mot chiec banh co hinh mot chiec xe tang khong lau truoc le ky niem vu tham sat o Quang truong Thien An Mon nam 1989.,Có những suy đoán rằng ông đã xúc phạm các nhà kiểm duyệt khi trưng bày một chiếc bánh có hình một chiếc xe tăng không lâu trước lễ kỷ niệm vụ thảm sát ở Quảng trường Thiên An Môn năm 1989.
"Con khi tai dau, doi thu chon Gwen nen ve cuoi tran doi hinh NS se manh hon so voi truoc do, nen chung toi thay doi sang Lissandra.","Còn khi tái đấu, đối thủ chọn Gwen nên về cuối trận đội hình NS sẽ mạnh hơn so với trước đó, nên chúng tôi thay đổi sang Lissandra."
Doan lam phim King Kong 2 da den Quang Binh.,Đoàn làm phim King Kong 2 đã đến Quảng Bình.
Asus Zenfone 2 trinh lang tai Viet Nam vao thang 4.,Asus Zenfone 2 trình làng tại Việt Nam vào tháng 4.
Anh ta cuoi cung da hoan tat thu tuc giay to de choi cho DT Lao tu thang 1/2021.,Anh ta cuối cùng đã hoàn tất thủ tục giấy tờ để chơi cho ĐT Lào từ tháng 1/2021.
Hoanh phi o Den Hung viet sai?.,Hoành phi ở Đền Hùng viết sai?.
Dong Nai: Thong xe 2 cong trinh giao thong trong diem.,Đồng Nai: Thông xe 2 công trình giao thông trọng điểm.
"""Chung toi co cam giac vua chien thang mot ke thong tri toi te"", ong noi.","""Chúng tôi có cảm giác vừa chiến thắng một kẻ thống trị tồi tệ"", ông nói."
"Gia rau xanh ""ha nhiet"", nguoi noi tro bot di lo lang.","Giá rau xanh ""hạ nhiệt"", người nội trợ bớt đi lo lắng."
Tanh Linh (Binh Thuan): Giam sat duoc 57 vu viec sai pham.,Tánh Linh (Bình Thuận): Giám sát được 57 vụ việc sai phạm.
Tong thong Philippines buot mieng lo tin mat.,Tổng thống Philippines buột miệng lộ tin mật.
"Choi tu thu, Milan theo buoc Barca.","Chơi tử thủ, Milan theo bước Barca."
"Trieu Tien sap tan cong chop nhoang o at My, Han?.","Triều Tiên sắp tấn công chớp nhoáng ồ ạt Mỹ, Hàn?."
"iPhone 4S giam gia, iPhone 4 tang tro lai.","iPhone 4S giảm giá, iPhone 4 tăng trở lại."
Viet Nam phan ung viec Campuchia tich thu giay to gan 70.000 nguoi goc Viet.,Việt Nam phản ứng việc Campuchia tịch thu giấy tờ gần 70.000 người gốc Việt.
8 meo giup cuoc hon nhan thu 2 tot dep hon.,8 mẹo giúp cuộc hôn nhân thứ 2 tốt đẹp hơn.
Ca lang song chung voi chi.,Cả làng sống chung với chì.
"Hau het cac dich vu da san sang de phuc vu khach hang nhu: Nang co tre hoa lan da Thermage, nang co chi, phau thuat tham my, tiem da, nha khoa tham my, phau thuat mat, dieu tri nam... La nguoi gan day moi tro lai Viet Nam, bac si Shin Dong Min - bac si phau thuat mui, cho chia se rang ""Toi lai duoc tro ve ngoi nha thu 2 cua minh, lai duoc thoa niem dam me lam dep cho khach hang Beauty Medi voi cac cong nghe va thiet bi moi"".","Hầu hết các dịch vụ đã sẵn sàng để phục vụ khách hàng như: Nâng cơ trẻ hóa làn da Thermage, nâng cơ chỉ, phẫu thuật thẩm mỹ, tiêm da, nha khoa thẩm mỹ, phẫu thuật mắt, điều trị nám... Là người gần đây mới trở lại Việt Nam, bác sĩ Shin Dong Min - bác sĩ phẫu thuật mũi, cho chia sẻ rằng ""Tôi lại được trở về ngôi nhà thứ 2 của mình, lại được thỏa niềm đam mê làm đẹp cho khách hàng Beauty Medi với các công nghệ và thiết bị mới""."
HP gioi thieu loat may tinh xach tay EliteBook va ProBook moi danh cho doanh nghiep.,HP giới thiệu loạt máy tính xách tay EliteBook và ProBook mới dành cho doanh nghiệp.
Chon HP Spectre X2 hay Surface Pro?.,Chọn HP Spectre X2 hay Surface Pro?.
Benh nhan tu vong vi bi bac si dam.,Bệnh nhân tử vong vì bị bác sĩ đấm.
300 nhan vien y te san sang phuc vu Dai hoi Dang.,300 nhân viên y tế sẵn sàng phục vụ Đại hội Đảng.
Quyen gop ung ho nhan dan Trung Quoc va Myanmar khac phuc hau qua thien tai.,Quyên góp ủng hộ nhân dân Trung Quốc và Myanmar khắc phục hậu quả thiên tai.
Muon mau xuc cam o loat tran Champions League dem qua.,Muôn màu xúc cảm ở loạt trận Champions League đêm qua.
450 gian hang tai AgroViet 2014.,450 gian hàng tại AgroViet 2014.
Yeu cau bao cao phan loai du an nha van duoc trien khai.,Yêu cầu báo cáo phân loại dự án nhà vẫn được triển khai.
Toi trong hoi nuc cuoi vi van mac quan jean va ao so mi.,Tôi trông hơi nực cười vì vẫn mặc quần jean và áo sơ mi.
Kinh te so noi chung va kinh te nen tang noi rieng duoc cho la tru cot cua xa hoi trong tuong lai.,Kinh tế số nói chung và kinh tế nền tảng nói riêng được cho là trụ cột của xã hội trong tương lai.
"Ket hop voi phuong thuc mua sam tai nha (QVC) truoc day voi kha nang tuong tac truc tiep thong qua smartphone, linh vuc nay da thu hut 388 trieu nguoi xem vao nam 2020.","Kết hợp với phương thức mua sắm tại nhà (QVC) trước đây với khả năng tương tác trực tiếp thông qua smartphone, lĩnh vực này đã thu hút 388 triệu người xem vào năm 2020."
"Theo AFP, dao luat cam hau het hang hoa tu khu tu tri Tan Cuong cua Trung Quoc tru khi doanh nghiep co the chung minh hang hoa do khong phai la san pham cua viec cuong buc lao dong.","Theo AFP, đạo luật cấm hầu hết hàng hóa từ khu tự trị Tân Cương của Trung Quốc trừ khi doanh nghiệp có thể chứng minh hàng hóa đó không phải là sản phẩm của việc cưỡng bức lao động."
Nguoi giau thu 4 Hong Kong dau tu 4 ty USD vao Viet Nam.,Người giàu thứ 4 Hong Kong đầu tư 4 tỷ USD vào Việt Nam.
Bo ba Lamborghini xuat hien tai Thuong Hai Auto Show 2017.,Bộ ba Lamborghini xuất hiện tại Thượng Hải Auto Show 2017.
Anh em tham gia chu?.,Anh em tham gia chứ?.
Da Nang: Tam dung dang ky thuong tru nguoi khong co viec lam va noi o on dinh.,Đà Nẵng: Tạm dừng đăng ký thường trú người không có việc làm và nơi ở ổn định.
Say ruou di xe may gap tai nan con bi hoi cua.,Say rượu đi xe máy gặp tai nạn còn bị hôi của.
Sieu mau playboy mung Roma co HLV moi.,Siêu mẫu playboy mừng Roma có HLV mới.
Tong thong My muon cat giam 3.600 ty USD ngan sach.,Tổng thống Mỹ muốn cắt giảm 3.600 tỷ USD ngân sách.
GS - TS Nguyen Thanh Liem - GD BV Nhi TU: Toi luon tim cai gi hay hon cai da lam.,GS - TS Nguyễn Thanh Liêm - GĐ BV Nhi TƯ: Tôi luôn tìm cái gì hay hơn cái đã làm.
New Zealand khuyen khich xuat khau thuc pham va do uong.,New Zealand khuyến khích xuất khẩu thực phẩm và đồ uống.
"Bat giu xe tai cho 15 tan xuong trau, bo boc mui thoi.","Bắt giữ xe tải chở 15 tấn xương trâu, bò bốc mùi thối."
Hai Canh sat bi thuong khi truy bat doi tuong truy na.,Hai Cảnh sát bị thương khi truy bắt đối tượng truy nã.
"Mexico: Bao loan nha tu, 44 nguoi chet.","Mexico: Bạo loạn nhà tù, 44 người chết."
Festival Hue 2008: Hua hen mua le hoi day mau sac.,Festival Huế 2008: Hứa hẹn mùa lễ hội đầy màu sắc.
"PDR: Ai dung dang sau khoan no vay khong lo 3,500 ty dong?.","PDR: Ai đứng đằng sau khoản nợ vay khổng lồ 3,500 tỷ đồng?."
Gio cha.,Giỗ cha.
(V3 Monte-Carlo).,(V3 Monte-Carlo).
Cac dai su chau A-TBD thao luan van de Bien Dong tai Bi.,Các đại sứ châu Á-TBD thảo luận vấn đề Biển Đông tại Bỉ.
Yen Bai pha vu an ma tuy lon nhat tu truoc den nay.,Yên Bái phá vụ án ma túy lớn nhất từ trước đến nay.
'Bond girl' Berenice Marlohe mac noi y quang cao dong ho.,'Bond girl' Berenice Marlohe mặc nội y quảng cáo đồng hồ.
"Theo Pho Giam doc So Tai nguyen va Moi truong TPHCM Vo Trung Truc, nham nang cao hieu qua cong tac boi thuong, ho tro, tai dinh cu cua du an, tao su dong thuan cua nguoi dan, rut ngan thoi gian thuc hien, dam bao ban giao mat bang dung theo yeu cau, so de xuat giai phap thuc hien chu truong giai quyet tai dinh cu truoc cho cac ho dan du dieu kien.","Theo Phó Giám đốc Sở Tài nguyên và Môi trường TPHCM Võ Trung Trực, nhằm nâng cao hiệu quả công tác bồi thường, hỗ trợ, tái định cư của dự án, tạo sự đồng thuận của người dân, rút ngắn thời gian thực hiện, đảm bảo bàn giao mặt bằng đúng theo yêu cầu, sở đề xuất giải pháp thực hiện chủ trương giải quyết tái định cư trước cho các hộ dân đủ điều kiện."
"Con yeu me rat nhieu"". Trong cuoc doi nay, co nhung cuoc gap go du la tinh co hay sap dat, du thoang qua hay gan bo ben nhau mai mai cung de lai cho nguoi ta nhung cam xuc that khong the nao quen duoc.","Con yêu mẹ rất nhiều"". Trong cuộc đời này, có những cuộc gặp gỡ dù là tình cờ hay sắp đặt, dù thoáng qua hay gắn bó bên nhau mãi mãi cũng để lại cho người ta những cảm xúc thật không thể nào quên được."
"Moto X nhan dat hang tu 16/9, gia 10,5 trieu dong.","Moto X nhận đặt hàng từ 16/9, giá 10,5 triệu đồng."
Viet Nam-Campuchia cung hop tac phat trien kinh te.,Việt Nam-Campuchia cùng hợp tác phát triển kinh tế.
"Chi 49 USD mua ve so, trung ca khu nghi duong tren dao Thai Binh Duong.","Chi 49 USD mua vé số, trúng cả khu nghỉ dưỡng trên đảo Thái Bình Dương."
Luc sy U70 bung 6 mui nang 34 tan ta mot buoi tap (Ky 1).,Lực sỹ U70 bụng 6 múi nâng 34 tấn tạ một buổi tập (Kỳ 1).
Du doan ty so tran Bo Dao Nha vs Wales 2h00: Lan dau cua Gareth Bale.,Dự đoán tỷ số trận Bồ Đào Nha vs Wales 2h00: Lần đầu của Gareth Bale.
HOT: Nadal tham gia 2 giai cuoi nam 2012.,HOT: Nadal tham gia 2 giải cuối năm 2012.
Quan tam nhung nguoi truc Tet.,Quan tâm những người trực Tết.
Gap rut trien khai thue dien tu 24/7.,Gấp rút triển khai thuế điện tử 24/7.
Nu vo si Binh Dinh doat dai vo dich ngay tren san nha.,Nữ võ sĩ Bình Định đoạt đai vô địch ngay trên sân nhà.
"Ba Hai lai goi dien ve nho chong con vay muon, nho nguoi quen xin them cac nha hao tam.","Bà Hai lại gọi điện về nhờ chồng con vay mượn, nhờ người quen xin thêm các nhà hảo tâm."
"Theo to The Guardian, Bac Cuc va Nam Cuc da am len bat thuong vao thang 3, trong khi nhiet do nhieu noi cung cao hon binh thuong.","Theo tờ The Guardian, Bắc Cực và Nam Cực đã ấm lên bất thường vào tháng 3, trong khi nhiệt độ nhiều nơi cũng cao hơn bình thường."
"Lien quan den du an noi tren, Chu tich UBND tinh Quang Tri Vo Van Hung da chi dao Thanh tra tinh, phoi hop cac So Tu phap, Xay dung, TNMT, NNPTNT, Ke hoach va Dau tu cung cac don vi lien quan tham muu de xuat UBND tinh xu ly vi pham phap luat cua nha dau tu la Cong ty co phan Tap doan Truong Thinh.","Liên quan đến dự án nói trên, Chủ tịch UBND tỉnh Quảng Trị Võ Văn Hưng đã chỉ đạo Thanh tra tỉnh, phối hợp các Sở Tư pháp, Xây dựng, TNMT, NNPTNT, Kế hoạch và Đầu tư cùng các đơn vị liên quan tham mưu đề xuất UBND tỉnh xử lý vi phạm pháp luật của nhà đầu tư là Công ty cổ phần Tập đoàn Trường Thịnh."
Chong cu van xin quay lai khi biet nha toi giau co.,Chồng cũ van xin quay lại khi biết nhà tôi giàu có.
Dung nghi chi so IQ la nhan to quyet dinh thanh cong.,Đừng nghĩ chỉ số IQ là nhân tố quyết định thành công.
Bat nu quai lua ban son nu sang Trung Quoc.,Bắt nữ quái lừa bán sơn nữ sang Trung Quốc.
"Ky 2: Ke hoach mua - ban hai thieu nu tai ""dong quy"" cua ""tu ba"".","Kỳ 2: Kế hoạch mua - bán hai thiếu nữ tại ""động quỷ"" của ""tú bà""."
Doanh nghiep Phap muon tham gia vao qua trinh co phan hoa o Viet Nam.,Doanh nghiệp Pháp muốn tham gia vào quá trình cổ phần hóa ở Việt Nam.
Day la chiec 'dien thoai' giup ban tri chung nghien... dien thoai.,Đây là chiếc 'điện thoại' giúp bạn trị chứng nghiện... điện thoại.
Tau san bay Kuznetsov khong the tham chien tai Syria.,Tàu sân bay Kuznetsov không thể tham chiến tại Syria.
Dua 17 ngu dan gap nan vao bo an toan.,Đưa 17 ngư dân gặp nạn vào bờ an toàn.
Tim thay thi the khach nuoc ngoai tu nan o thac Pongour.,Tìm thấy thi thể khách nước ngoài tử nạn ở thác Pongour.
Pho chu tich Hau Giang: Se chap hanh quyet dinh!.,Phó chủ tịch Hậu Giang: Sẽ chấp hành quyết định!.
"Do vay, toi phai cha chat bam tren loi hoac thay bo loi cua binh loc thi moi su dung tiep duoc"", anh Lam chia se.","Do vậy, tôi phải chà chất bám trên lõi hoặc thay bộ lõi của bình lọc thì mới sử dụng tiếp được"", anh Lâm chia sẻ."
Vong 20 V - League: Co trong tay Ha Noi TT.,Vòng 20 V - League: Cờ trong tay Hà Nội TT.
"Dia oc 24h: Doi von, du an 5.600 ty bi giao lai cho Bo Giao thong.","Địa ốc 24h: Đói vốn, dự án 5.600 tỷ bị giao lại cho Bộ Giao thông."
"Tiep do, Tieu Vy gap me Kha Nhu va duoc me cho xem vet thuong, tiet lo ve hoan canh hien tai cua gia dinh: “Me o nha nay la me cho con ve, chu that su me khong song noi dau, ba danh dap me vay do…”. Nghe den day, co nang khong cam long duoc ma roi nuoc mat.","Tiếp đó, Tiểu Vy gặp mẹ Khả Như và được mẹ cho xem vết thương, tiết lộ về hoàn cảnh hiện tại của gia đình: “Mẹ ở nhà này là mẹ chờ con về, chứ thật sự mẹ không sống nổi đâu, ba đánh đập mẹ vậy đó…”. Nghe đến đây, cô nàng không cầm lòng được mà rơi nước mắt."
Hanh vi pham toi cua ong Viet xay ra tai thoi diem ong nay la Pho giam doc phu trach CDC Ha Noi.,Hành vi phạm tội của ông Việt xảy ra tại thời điểm ông này là Phó giám đốc phụ trách CDC Hà Nội.
"Neu thanh lap duoc Ngan hang gen nay thi chung ta lam khoang 10 nam la duoc, chu con keo lau hon nua thi kho ma co the tra lai ten cho cac anh"". Cong tac tim kiem, quy tap va xac dinh danh tinh hai cot liet sy ngay cang kho khan, nhung Dang va Nha nuoc luon xac dinh day la viec lam thieng lieng, y nghia, la su tri an doi voi nhung anh hung da nga xuong vi doc lap, tu do cua dat nuoc, nen kho may cung phai lam.","Nếu thành lập được Ngân hàng gen này thì chúng ta làm khoảng 10 năm là được, chứ còn kéo lâu hơn nữa thì khó mà có thể trả lại tên cho các anh"". Công tác tìm kiếm, quy tập và xác định danh tính hài cốt liệt sỹ ngày càng khó khăn, nhưng Đảng và Nhà nước luôn xác định đây là việc làm thiêng liêng, ý nghĩa, là sự tri ân đối với những anh hùng đã ngã xuống vì độc lập, tự do của đất nước, nên khó mấy cũng phải làm."
Quang Ninh: Bat dau kiem tra tai san thu giu tai soi bac 'khung'.,Quảng Ninh: Bắt đầu kiểm tra tài sản thu giữ tại sới bạc 'khủng'.
"Ha guc Permada, Sanna Khanh Hoa vao chung ket giai Futsal DNA 2017.","Hạ gục Permada, Sanna Khánh Hòa vào chung kết giải Futsal ĐNÁ 2017."
Kinh moi quy vi don xem ban tin tong hop tinh hinh giao tranh Nga-Ukraine ngay 15.7.2022 cua Bao Thanh Nien de biet them chi tiet.,Kính mời quý vị đón xem bản tin tổng hợp tình hình giao tranh Nga-Ukraine ngày 15.7.2022 của Báo Thanh Niên để biết thêm chi tiết.
Doi o noi dat bun.,Đợi ở nơi đất bùn.
Jennifer Pham di du tiec mot minh.,Jennifer Phạm đi dự tiệc một mình.
My muon gi o dat nuoc giao diem A-Au?.,Mỹ muốn gì ở đất nước giao điểm Á-Âu?.
Nhung game hay nhat tai E3 2008 (2).,Những game hay nhất tại E3 2008 (2).
Banh trang xop bo bia chi co bot va nuoc.,Bánh tráng xốp bò bía chỉ có bột và nước.
"Messi chao don Suarez den Barca, bat chap scandal.","Messi chào đón Suarez đến Barca, bất chấp scandal."
Di qua vung dat du.,Đi qua vùng đất dữ.
Lee Nguyen tro lai HAGL: Nhu chua he co cuoc chia ly.,Lee Nguyễn trở lại HAGL: Như chưa hề có cuộc chia ly.
"Ngay 2-6, Cong an TP Da Nang vua tong dat quyet dinh khoi to, bat tam giam Ho Van Canh (SN 1998) va Dang Tran Van Thong (SN 1999, cung tru phuong Nai Hien Dong, quan Son Tra, TP Da Nang) ve toi trom cap tai san.","Ngày 2-6, Công an TP Đà Nẵng vừa tống đạt quyết định khởi tố, bắt tạm giam Hồ Văn Cảnh (SN 1998) và Đặng Trần Văn Thông (SN 1999, cùng trú phường Nại Hiên Đông, quận Sơn Trà, TP Đà Nẵng) về tội trộm cắp tài sản."
Su dung phan bon NPK-S Lam Thao cho cay bi do.,Sử dụng phân bón NPK-S Lâm Thao cho cây bí đỏ.
Con du an gap kho khan vuong mac doanh thu thi cung phai dieu chinh thoi gian de dam bao hai hoa.,Còn dự án gặp khó khăn vướng mắc doanh thu thì cũng phải điều chỉnh thời gian để đảm bảo hài hòa.
"Trua 8/10, gia USD lien tuc lao doc ve sat 22.000 dong.","Trưa 8/10, giá USD liên tục lao dốc về sát 22.000 đồng."
"Ong tam su voi Bao Van hoa: ""Sau nhieu nam chung song toi khong biet phai noi gi chi biet tang ba ay hai tu: biet on.","Ông tâm sự với Báo Văn hóa: ""Sau nhiều năm chung sống tôi không biết phải nói gì chỉ biết tặng bà ấy hai từ: biết ơn."
Ngheo ma van beo phi.,Nghèo mà vẫn béo phì.
Nhieu truong dai hoc co the se phai dong cua.,Nhiều trường đại học có thể sẽ phải đóng cửa.
Without Blood la tac pham thu 5 ma Angelina Jolie dam nhan vai tro dao dien.,Without Blood là tác phẩm thứ 5 mà Angelina Jolie đảm nhận vai trò đạo diễn.
Lee dang ban cho hai co gai xin chu ky va chup hinh o sanh.,Lee đang bận cho hai cô gái xin chữ ký và chụp hình ở sảnh.
Rung ron ma nu xuat hien trong clip quang cao lop xe Nhat.,Rùng rợn ma nữ xuất hiện trong clip quảng cáo lốp xe Nhật.
Do khong co tien tra nen Nang xin khat no nhung anh Cuong khong dong y.,Do không có tiền trả nên Năng xin khất nợ nhưng anh Cường không đồng ý.
Xung quanh Quy dinh moi ve quan ly thuc an duong pho.,Xung quanh Quy định mới về quản lý thức ăn đường phố.
Duong Duc Thuy: Nha moi gioi khong cong.,Dương Đức Thủy: Nhà môi giới không công.
"Sau do, Phuc cuop 200.000 dong cung xe may cua ong Nghia roi tau thoat.","Sau đó, Phúc cướp 200.000 đồng cùng xe máy của ông Nghĩa rồi tẩu thoát."
Top 5 nha tho co o Viet Nam duoc biet den nhieu nhat.,Top 5 nhà thờ cổ ở Việt Nam được biết đến nhiều nhất.
"Hai tam ho chieu gia, hai nguoi Duy Ngo Nhi: Lieu co am muu khung bo?.","Hai tấm hộ chiếu giả, hai người Duy Ngô Nhĩ: Liệu có âm mưu khủng bố?."
"[Mlog Sao] Seungri khoe hinh Taeyang gia gai, CL khoe hinh mac do boi nong bong.","[Mlog Sao] Seungri khoe hình Taeyang giả gái, CL khoe hình mặc đồ bơi nóng bỏng."
Nha Dam - than duoc dieu ky cho lan da.,Nha Đam - thần dược diệu kỳ cho làn da.
- Khong bao gio su dung lai mat khau cho nhieu ung dung se khien ban de bi tan cong va mat tai khoan.,- Không bao giờ sử dụng lại mật khẩu cho nhiều ứng dụng sẽ khiến bạn dễ bị tấn công và mất tài khoản.
Them mot van de dang nhac khac la FLC bat ngo co vay no ngan han voi ong Le Thai Sam so tien 621 ty dong.,Thêm một vấn đề đáng nhắc khác là FLC bất ngờ có vay nợ ngắn hạn với ông Lê Thái Sâm số tiền 621 tỷ đồng.
DT nu Viet Nam Malaysia: Lien tuc ban pha.,ĐT nữ Việt Nam Malaysia: Liên tục bắn phá.
"""Con so nay con it hon so voi yeu cau cua cong nhan nha may"", Musk viet.","""Con số này còn ít hơn so với yêu cầu của công nhân nhà máy"", Musk viết."
Xu huong phat trien ung dung tren thiet bi cong nghe.,Xu hướng phát triển ứng dụng trên thiết bị công nghệ.
(Anh minh hoa) 2.,(Ảnh minh họa) 2.
Tuyet dep canh hoang hon tren bien.,Tuyệt đẹp cảnh hoàng hôn trên biển.
Be Harper xuong pho cung ba me sanh dieu Victoria Beckham.,Bé Harper xuống phố cùng bà mẹ sành điệu Victoria Beckham.
"De khac phuc tinh trang nay, Cong an TPHCM dang de xuat Bo Cong an nhanh chong bo sung may cap CCCD va keo dai thoi gian cap CCCD.","Để khắc phục tình trạng này, Công an TPHCM đang đề xuất Bộ Công an nhanh chóng bổ sung máy cấp CCCD và kéo dài thời gian cấp CCCD."
Giup be 'cai' tat can mong tay.,Giúp bé 'cai' tật cắn móng tay.
Giet con de tra thu chong.,Giết con để trả thù chồng.
"World Bank du bao Viet Nam tang truong 5,5%.","World Bank dự báo Việt Nam tăng trưởng 5,5%."
"Doan quan cua bau Duc neu dau mua co van de bat on khi khong co duoc su chuan bi chu dao do nhieu tuyen thu phai lam nhiem vu quoc gia, chi duoc tap cung doi 1 tuan truoc ngay V-League khai mac va nhieu nguoi chan bong da thi hien tai, tat ca van de do da duoc ""Zico Thai"" giai quyet.","Đoàn quân của bầu Đức nếu đầu mùa có vấn đề bất ổn khi không có được sự chuẩn bị chu đáo do nhiều tuyển thủ phải làm nhiệm vụ quốc gia, chỉ được tập cùng đội 1 tuần trước ngày V-League khai mạc và nhiều người chán bóng đá thì hiện tại, tất cả vấn đề đó đã được ""Zico Thái"" giải quyết."
"Thu hai la co mot so tram khong cong khai, minh bach trong van de thu phi, tao nen du luan xa hoi khong tot.","Thứ hai là có một số trạm không công khai, minh bạch trong vấn đề thu phí, tạo nên dư luận xã hội không tốt."
Dong loat thong bao nguoi moi tu vong vi cum o Bac My.,Đồng loạt thông báo người mới tử vong vì cúm ở Bắc Mỹ.
Danh sach di Trung Quoc cua DTVN.,Danh sách đi Trung Quốc của ĐTVN.
Nhat Ban: Gan 1.000 nguoi nhap vien do nang nong.,Nhật Bản: Gần 1.000 người nhập viện do nắng nóng.
"""Chung toi thuc su hy vong co the se som tien hanh cuoc tan cong"", Pirbudagov noi.","""Chúng tôi thực sự hy vọng có thể sẽ sớm tiến hành cuộc tấn công"", Pirbudagov nói."
Be trai 9 tuoi bi bat coc.,Bé trai 9 tuổi bị bắt cóc.
"Quang cao hang dien may ""thoi phong"" qua muc.","Quảng cáo hàng điện máy ""thổi phồng"" quá mức."
iOS 6 co the chia se du lieu qua Bluetooth.,iOS 6 có thể chia sẻ dữ liệu qua Bluetooth.
Cuc Quan ly Nha va Thi truong Bat dong san hoan thanh xuat sac nhiem vu nam 2014.,Cục Quản lý Nhà và Thị trường Bất động sản hoàn thành xuất sắc nhiệm vụ năm 2014.
Real Madrid - Granada: Chien thang khong co cho cho nhung sai lam.,Real Madrid - Granada: Chiến thắng không có chỗ cho những sai lầm.
Nhung mau Mercedes SL-Class do an tuong nhat 2012.,Những mẫu Mercedes SL-Class độ ấn tượng nhất 2012.
Nhung loi ich bat ngo tu da lanh.,Những lợi ích bất ngờ từ đá lạnh.
Cong khai... vi hanh!.,Công khai... vi hành!.
Dang long chi de day do em trai nhung lai gay chet nguoi.,Đắng lòng chỉ để dạy dỗ em trai nhưng lại gây chết người.
Boeing thua lo lan dau tien trong bay nam qua.,Boeing thua lỗ lần đầu tiên trong bảy năm qua.
Lai suat VND lien tuc tang cao: Bat dau mot cuoc dua moi?.,Lãi suất VND liên tục tăng cao: Bắt đầu một cuộc đua mới?.
Co tim duoc loi thoat?.,Có tìm được lối thoát?.
"Cac nguyen vong cua thi sinh dang ky xet tuyen vao cac nganh, cac phuong thuc tuyen sinh o tat ca co so dao tao duoc xep thu tu tu 1 den het (nguyen vong 1 la nguyen vong cao nhat). Moi thi sinh chi trung tuyen 1 nguyen vong cao nhat trong so cac nguyen vong da dang ky.","Các nguyện vọng của thí sinh đăng ký xét tuyển vào các ngành, các phương thức tuyển sinh ở tất cả cơ sở đào tạo được xếp thứ tự từ 1 đến hết (nguyện vọng 1 là nguyện vọng cao nhất). Mỗi thí sinh chỉ trúng tuyển 1 nguyện vọng cao nhất trong số các nguyện vọng đã đăng ký."
Sunderland: Cattermole nghi them 2 thang.,Sunderland: Cattermole nghỉ thêm 2 tháng.
Doanh nghiep se mat loi the canh tranh.,Doanh nghiệp sẽ mất lợi thế cạnh tranh.
Tang cuong quan he huu nghi va hop tac nhieu mat Viet Nam - Phi-li-pin.,Tăng cường quan hệ hữu nghị và hợp tác nhiều mặt Việt Nam - Phi-li-pin.
Thi the phu nu troi tren kenh Nhieu Loc.,Thi thể phụ nữ trôi trên kênh Nhiêu Lộc.
Anh chuyen manh sang nang luong xanh.,Anh chuyển mạnh sang năng lượng xanh.
"Tai day, Jasper Philipsen nuoc rut ngoan de vuot qua Dylan Groenewegen va Alexander Kristoff, can dich dau tien voi thoi gian 2 tieng 58 phut 32 giay.","Tại đây, Jasper Philipsen nước rút ngoạn để vượt qua Dylan Groenewegen và Alexander Kristoff, cán đích đầu tiên với thời gian 2 tiếng 58 phút 32 giây."
Phat hien he chuyen mach thuc - ngu trong nao nguoi.,Phát hiện hệ chuyển mạch thức - ngủ trong não người.
Nhung do la su lua chon cua con cai nen khong bo me nao muon lam kho.,Nhưng đó là sự lựa chọn của con cái nên không bố mẹ nào muốn làm khó.
Yamaha XSR900: Moto hoai co chay me hoac.,Yamaha XSR900: Môtô hoài cổ chạy mê hoặc.
Ba Yingluck dinh vu kien moi.,Bà Yingluck dính vụ kiện mới.
My nhan phanh nguc du do cau thu tren khan dai.,Mỹ nhân phanh ngực dụ dỗ cầu thủ trên khán đài.
Khoi to hinh su vu an gay roi trat tu cong cong va bat giu nguoi trai phap luat.,Khởi tố hình sự vụ án gây rối trật tự công cộng và bắt giữ người trái pháp luật.
Nhung ngon chan cai vo dich BOTY Dong Nam A.,Những ngón chân cái vô địch BOTY Đông Nam Á.
Nhung vu chay no tang thuong nhat 2013.,Những vụ cháy nổ tang thương nhất 2013.
Gas tang 8.000 dong/binh.,Gas tăng 8.000 đồng/bình.
Cao nhat la trung vit qua to gia 42.000 dong/chuc.,Cao nhất là trứng vịt quả to giá 42.000 đồng/chục.
Thi truong thit va thuc pham cuoi nam se ra sao?.,Thị trường thịt và thực phẩm cuối năm sẽ ra sao?.
Bat benh lua lun: Chua nga ngu nguyen nhan.,Bắt bệnh lúa lùn: Chưa ngã ngũ nguyên nhân.
"Do do, hay cap nhat cac ung dung giup ban theo doi hoat dong the chat hang ngay thong qua so buoc chan, luong calo tieu thu.","Do đó, hãy cập nhật các ứng dụng giúp bạn theo dõi hoạt động thể chất hằng ngày thông qua số bước chân, lượng calo tiêu thụ."
Nhieu chinh sach cho vay uu dai cho ngu dan.,Nhiều chính sách cho vay ưu đãi cho ngư dân.
Ong Nguyen Ba Thanh lam viec voi tinh Vinh Phuc.,Ông Nguyễn Bá Thanh làm việc với tỉnh Vĩnh Phúc.
"Ten lua duong nhu duoc phong tu lanh tho Nga, do tam ban cua ""rong lua"" S-400 len toi 400km va tam hoat dong radar len toi 600km.","Tên lửa dường như được phóng từ lãnh thổ Nga, do tầm bắn của ""rồng lửa"" S-400 lên tới 400km và tầm hoạt động radar lên tới 600km."
Han Quoc vao ngay 8/7 ghi nhan 19.310 ca mac COVID-19 moi.,Hàn Quốc vào ngày 8/7 ghi nhận 19.310 ca mắc COVID-19 mới.
Tinh nguyen bao ve Truong Sa.,Tình nguyện bảo vệ Trường Sa.
Tu hinh 3 ten dung AK cuop tiem vang Kim Hong.,Tử hình 3 tên dùng AK cướp tiệm vàng Kim Hồng.
"""Khong the tao ra loai thi truong lao dong toi uu ma khong binh on gia ca"", Jerome H.","""Không thể tạo ra loại thị trường lao động tối ưu mà không bình ổn giá cả"", Jerome H."
Ky thuat tang bong hoan hao.,Kỹ thuật tâng bóng hoàn hảo.
"Chu tiem vang hanh hung, giam long phong vien Bao DS&PL.","Chủ tiệm vàng hành hung, giam lỏng phóng viên Báo ĐS&PL."
Lui thoi gian xu phat 5 loi giao thong trong Nghi dinh 46.,Lùi thời gian xử phạt 5 lỗi giao thông trong Nghị định 46.
Giai ma ao giac dien thoai tu rung trong tui.,Giải mã ảo giác điện thoại tự rung trong túi.
"BAN TIN CHIEU 31/10: PSG ""cau"" Mata, CR7 doi mat an phat.","BẢN TIN CHIỀU 31/10: PSG ""câu"" Mata, CR7 đối mặt án phạt."
"Tu lop mau giao toi lop ba truong cach nha co 5 phut, con lop 4 tro len thi di hoc ngoai xa cung khong bao xa"", chi Chieng noi.","Từ lớp mẫu giáo tới lớp ba trường cách nhà có 5 phút, còn lớp 4 trở lên thì đi học ngoài xã cũng không bao xa"", chị Chiêng nói."
Ong keu goi cac nha chuc trach xay dung mot chien luoc hoat dong moi.,Ông kêu gọi các nhà chức trách xây dựng một chiến lược hoạt động mới.
"Nghe doc"" cua chang trai Ca Mau: lam trang suc tu... xuong ran Anh Trinh Quang Nha (21 tuoi, ngu TP.Ca Mau, tinh Ca Mau) co cong viec kha doc dao la lam trang suc tu xuong ran.","Nghề độc"" của chàng trai Cà Mau: làm trang sức từ... xương rắn Anh Trịnh Quang Nhã (21 tuổi, ngụ TP.Cà Mau, tỉnh Cà Mau) có công việc khá độc đáo là làm trang sức từ xương rắn."
Generali Viet Nam dat doanh thu phi bao hiem gap 4 lan so voi 2013.,Generali Việt Nam đạt doanh thu phí bảo hiểm gấp 4 lần so với 2013.
Khoi My doc rap cho Hoai Lam hat 'Em cua ngay hom qua'.,Khởi My đọc rap cho Hoài Lâm hát 'Em của ngày hôm qua'.
Oezil - Yeu kem dien hinh.,Oezil - Yếu kém điển hình.
"Cung voi do, Thu truong Bo LDTBXH de nghi to chuc Cong doan phoi hop day manh, don doc cac doanh nghiep lap danh sach de phe duyet.","Cùng với đó, Thứ trưởng Bộ LĐTBXH đề nghị tổ chức Công đoàn phối hợp đẩy mạnh, đôn đốc các doanh nghiệp lập danh sách để phê duyệt."
Vi sao ba Obama dap tan chai Sam panh vao tau ngam?.,Vì sao bà Obama đập tan chai Sâm panh vào tàu ngầm?.
Con trai Gadhafi bi bat tai Lybia.,Con trai Gadhafi bị bắt tại Lybia.
Lai xe co tre nho nen luu y dieu gi?.,Lái xe có trẻ nhỏ nên lưu ý điều gì?.
10 cuoc chia tay roi tai hop cua nguoi noi tieng.,10 cuộc chia tay rồi tái hợp của người nổi tiếng.
"Thep, duong... bi lam gia.","Thép, đường... bị làm giá."
Vo cat phang 'cua quy' cua chong vi nghi cap bo.,Vợ cắt phăng 'của quý' của chồng vì nghi cặp bồ.
Barca cung M.U chia se ngoi vi so 1 the gioi.,Barca cùng M.U chia sẻ ngôi vị số 1 thế giới.
Nguoi phu nu moc hang nghin not ruoi khien bac si boi roi.,Người phụ nữ mọc hàng nghìn nốt ruồi khiến bác sĩ bối rối.
IAEA lap luc luong dac nhiem ve Iran.,IAEA lập lực lượng đặc nhiệm về Iran.
Chong vet ran da sau khi sinh.,Chống vết rạn da sau khi sinh.
"Nguoi mau nam 'mac vay, don nguc' bi nem da toi ta.","Người mẫu nam 'mặc váy, độn ngực' bị ném đá tơi tả."
Myanmar lai chay lon.,Myanmar lại cháy lớn.
Tran Tien cho cong ty ve sinh dat hang viet ca khuc.,Trần Tiến chờ công ty vệ sinh đặt hàng viết ca khúc.
"Nguyen Xuan Son 'khe ho', Ha Van Tham voi lo tien?.","Nguyễn Xuân Sơn 'khẽ ho', Hà Văn Thắm vội lo tiền?."
Ke hiep dam nu sinh den bat tinh duoc tra tu do(!?).,Kẻ hiếp dâm nữ sinh đến bất tỉnh được trả tự do(!?).
"Hua hen hap dan, gay can.","Hứa hẹn hấp dẫn, gay cấn."
"Neu muon giai cuu Ukraine, My co du suc danh bai Nga?.","Nếu muốn giải cứu Ukraine, Mỹ có đủ sức đánh bại Nga?."
"Nam nay, Dai hoc Y Ha Noi tuyen 1.170 chi tieu (tang 20 chi tieu so voi nam 2021) va 13 nganh/chuyen nganh bang 3 phuong thuc xet tuyen chinh.","Năm nay, Đại học Y Hà Nội tuyển 1.170 chỉ tiêu (tăng 20 chỉ tiêu so với năm 2021) và 13 ngành/chuyên ngành bằng 3 phương thức xét tuyển chính."
Nguyen Tien Minh van duy tri hang 5 don nam cau long the gioi.,Nguyễn Tiến Minh vẫn duy trì hạng 5 đơn nam cầu lông thế giới.
That dang buon la the he sau nay se kho co the tan huong niem vui ay.,Thật đáng buồn là thế hệ sau này sẽ khó có thể tận hưởng niềm vui ấy.
Doi me.,Đợi mẹ.
2.500 nguoi di tan vi hoa chat ro ri.,2.500 người di tản vì hóa chất rò rỉ.
De nghi khoi to Cong ty TNHH Tan Hoang Than.,Đề nghị khởi tố Công ty TNHH Tân Hoàng Thân.
"TP HCM: Container tong nhau nat bet, cau Phu My te liet.","TP HCM: Container tông nhau nát bét, cầu Phú Mỹ tê liệt."
Vu be gai 4 tuoi bi hanh ha: Khong cha me nao co quyen danh dap con!.,Vụ bé gái 4 tuổi bị hành hạ: Không cha mẹ nào có quyền đánh đập con!.
Tap 2 vong Tranh dau: Nhieu nhan to gay that vong.,Tập 2 vòng Tranh đấu: Nhiều nhân tố gây thất vọng.
Nhung diem den tuyet dep tai Corfu (Phan 1).,Những điểm đến tuyệt đẹp tại Corfu (Phần 1).
"Thi truong phuc vu nam hoc moi: Gia on dinh, suc mua tang.","Thị trường phục vụ năm học mới: Giá ổn định, sức mua tăng."
Ket qua giam dinh cua co quan chuyen mon cho thay nguyen nhan tu vong cua Linh la chan thuong so nao khong hoi phuc.,Kết quả giám định của cơ quan chuyên môn cho thấy nguyên nhân tử vong của Linh là chấn thương sọ não không hồi phục.
My va Trung Quoc tranh luan ve an ninh o Bien Dong.,Mỹ và Trung Quốc tranh luận về an ninh ở Biển Đông.
Doan xe cuu tro cua Nga bat dau lam thu tuc de vao lanh tho Ukraine.,Đoàn xe cứu trợ của Nga bắt đầu làm thủ tục để vào lãnh thổ Ukraine.
'Hai cong chua' nha Phuong Thao - Ngoc Le hao hung 'do ca ngua' o quan ca phe.,'Hai công chúa' nhà Phương Thảo - Ngọc Lễ hào hứng 'đổ cá ngựa' ở quán cà phê.
Barca da cong bo chieu mo Franck Kessie va Andreas Christensen.,Barca đã công bố chiêu mộ Franck Kessie và Andreas Christensen.
Bung phat dich sot phat ban dang soi o nguoi lon.,Bùng phát dịch sốt phát ban dạng sởi ở người lớn.
Tan binh Eriksen duoc da chinh ngay tu dau va anh som cho thay dau an bang mot ban da phat hang rao tuyet dep.,Tân binh Eriksen được đá chính ngay từ đầu và anh sớm cho thấy dấu ấn bằng một bàn đá phạt hàng rào tuyệt đẹp.
Le hoi nhac dien tu dau tien o Da Nang.,Lễ hội nhạc điện tử đầu tiên ở Đà Nẵng.
"Den nay, V Gaming van chua co duoc mot lan dung tren dinh cao va du di den tran dau cuoi cung o ca san choi quoc noi lan quoc te.","Đến nay, V Gaming vẫn chưa có được một lần đứng trên đỉnh cao và dù đi đến trận đấu cuối cùng ở cả sân chơi quốc nội lẫn quốc tế."
Gia tri cua dong tien dien tu nay hien gan nhu bang khong.,Giá trị của đồng tiền điện tử này hiện gần như bằng không.
Hoa dia lan Sa Pa co gia toi 60 trieu dong.,Hoa địa lan Sa Pa có giá tới 60 triệu đồng.
Luong nuoc cac ho chua lon deu thieu.,Lượng nước các hồ chứa lớn đều thiếu.
Nguon: https://tcdulichtphcm.vn/the-thao/gareth-bale-bat-ngo-34quay-xe34-khong-toi-cardiff-city-chinh-t...Nguon: https://tcdulichtphcm.vn/the-thao/gareth-bale-bat-ngo-34quay-xe34-khong-toi-cardiff-city-chinh-thuc-sang-my-c28a34124.html,Nguồn: https://tcdulichtphcm.vn/the-thao/gareth-bale-bat-ngo-34quay-xe34-khong-toi-cardiff-city-chinh-t...Nguồn: https://tcdulichtphcm.vn/the-thao/gareth-bale-bat-ngo-34quay-xe34-khong-toi-cardiff-city-chinh-thuc-sang-my-c28a34124.html
Khi hum them vay.,Khi hùm thêm vây.
Nha 'xuong hoc' Nguyen Lan Cuong.,Nhà 'xương học' Nguyễn Lân Cường.
"Tuoi Thin Tinh cam: Theo du doan 12 con giap hom nay, van trinh tinh cam tot dep, dao hoa vuong, ban co nhieu nguoi khac phai chu dong theo duoi, tuy nhien cung can phan biet ai la nguoi chan thanh.","Tuổi Thìn Tình cảm: Theo dự đoán 12 con giáp hôm nay, vận trình tình cảm tốt đẹp, đào hoa vượng, bạn có nhiều người khác phái chủ động theo đuổi, tuy nhiên cũng cần phân biệt ai là người chân thành."
Tinh yeu bang tuoi va cai ket 'dang' cua cuu sinh vien Kinh te.,Tình yêu bằng tuổi và cái kết 'đắng' của cựu sinh viên Kinh tế.
"Cang nghien cuu, em cang thay can benh nay con qua nhieu thach thuc o Viet Nam va tren the gioi.","Càng nghiên cứu, em càng thấy căn bệnh này còn quá nhiều thách thức ở Việt Nam và trên thế giới."
Bo doi bien gioi thi goi banh chung Xuan.,Bộ đội biên giới thi gói bánh chưng Xuân.
Nhoc ty 5 tuoi va BST hang hieu gay sot gioi thoi trang.,Nhóc tỳ 5 tuổi và BST hàng hiệu gây sốt giới thời trang.
Song Hye Kyo da dep khong ti vet.,Song Hye Kyo da đẹp không tì vết.
"Dieu nay lam giam su hap thu cholesterol tong the trong co the, do do lam giam luong cholesterol trong mau cao, mot yeu to nguy co chinh gay benh tim.","Điều này làm giảm sự hấp thụ cholesterol tổng thể trong cơ thể, do đó làm giảm lượng cholesterol trong máu cao, một yếu tố nguy cơ chính gây bệnh tim."
"May bay phan luc sieu am, cuoc cach mang moi trong nganh hang khong.","Máy bay phản lực siêu âm, cuộc cách mạng mới trong ngành hàng không."
Nhat tang vai tro trong cac van de an ninh toan cau.,Nhật tăng vai trò trong các vấn đề an ninh toàn cầu.
Cuoc thi Tai nang Xiec tre 3 nuoc VN - Lao - Campuchia.,Cuộc thi Tài năng Xiếc trẻ 3 nước VN - Lào - Campuchia.
20 nam van phan con nuoi.,20 năm vẫn phận con nuôi.
"Nho khong kich o Syria, Tong thong Nga V. Putin ""boi thu"".","Nhờ không kích ở Syria, Tổng thống Nga V. Putin ""bội thu""."
Su that ve thit do gay ung thu o dan ong.,Sự thật về thịt đỏ gây ung thư ở đàn ông.
"Gia chu co the tuy bien can nha cua minh thanh noi o ""da nhiem"" va thuan tien chuyen doi muc dich theo thoi gian.","Gia chủ có thể tuỳ biến căn nhà của mình thành nơi ở ""đa nhiệm"" và thuận tiện chuyển đổi mục đích theo thời gian."
"Nganh thue that thu hon 11.000 ty dong: Nang luc can bo con ""han che"".","Ngành thuế thất thu hơn 11.000 tỷ đồng: Năng lực cán bộ còn ""hạn chế""."
Hon 800 nguoi thuong vong vi tai nan giao thong dip Tet.,Hơn 800 người thương vong vì tai nạn giao thông dịp Tết.
"Ga lua ""nup bong"" noi dau da cam.","Gã lừa ""núp bóng"" nỗi đau da cam."
Dich vu goi thoai internet dang ngay cang pho bien.,Dịch vụ gọi thoại internet đang ngày càng phổ biến.
Xay 30 can nha tinh nghia tang cac gia dinh chinh sach.,Xây 30 căn nhà tình nghĩa tặng các gia đình chính sách.
Intermedia: Thiet bi iOS duoc doanh nghiep vua va nho kich hoat nhieu nhat trong 10 thang dau nam.,Intermedia: Thiết bị iOS được doanh nghiệp vừa và nhỏ kích hoạt nhiều nhất trong 10 tháng đầu năm.
Mot so hinh anh ro la do nhan vat chu dong gui cho toi.,Một số hình ảnh rõ là do nhân vật chủ động gửi cho tôi.
"Mat phuc o Hang De, vay bat ten toi pham cuc ky manh dong.","Mật phục ở Hang Dê, vây bắt tên tội phạm cực kỳ manh động."
"Ong noi: ""Chung toi da thay cac phuong tien truyen thong dua tin ve mot benh vien phu san o Donetsk.","Ông nói: ""Chúng tôi đã thấy các phương tiện truyền thông đưa tin về một bệnh viện phụ sản ở Donetsk."
Canh sat Chicago van dang tim kiem nguoi nay.,Cảnh sát Chicago vẫn đang tìm kiếm người này.
Dau tranh voi cam bay.,Đấu tranh với cạm bẫy.
"Nha san dong bao Tay, Nung da duoc to chuc sap xep lai dap ung yeu cau ve sinh, san xuat moi ma van giu duoc nep sinh hoat truyen thong.","Nhà sàn đồng bào Tày, Nùng đã được tổ chức sắp xếp lại đáp ứng yêu cầu vệ sinh, sản xuất mới mà vẫn giữ được nếp sinh hoạt truyền thống."
4 nu sinh noi tieng bat ngo nho anh mac ao dai trang.,4 nữ sinh nổi tiếng bất ngờ nhờ ảnh mặc áo dài trắng.
Nhung bi mat cua chu tich FIFA Sepp Blatter.,Những bí mật của chủ tịch FIFA Sepp Blatter.
"Sai so lieu, 'bop' nho thiet hai.","Sai số liệu, 'bóp' nhỏ thiệt hại."
Yeu cau cac DN kinh doanh xang dau giu on dinh gia.,Yêu cầu các DN kinh doanh xăng dầu giữ ổn định giá.
"Thuong tuong Nguyen Thanh Cung tham, kiem tra tai Bo doi Bien phong tinh Tay Ninh.","Thượng tướng Nguyễn Thành Cung thăm, kiểm tra tại Bộ đội Biên phòng tỉnh Tây Ninh."
"Co biet thu chuc ty, Cuong Do-la van kho niu Ha Ho.","Có biệt thự chục tỷ, Cường Đô-la vẫn khó níu Hà Hồ."
TP Ho Chi Minh: Chay them 14 doan tau trong dip le 2-9.,TP Hồ Chí Minh: Chạy thêm 14 đoàn tàu trong dịp lễ 2-9.
Mo ho hieu qua xuc tien thuong mai.,Mơ hồ hiệu quả xúc tiến thương mại.
Hoang mang vi nghi an 2 vu bat coc tre con.,Hoang mang vì nghi án 2 vụ bắt cóc trẻ con.
Trung Quoc lap he thong radar trai phep o Truong Sa.,Trung Quốc lắp hệ thống radar trái phép ở Trường Sa.
Cu tri ky vong o Quoc Hoi.,Cử tri kỳ vọng ở Quốc Hội.
"Khong lam duoc viec, khong nen giu ghe.","Không làm được việc, không nên giữ ghế."
"Thi truong tiep tuc giang co, JVC tang tran phien thu 3 lien tiep.","Thị trường tiếp tục giằng co, JVC tăng trần phiên thứ 3 liên tiếp."
Lanh dao Viet Nam dien mung 64 nam Quoc khanh Campuchia.,Lãnh đạo Việt Nam điện mừng 64 năm Quốc khánh Campuchia.
"Co dat phan an truoc cua nha thuc khach, sau do roi di.","Cô đặt phần ăn trước cửa nhà thực khách, sau đó rời đi."
Kom Tum phan hoi sau bai bao ve Benh vien dap chieu.,Kom Tum phản hồi sau bài báo về Bệnh viện đắp chiếu.
Gattuso phau thuat thanh cong.,Gattuso phẫu thuật thành công.
Dot tien.,Đốt tiền.
"Hut Andre Gomes, Real Madrid quyet chieu mo 'may quet' tuyen Phap.","Hụt Andre Gomes, Real Madrid quyết chiêu mộ 'máy quét' tuyển Pháp."
Khong tiep dan vi ban hop!.,Không tiếp dân vì bận họp!.
Thuong hoai ngan nam ra DVD.,Thương hoài ngàn năm ra DVD.
Apple xin loi vi ung dung phan cam 'Baby Shaker'.,Apple xin lỗi vì ứng dụng phản cảm 'Baby Shaker'.
"Tinh Son La phan dau gia tri hang hoa nong san tham gia xuat khau nam 2022 dat 162,5 trieu USD, tang 8,3% so voi nam 2021.","Tỉnh Sơn La phấn đấu giá trị hàng hóa nông sản tham gia xuất khẩu năm 2022 đạt 162,5 triệu USD, tăng 8,3% so với năm 2021."
Clip tinh yeu hai huoc: Tieng set ai tinh.,Clip tình yêu hài hước: Tiếng sét ái tình.
Tien Dung Cong Phuong: 'Chung toi se co gang lam nen lich su cho bong da Viet Nam'.,Tiến Dũng Công Phượng: 'Chúng tôi sẽ cố gắng làm nên lịch sử cho bóng đá Việt Nam'.
"""Day la tran quan trong canh tranh ngoi dau bang de di tiep.","""Đây là trận quan trọng canh tranh ngôi đầu bảng để đi tiếp."
"Theo nha phan tich nang luong Sergei Vakulenko, cac tau khong co bao hiem hoac khong duoc bao hiem se khong duoc phep vao bat ky cang chinh nao hoac di qua cac diem tac nghen van chuyen quan trong nhu Bosporus hoac Kenh dao Suez.","Theo nhà phân tích năng lượng Sergei Vakulenko, các tàu không có bảo hiểm hoặc không được bảo hiểm sẽ không được phép vào bất kỳ cảng chính nào hoặc đi qua các điểm tắc nghẽn vận chuyển quan trọng như Bosporus hoặc Kênh đào Suez."
8 mon hu tieu hap dan cua Sai Gon.,8 món hủ tiếu hấp dẫn của Sài Gòn.
Xe buyt xin... ngung chay.,Xe buýt xin... ngừng chạy.
Mau hanh phi dung do vang rom con lap lanh anh mo that hap dan.,Màu hành phi đúng độ vàng rơm còn lấp lánh ánh mỡ thật hấp dẫn.
Thanh lap ba cau lac bo xe om phong chong toi pham.,Thành lập ba câu lạc bộ xe ôm phòng chống tội phạm.
"Bang qua duong sat, mot thanh nien bi tau can chet.","Băng qua đường sắt, một thanh niên bị tàu cán chết."
Nguon: http://danviet.vn/co-gai-sai-thanh-ru-bo-qua-khu-beo-map-lot-xac-thanh-gymer-goi-cam-bao-sao-lam...Nguon: http://danviet.vn/co-gai-sai-thanh-ru-bo-qua-khu-beo-map-lot-xac-thanh-gymer-goi-cam-bao-sao-lam-tay-me-met-50202247201425778.htm,Nguồn: http://danviet.vn/co-gai-sai-thanh-ru-bo-qua-khu-beo-map-lot-xac-thanh-gymer-goi-cam-bao-sao-lam...Nguồn: http://danviet.vn/co-gai-sai-thanh-ru-bo-qua-khu-beo-map-lot-xac-thanh-gymer-goi-cam-bao-sao-lam-tay-me-met-50202247201425778.htm
Nam Phi dat Van phong dai dien Lanh su quan tai Tp. Ho Chi Minh.,Nam Phi đặt Văn phòng đại diện Lãnh sự quán tại Tp. Hồ Chí Minh.
"Adriana Lima dep tung cm voi monokini, bikini 2 manh.","Adriana Lima đẹp từng cm với monokini, bikini 2 mảnh."
"Vi HLV nguoi Duc da dong hanh cung Dortmund tu cac cap do doi tre, vi vay co the noi Edin Terzic la nguoi hieu triet ly bong da cua Borussia Dortmund nhat vao luc nay.","Vị HLV người Đức đã đồng hành cùng Dortmund từ các cấp độ đội trẻ, vì vậy có thể nói Edin Terzic là người hiểu triết lý bóng đá của Borussia Dortmund nhất vào lúc này."
TP.Ho Chi Minh: Trao 67 suat hoc bong cho sinh vien ngheo vuot kho.,TP.Hồ Chí Minh: Trao 67 suất học bổng cho sinh viên nghèo vượt khó.
Trong dia nguc bang dang (Ky 2).,Trong địa ngục băng đảng (Kỳ 2).
Tang an doi voi chu thau xay dung.,Tăng án đối với chủ thầu xây dựng.
Bat 8 doi tuong trong bang trom tivi tren xe container.,Bắt 8 đối tượng trong băng trộm tivi trên xe container.
"Sau do, hang loat cac nhan hang cung dua nhau cham dut hop dong quang cao voi Thang Duy.","Sau đó, hàng loạt các nhãn hàng cũng đua nhau chấm dứt hợp đồng quảng cáo với Thang Duy."
"De tim cach duy tri loi nhuan trong thoi dai dich Covid-19, cac doanh nghiep bao hiem o to o Han Quoc hien chu y nhieu hon den khai niem Insurtech von duoc cho la co the mang lai nhung phan tich chinh xac ve cach thuc lai xe cua nguoi tham gia bao hiem.","Để tìm cách duy trì lợi nhuận trong thời đại dịch Covid-19, các doanh nghiệp bảo hiểm ô tô ở Hàn Quốc hiện chú ý nhiều hơn đến khái niệm Insurtech vốn được cho là có thể mang lại những phân tích chính xác về cách thức lái xe của người tham gia bảo hiểm."
5 nguoi chet khi chuan bi ung pho bao Haiyan.,5 người chết khi chuẩn bị ứng phó bão Haiyan.
Mun tuoi day thi?.,Mụn tuổi dậy thì?.
"Hoang Thuy Linh, Minh Hang, Quynh Anh ""do sac"".","Hoàng Thùy Linh, Minh Hằng, Quỳnh Anh ""đọ sắc""."
An mang vi chiec micro mat tieng.,Án mạng vì chiếc micro mất tiếng.
Chiec guong ma thuat cho thay nghe thuat che tac bac thay cua cac nghe nhan xua va dieu nay qua thuc khien cho cac nha khoa hoc bat ngo.,Chiếc gương ma thuật cho thấy nghệ thuật chế tác bậc thầy của các nghệ nhân xưa và điều này quả thực khiến cho các nhà khoa học bất ngờ.
Qua tang giang sinh ra mat khan gia TP HCM.,Quà tặng giáng sinh ra mắt khán giả TP HCM.
Phuong phap kiem tra nong do con mo.,Phương pháp kiểm tra nồng độ cồn mớ.
Doi voi cac thuong lai vao vuon cat mit o tinh Tien Giang mua thap hon vua khoang 2.000 dong/kg.,Đối với các thương lái vào vườn cắt mít ở tỉnh Tiền Giang mua thấp hơn vựa khoảng 2.000 đồng/kg.
Cau thuy tinh thang 7.,Cầu thủy tinh tháng 7.
Ho tro khu vuc dang phat trien chong benh ung thu.,Hỗ trợ khu vực đang phát triển chống bệnh ung thư.
Ket qua giai quan vot Wimbledon (5.7): Don nu xuat hien hang loat bat ngo.,Kết quả giải quần vợt Wimbledon (5.7): Đơn nữ xuất hiện hàng loạt bất ngờ.
"Yaffi Lvova - chuyen gia dinh duong My, khuyen ban nen tranh nau nhung bua an voi cong thuc moi hoac phuc tap vao cac ngay ban ron, va giu hai den ba bua an du phong trong tu dong phong truong hop ke hoach trong ngay bi truc trac va ban khong the di sieu thi hoac so che do an kip.","Yaffi Lvova - chuyên gia dinh dưỡng Mỹ, khuyên bạn nên tránh nấu những bữa ăn với công thức mới hoặc phức tạp vào các ngày bận rộn, và giữ hai đến ba bữa ăn dự phòng trong tủ đông phòng trường hợp kế hoạch trong ngày bị trục trặc và bạn không thể đi siêu thị hoặc sơ chế đồ ăn kịp."
Mot hau ve canh trai khac cua MU la Alex Telles gan nhu se phai ra di sau khi Malacia xuat hien.,Một hậu vệ cánh trái khác của MU là Alex Telles gần như sẽ phải ra đi sau khi Malacia xuất hiện.
Barca mat Alves den het mua giai.,Barca mất Alves đến hết mùa giải.
TOEFL Primary cho hoc sinh tieu hoc.,TOEFL Primary cho học sinh tiêủ học.
"Vao thoi diem do, Tong thong Biden da tuyen bo dong thai nay duoc tien hanh nham danh vao ""huyet mach kinh te cua Nga"". Xuat khau nang luong la nguon doanh thu quan trong cua Nga nhung dong thai tren cung tac dong den chinh nhung nguoi tieu dung phuong Tay.","Vào thời điểm đó, Tổng thống Biden đã tuyên bố động thái này được tiến hành nhằm đánh vào ""huyết mạch kinh tế của Nga"". Xuất khẩu năng lượng là nguồn doanh thu quan trọng của Nga nhưng động thái trên cũng tác động đến chính những người tiêu dùng phương Tây."
"Sau khi duoc dang tai, video tren da thu hut hon 500 trieu luot xem tren mang xa hoi, khien nguoi tieu dung tai Trung Quoc dat ra nhung cau hoi ve do an toan cua cac chat phu gia duoc su dung trong san pham nay.","Sau khi được đăng tải, video trên đã thu hút hơn 500 triệu lượt xem trên mạng xã hội, khiến người tiêu dùng tại Trung Quốc đặt ra những câu hỏi về độ an toàn của các chất phụ gia được sử dụng trong sản phẩm này."
"Hong Nhung dien 'quan short, ao ba lo' nhay tung bung tren san khau.","Hồng Nhung diện 'quần short, áo ba lỗ' nhảy tưng bừng trên sân khấu."
Di Maria chia tay dong doi Real Madrid.,Di Maria chia tay đồng đội Real Madrid.
"so hai, xin nhom nguoi nay tha.","sợ hãi, xin nhóm người này tha."
Nga dong lo tau ngam chien luoc 'vo doi' moi.,Nga đóng lô tàu ngầm chiến lược 'vô đối' mới.
Pha o danh bac qua mang hang tram ty dong.,Phá ổ đánh bạc qua mạng hàng trăm tỷ đồng.
Ha Noi: Mot gia dinh bi de doa phai song trong so hai 'ngoi doi' ket qua dieu tra cua CA huyen Me Linh.,Hà Nội: Một gia đình bị đe doạ phải sống trong sợ hãi 'ngồi đợi' kết quả điều tra của CA huyện Mê Linh.
"Thu tuong danh gia cao viec Tong Giam doc WB tham Viet Nam, cho thay quan he ngay cang chat che, hieu qua giua hai ben; nhan manh Viet Nam luon coi WB la nguoi ban tot, doi tac phat trien rat quan trong; cam on WB nhieu nam qua da ho tro nguon luc, tu van chinh sach vi mo, dong gop tich cuc de Viet Nam phat trien kinh te - xa hoi cua Viet Nam, thuc hien cac muc tieu phat trien thien nien ky va gan day da ho tro hieu qua cho Viet Nam trong xay dung Chinh phu dien tu.","Thủ tướng đánh giá cao việc Tổng Giám đốc WB thăm Việt Nam, cho thấy quan hệ ngày càng chặt chẽ, hiệu quả giữa hai bên; nhấn mạnh Việt Nam luôn coi WB là người bạn tốt, đối tác phát triển rất quan trọng; cảm ơn WB nhiều năm qua đã hỗ trợ nguồn lực, tư vấn chính sách vĩ mô, đóng góp tích cực để Việt Nam phát triển kinh tế - xã hội của Việt Nam, thực hiện các mục tiêu phát triển thiên niên kỷ và gần đây đã hỗ trợ hiệu quả cho Việt Nam trong xây dựng Chính phủ điện tử."
"Hon chien voi ma tau, giao tu che... de giai quyet no nan.","Hỗn chiến với mã tấu, giáo tự chế... để giải quyết nợ nần."
Trang tay vi ke xau.,Trắng tay vì kẻ xấu.
Theo Dang Kiet,Theo Đăng Kiệt
Dien Hiep Phuoc da duoc cung cap khi.,Điện Hiệp Phước đã được cung cấp khí.
Quyet tam!.,Quyết tâm!.
Yamaha trieu hoi gan 36.000 xe Jupiter Fi va Sirius Fi.,Yamaha triệu hồi gần 36.000 xe Jupiter Fi và Sirius Fi.
Sap co them iPhone 4 8GB gia re.,Sắp có thêm iPhone 4 8GB giá rẻ.
"Bi bat gap ngoai tinh, nha vo dich dien kinh nhay lau.","Bị bắt gặp ngoại tình, nhà vô địch điền kinh nhảy lầu."
K.Khanh Hoa keo HN.T&T; tro lai mat dat.,K.Khánh Hòa kéo HN.T&T; trở lại mặt đất.
Se chang co dam cuoi nao dau em!.,Sẽ chẳng có đám cưới nào đâu em!.
Fiditour don 110.000 khach du lich MICE trong 2013.,Fiditour đón 110.000 khách du lịch MICE trong 2013.
Doanh nghiep cua ty phu Tran Dinh Long da nop bao nhieu tien thue vao ngan sach?,Doanh nghiệp của tỷ phú Trần Đình Long đã nộp bao nhiêu tiền thuế vào ngân sách?
Vinamilk rot hon 76 ty dong vao hang sua New Zealand.,Vinamilk rót hơn 76 tỷ đồng vào hãng sữa New Zealand.
Se lap den tin hieu tai nut giao thong Khuat Duy Tien - Nguyen Trai.,Sẽ lắp đèn tín hiệu tại nút giao thông Khuất Duy Tiến - Nguyễn Trãi.
Chu tich QH Nguyen Phu Trong tiep xuc cu tri TP Ha Noi.,Chủ tịch QH Nguyễn Phú Trọng tiếp xúc cử tri TP Hà Nội.
"Van ban cua Bo Giao thong van tai neu ro, tu dau nam 2022 den nay, tinh hinh dien bien dich benh COVID-19 dan duoc kiem soat, nhu cau di lai cua nguoi dan noi chung tang nhanh va hoat dong van tai hang khong cung dang dan duoc hoi phuc.","Văn bản của Bộ Giao thông vận tải nêu rõ, từ đầu năm 2022 đến nay, tình hình diễn biến dịch bệnh COVID-19 dần được kiểm soát, nhu cầu đi lại của người dân nói chung tăng nhanh và hoạt động vận tải hàng không cũng đang dần được hồi phục."
Tay Ban Nha thua soc Gruzia.,Tây Ban Nha thua sốc Gruzia.
"Tu hinh doi tuong giet nguoi, hiep dam.","Tử hình đối tượng giết người, hiếp dâm."
"Tao moi truong thuan loi de doanh nghiep dau tu, san xuat - kinh doanh.","Tạo môi trường thuận lợi để doanh nghiệp đầu tư, sản xuất - kinh doanh."
Ich ky.,Ích kỷ.
Phu Hung Gia tra co tuc 15%.,Phú Hưng Gia trả cổ tức 15%.
"Tuy nhien, AFC chua xac nhan dieu nay.","Tuy nhiên, AFC chưa xác nhận điều này."
"Quang thoi gian do, Suga gap nhieu van de ve suc khoe nhu chung roi loan am anh cuong che, tham chi co giai doan anh phai thuong xuyen den gap bac si tam ly vi can benh tram cam.","Quãng thời gian đó, Suga gặp nhiều vấn đề về sức khoẻ như chứng rối loạn ám ảnh cưỡng chế, thậm chí có giai đoạn anh phải thường xuyên đến gặp bác sĩ tâm lý vì căn bệnh trầm cảm."
"Duoc biet vu viec xay ra vao luc 17h09' ngay 16/6 tai km52 Ham Yen, Tuyen Quang.","Được biết vụ việc xảy ra vào lúc 17h09' ngày 16/6 tại km52 Hàm Yên, Tuyên Quang."
Vong 5 Cup FA loat tran dem qua: M.U dao choi.,Vòng 5 Cúp FA loạt trận đêm qua: M.U dạo chơi.
Khanh thanh va dua vao su dung cau can noi thong duong Vanh dai 3 voi cau Thanh Tri.,Khánh thành và đưa vào sử dụng cầu cạn nối thông đường Vành đai 3 với cầu Thanh Trì.
10 bat dong san dat gia nhat nuoc My.,10 bất động sản đắt giá nhất nước Mỹ.
"Ngong cuong hut thuoc trong cay xang, bi nhan vien day bai hoc nho doi.","Ngông cuồng hút thuốc trong cây xăng, bị nhân viên dạy bài học nhớ đời."
Nghi an dung sung khong che tai xe cuop hon 27 tan ba dau nanh.,Nghi án dùng súng khống chế tài xế cướp hơn 27 tấn bã đậu nành.
"Arsenal gianh ngoi dau kem vui, Man Utd lam Liverpool tan nat.","Arsenal giành ngôi đầu kém vui, Man Utd làm Liverpool tan nát."
Mang boc thuc pham lam tu sua.,Màng bọc thực phẩm làm từ sữa.
Dau hieu he lo Trung Quoc am tham chuan bi xung dot Trieu Tien.,Dấu hiệu hé lộ Trung Quốc âm thầm chuẩn bị xung đột Triều Tiên.
Se trinh Thu tuong Chien luoc quoc gia ve ATGT duong bo.,Sẽ trình Thủ tướng Chiến lược quốc gia về ATGT đường bộ.
"Ong Rajapaksa cung vo va mot ve si da roi quoc dao tren chiec may bay quan su Antonov-32, cat canh tu san bay quoc te huong den Maldives, theo cac nguon thao tin.","Ông Rajapaksa cùng vợ và một vệ sĩ đã rời quốc đảo trên chiếc máy bay quân sự Antonov-32, cất cánh từ sân bay quốc tế hướng đến Maldives, theo các nguồn thạo tin."
"Cang vu Hang hai Binh Thuan cho biet dang phoi hop voi Dai Thong tin duyen hai Phan Thiet, thong bao den cac tau thuyen dang hoat dong ngoai khoi co bien phap ho tro mot tau ca voi 34 thuyen vien dang bi troi tu do tren bien Phu Quy.","Cảng vụ Hàng hải Bình Thuận cho biết đang phối hợp với Đài Thông tin duyên hải Phan Thiết, thông báo đến các tàu thuyền đang hoạt động ngoài khơi có biện pháp hỗ trợ một tàu cá với 34 thuyền viên đang bị trôi tự do trên biển Phú Quý."
Xuan An tung 2 lan thu suc o giai dau vong 1 quoc gia nhung chua thanh cong.,Xuân Ân từng 2 lần thử sức ở giải đấu vòng 1 quốc gia nhưng chưa thành công.
Bai thuoc tri benh o phu nu.,Bài thuốc trị bệnh ở phụ nữ.
Trien khai THAAD la don giang manh vao Nga va Trung Quoc.,Triển khai THAAD là đòn giáng mạnh vào Nga và Trung Quốc.
Giao luu can bo nu cong doan qua cac thoi ky.,Giao lưu cán bộ nữ công đoàn qua các thời kỳ.
Vietnam Airlines tiep tuc mo ban ve Tet Quy Ty.,Vietnam Airlines tiếp tục mở bán vé Tết Quý Tỵ.
"Nhung nguoc lai, trong tuong lai, dich kho du doan thi chung ta se yen tam hon khi da tiem vaccine.","Nhưng ngược lại, trong tương lai, dịch khó dự đoán thì chúng ta sẽ yên tâm hơn khi đã tiêm vaccine."
Bo doi Truong Sa cuu tau cung 28 ngu dan gap nan.,Bộ đội Trường Sa cứu tàu cùng 28 ngư dân gặp nạn.
May ma kip be coi.,May mà kịp bẻ còi.
Sony thach thuc Apple voi hai may tinh bang moi.,Sony thách thức Apple với hai máy tính bảng mới.
Tau hai giam Trung Quoc lai di vao lanh hai Nhat.,Tàu hải giám Trung Quốc lại đi vào lãnh hải Nhật.
Hiep hoi truyen hinh tra tien ra doi trong thang tu.,Hiệp hội truyền hình trả tiền ra đời trong tháng tư.
Su kien noi bat trong ngay: Thu 5 ngay 26/12/2013.,Sự kiện nổi bật trong ngày: Thứ 5 ngày 26/12/2013.
"Chuyen gia chuyen nhuong Fabrizio Romano trong doan tweet moi day da dua ra thong bao ngan gon: 'Thuong vu Sadio Mane da hoan tat, giam doc bong da cua Bayern - Hasan Salihamidzic xac nhan sau cuoc gap o Anh: “Vang, Sadio sap den Bayern”'. Trong 6 nam o Anfield, Mane da ghi 120 ban sau 269 lan ra san va gop cong truc tiep giup Liverpool vo dich ca Champions League va dac biet la Ngoai hang Anh sau 30 nam cho doi.","Chuyên gia chuyển nhượng Fabrizio Romano trong đoạn tweet mới đây đã đưa ra thông báo ngắn gọn: 'Thương vụ Sadio Mané đã hoàn tất, giám đốc bóng đá của Bayern - Hasan Salihamidzic xác nhận sau cuộc gặp ở Anh: “Vâng, Sadio sắp đến Bayern”'. Trong 6 năm ở Anfield, Mane đã ghi 120 bàn sau 269 lần ra sân và góp công trực tiếp giúp Liverpool vô địch cả Champions League và đặc biệt là Ngoại hạng Anh sau 30 năm chờ đợi."
Ha thuy thanh cong tau ngam Kilo Da Nang.,Hạ thủy thành công tàu ngầm Kilo Đà Nẵng.
Mourinho phan phao Wenger: Hay lo cho than minh truoc.,Mourinho phản pháo Wenger: Hãy lo cho thân mình trước.
"Toi thoi diem nay, Chelsea van chua mua duoc ai de tang cuong duoc hang thu.","Tới thời điểm này, Chelsea vẫn chưa mua được ai để tăng cường được hàng thủ."
Italia: Hang loat Bo truong doa tu chuc.,Italia: Hàng loạt Bộ trưởng dọa từ chức.
Sieu xe Pagani Huayra lap he thong am thanh dat nhat the gioi.,Siêu xe Pagani Huayra lắp hệ thống âm thanh đắt nhất thế giới.
"Co rat nhieu nguyen nhan dan den hien tuong ran da nhu do co dia, hoac tang can nhanh, mang da thai..., do do tinh trang ran da o moi me cung se khac nhau.","Có rất nhiều nguyên nhân dẫn đến hiện tượng rạn da như do cơ địa, hoặc tăng cân nhanh, mang đa thai..., do đó tình trạng rạn da ở mỗi mẹ cũng sẽ khác nhau."
No lon truoc tiem vang tai Ha Noi.,Nổ lớn trước tiệm vàng tại Hà Nội.
Cong tac quy hoach can bo co quan diem dung va trach nhiem cao.,Công tác quy hoạch cán bộ có quan điểm đúng và trách nhiệm cao.
Wenger kich liet chi trich HLV Man City.,Wenger kịch liệt chỉ trích HLV Man City.
(que Dong Nai) kho chiu ne tranh.,(quê Đồng Nai) khó chịu né tránh.
"9X ""tra gia"".","9X ""trả giá""."
"""Toi da xem nhieu tran cua Man City nhung nam qua, va biet truoc co the ghi ban o nhung tinh huong tuong tu nhu trong tran gap Bayern hom nay"", Haaland tiet lo.","""Tôi đã xem nhiều trận của Man City những năm qua, và biết trước có thể ghi bàn ở những tình huống tương tự như trong trận gặp Bayern hôm nay"", Haaland tiết lộ."
MCF: Loi nhuan quy 1 tang 50% so voi cung ky.,MCF: Lợi nhuận quý 1 tăng 50% so với cùng kỳ.
Long An: Ti le cap giay to nha dat dat tren 90%.,Long An: Tỉ lệ cấp giấy tờ nhà đất đạt trên 90%.
Hue se co cau di bo lat go lim rong 4m doc bo song Huong?.,Huế sẽ có cầu đi bộ lát gỗ lim rộng 4m dọc bờ sông Hương?.
Hacker moc vi Paypal.,Hacker móc ví Paypal.
TTCN: ban tin tong hop so 6/2015.,TTCN: bản tin tổng hợp số 6/2015.
iCloud se mang ngon ngu thiet ke cua iOS7.,iCloud sẽ mang ngôn ngữ thiết kế của iOS7.
"Gia Lai kien nghi mien, giam phi cho 3 tram BOT.","Gia Lai kiến nghị miễn, giảm phí cho 3 trạm BOT."
Bo sung kien thuc thai san cho ba bau.,Bổ sung kiến thức thai sản cho bà bầu.
Myanmar chot danh sach 3 ung cu vien Tong thong.,Myanmar chốt danh sách 3 ứng cử viên Tổng thống.
Thai Lan va bong da tre.,Thái Lan và bóng đá trẻ.
Do cung la chuyen binh thuong.,Đó cũng là chuyện bình thường.
Nguoi di cu bat dau roi Hy Lap theo ke hoach tai phan bo.,Người di cư bắt đầu rời Hy Lạp theo kế hoạch tái phân bổ.
Doan TTVN hoi quan tai Singapore: San sang chien dich san vang.,Đoàn TTVN hội quân tại Singapore: Sẵn sàng chiến dịch săn vàng.
"Tang thue nhap khau sua: Bo Tai chinh noi khong, Bo NN-PTNT noi co.","Tăng thuế nhập khẩu sữa: Bộ Tài chính nói không, Bộ NN-PTNT nói có."
Hinh anh moi cua tan binh nha Mec.,Hình ảnh mới của tân binh nhà Mẹc.
"Den nay, tien do cac du an giao thong quan trong quoc gia co ban bam sat yeu cau cua Quoc hoi va Chinh phu, theo Bo truong Bo GTVT Nguyen Van The.","Đến nay, tiến độ các dự án giao thông quan trọng quốc gia cơ bản bám sát yêu cầu của Quốc hội và Chính phủ, theo Bộ trưởng Bộ GTVT Nguyễn Văn Thể."
"Con Glutamine co trong thit bo, trung, sua… Nhieu nguoi cho rang trong thoi gian vet thuong dang lanh seo hoac dang bi nhiem trung, mung mu thi khong nen an tom, cua, ca bien, thit bo, rau muong… Day la quan niem khong co co so khoa hoc.","Còn Glutamine có trong thịt bò, trứng, sữa… Nhiều người cho rằng trong thời gian vết thương đang lành sẹo hoặc đang bị nhiễm trùng, mưng mủ thì không nên ăn tôm, cua, cá biển, thịt bò, rau muống… Đây là quan niệm không có cơ sở khoa học."
Belarus cach chuc 2 tuong vi de may bay xam pham.,Belarus cách chức 2 tướng vì để máy bay xâm phạm.
Cong ty Xo so kien thiet Vinh Long tu choi tra thuong la dung?.,Công ty Xổ số kiến thiết Vĩnh Long từ chối trả thưởng là đúng?.
"Nan nhan la ong Nguyen Van Thuy (SN 1984) va ba Ho Thi Lan (SN 1984) cung tru tai ban Co Trang (xa Truong Son). Theo chinh quyen dia phuong, sang cung ngay, em Nguyen Thi Gi.","Nạn nhân là ông Nguyễn Văn Thủy (SN 1984) và bà Hồ Thị Lan (SN 1984) cùng trú tại bản Cổ Tràng (xã Trường Sơn). Theo chính quyền địa phương, sáng cùng ngày, em Nguyễn Thị Gi."
Khai truong tuyen xe buyt vong quan 1 - TPHCM.,Khai trương tuyến xe buýt vòng quận 1 - TPHCM.
Diem sang cua nen kinh te the gioi.,Điểm sáng của nền kinh tế thế giới.
Chua an toan trong hanh nghe nen nhan vien y te chua hai long.,Chưa an toàn trong hành nghề nên nhân viên y tế chưa hài lòng.
"Trong tour, du khach vieng thanh co, ben tha hoa song Thach Han, pho di bo thi xa Quang Tri... Du khach dang huong hoa cac liet si o thanh co Quang Tri, duoc gioi thieu ve lich su cua su kien 81 ngay dem do lua vao nam 1972.","Trong tour, du khách viếng thành cổ, bến thả hoa sông Thạch Hãn, phố đi bộ thị xã Quảng Trị... Du khách dâng hương hoa các liệt sĩ ở thành cổ Quảng Trị, được giới thiệu về lịch sử của sự kiện 81 ngày đêm đỏ lửa vào năm 1972."
"Truong cho biet, van danh luong chi tieu nhat dinh xet bang diem thi tot nghiep de dam bao co hoi dau vao cho thi sinh, dac biet nhung em o vung sau, vung xa kho canh tranh o cac phuong thuc khac.","Trường cho biết, vẫn dành lượng chỉ tiêu nhất định xét bằng điểm thi tốt nghiệp để đảm bảo cơ hội đầu vào cho thí sinh, đặc biệt những em ở vùng sâu, vùng xa khó cạnh tranh ở các phương thức khác."
"Tuy nhien, hon mot nua so ten lua ton tu thoi Lien Xo co do chinh xac khong cao.","Tuy nhiên, hơn một nửa số tên lửa tồn từ thời Liên Xô có độ chính xác không cao."
Uu tien von cho san xuat kinh doanh.,Ưu tiên vốn cho sản xuất kinh doanh.
"Nho linh cam, giai cuu duoc 2 be gai nghi bi bat coc.","Nhờ linh cảm, giải cứu được 2 bé gái nghi bị bắt cóc."
Cau ay dang cam thay rat thoai mai o Nou Camp.,Cậu ấy đang cảm thấy rất thoải mái ở Nou Camp.
SLNA xoc lai tinh than.,SLNA xốc lại tinh thần.
Se khong bo an tu hinh doi voi toi pham tham nhung.,Sẽ không bỏ án tử hình đối với tội phạm tham nhũng.
Sua chua duoc cap phep duoc rao ban tran lan.,Sữa chưa được cấp phép được rao bán tràn lan.
Khi cong dan thuc hien cac thu tuc hanh chinh co the xuat trinh the CCCD de lay thong tin ve cu tru va nhung thong tin khac tren Co so du lieu quoc gia ve dan cu.,Khi công dân thực hiện các thủ tục hành chính có thể xuất trình thẻ CCCD để lấy thông tin về cư trú và những thông tin khác trên Cơ sở dữ liệu quốc gia về dân cư.
Chum anh cuoi vui nhon dam chat san co cua cuu tuyen thu MU.,Chùm ảnh cưới vui nhộn đậm chất sân cỏ của cựu tuyển thủ MU.
Nu sinh DH Ngoai thuong e ap mua sen.,Nữ sinh ĐH Ngoại thương e ấp mùa sen.
Dieu nay dong nghia voi lan song dich thu 7 da lay lan kha nhanh tai nuoc Phap.,Điều này đồng nghĩa với làn sóng dịch thứ 7 đã lây lan khá nhanh tại nước Pháp.
"Trong do, luong giao dich can ho chung cu, nha o rieng le cac du an tong hop so bo khoang 50.000 giao dich, tuong duong cung ky nam 2021.","Trong đó, lượng giao dịch căn hộ chung cư, nhà ở riêng lẻ các dự án tổng hợp sơ bộ khoảng 50.000 giao dịch, tương đương cùng kỳ năm 2021."
Ca tuan xinh tuoi voi vay ao mat me.,Cả tuần xinh tươi với váy áo mát mẻ.
Cong dung than ky tu vo quyt moi nguoi nen biet.,Công dụng thần kỳ từ vỏ quýt mọi người nên biết.
"Du vay, su ky quac do da giup ty phu nay khang dinh vi the cua minh la mot trong nhung doanh nhan vi dai nhat the gioi.","Dù vậy, sự kỳ quặc đó đã giúp tỷ phú này khẳng định vị thế của mình là một trong những doanh nhân vĩ đại nhất thế giới."
"Tren goc do ky thuat, Cong ty chung khoan SHS cho rang, nguong ho tro gan nhat cua thi truong quanh nguong 1.160 diem da duoc kiem tra thanh cong trong hai phien lien tiep de mo ra kha nang hoi phuc tro lai trong thoi gian toi.","Trên góc độ kỹ thuật, Công ty chứng khoán SHS cho rằng, ngưỡng hỗ trợ gần nhất của thị trường quanh ngưỡng 1.160 điểm đã được kiểm tra thành công trong hai phiên liên tiếp để mở ra khả năng hồi phục trở lại trong thời gian tới."
Xem Vua dau bep Minh Nhat lan dau goi banh chung.,Xem Vua đầu bếp Minh Nhật lần đầu gói bánh chưng.
Guardiola dang la muc tieu hang dau cua AC Milan.,Guardiola đang là mục tiêu hàng đầu của AC Milan.
"Kham benh, tu van cai thuoc la mien phi.","Khám bệnh, tư vấn cai thuốc lá miễn phí."
Xung quanh viec tam giu lo hang 36 chiec dai Masage tai Binh Dinh: Lo hang khong co nguon goc hop phap.,Xung quanh việc tạm giữ lô hàng 36 chiếc đai Masage tại Bình Định: Lô hàng không có nguồn gốc hợp pháp.
"Do la ly do ma tre nen co mot khoang thoi gian doc cuon sach yeu thich cua minh sau nhung gio on tap, hoan thanh bai vo cang thang.","Đó là lý do mà trẻ nên có một khoảng thời gian đọc cuốn sách yêu thích của mình sau những giờ ôn tập, hoàn thành bài vở căng thẳng."
Thua Thien - Hue can phat huy loi the ve du lich.,Thừa Thiên - Huế cần phát huy lợi thế về du lịch.
"Nuoc chanh am chinh la loai do uong giai doc de kiem, de lam ma ai cung co the ap dung.","Nước chanh ấm chính là loại đồ uống giải độc dễ kiếm, dễ làm mà ai cũng có thể áp dụng."
Phap dang phai doi mat voi nan gian diep kinh te.,Pháp đang phải đối mặt với nạn gián điệp kinh tế.
"Ve phia chinh quyen, ong Nguyen Tuan Thanh, pho chu tich thuong truc UBND tinh Binh Dinh, cho hay UBND tinh da hoan tat viec giao dat, boi thuong tai san de Binh doan 15, chu quan khach san Binh Duong, di doi.","Về phía chính quyền, ông Nguyễn Tuấn Thanh, phó chủ tịch thường trực UBND tỉnh Bình Định, cho hay UBND tỉnh đã hoàn tất việc giao đất, bồi thường tài sản để Binh đoàn 15, chủ quản khách sạn Bình Dương, di dời."
"Hang chuc lam tac hanh hung can bo bao ve rung, dap nat 5 xe may.","Hàng chục lâm tặc hành hung cán bộ bảo vệ rừng, đập nát 5 xe máy."
"Can do ty gia va lai suat VND Khong the so it sai, so nhieu lanh.","Cân đo tỷ giá và lãi suất VNĐ Không thể số ít sai, số nhiều lãnh."
Bi quyet lam giau cua ty phu so huu casino ty do o Viet Nam.,Bí quyết làm giàu của tỷ phú sở hữu casino tỷ đô ở Việt Nam.
Dong chi Le Hong Anh tham va lam viec tai Ha Giang.,Đồng chí Lê Hồng Anh thăm và làm việc tại Hà Giang.
Vang bat ngo tang sau nhieu phien giam lien tiep.,Vàng bất ngờ tăng sau nhiều phiên giảm liên tiếp.
Kham pha Ubuntu OS moi cho smartphone.,Khám phá Ubuntu OS mới cho smartphone.
Khoi My duoc me ho tong den tong duyet chuong trinh.,Khởi My được mẹ hộ tống đến tổng duyệt chương trình.
"Chi so CPI binh quan luy ke 6 thang dau nam la 2,44%. Ca nhan toi cho rang so lieu lam phat Viet Nam hien chua qua dang lo ngai.","Chỉ số CPI bình quân lũy kế 6 tháng đầu năm là 2,44%. Cá nhân tôi cho rằng số liệu lạm phát Việt Nam hiện chưa quá đáng lo ngại."
Trinh dien san pham phuc vu huan luyen.,Trình diễn sản phẩm phục vụ huấn luyện.
Neu cao trach nhiem phuc vu nhan dan.,Nêu cao trách nhiệm phục vụ nhân dân.
"Cong bo tac gia doat giai ky thu 23, Cuoc thi tim hieu '70 nam Ngay Thuong binh-Liet si'.","Công bố tác giả đoạt giải kỳ thứ 23, Cuộc thi tìm hiểu '70 năm Ngày Thương binh-Liệt sĩ'."
Chon nhung nguoi uu tu nhat cheo lai dat nuoc.,Chọn những người ưu tú nhất chèo lái đất nước.
Doc dao nhung ngoi nha xay bang tieu quach.,Độc đáo những ngôi nhà xây bằng tiểu quách.
Niem yet gia hang hoa bang USD: Buong long den....,Niêm yết giá hàng hóa bằng USD: Buông lỏng đến....
Trung Quoc ky luat 20 quan chuc lay dat cua dan.,Trung Quốc kỷ luật 20 quan chức lấy đất của dân.
Nu du khach di choi khuya bi giat do.,Nữ du khách đi chơi khuya bị giật đồ.
Ngan hang Nha nuoc chua dau thau vang mieng.,Ngân hàng Nhà nước chưa đấu thầu vàng miếng.
Giai phap de khoe dep - Vui xuan don Tet..,Giải pháp để khỏe đẹp - Vui xuân đón Tết..
Nhung nganh tuyen thang cua Dai hoc Xay dung.,Những ngành tuyển thẳng của Đại học Xây dựng.
Nhom tu tau noi tieng Brazil den Viet Nam.,Nhóm tứ tấu nổi tiếng Brazil đến Việt Nam.
Thu giu nhieu dung cu hut shisa khong ro nguon goc.,Thu giữ nhiều dụng cụ hút shisa không rõ nguồn gốc.
Luong CEO ngan hang 20 ty dong/nam.,Lương CEO ngân hàng 20 tỷ đồng/năm.
"Quang Binh, Quang Nam: Bau cu som o cac xa vung sau.","Quảng Bình, Quảng Nam: Bầu cử sớm ở các xã vùng sâu."
Choang khoi tai san khong lo bac nhat Viet Nam cua ong chu Khai Silk.,Choáng khối tài sản khổng lồ bậc nhất Việt Nam của ông chủ Khải Silk.
"Bo cung se tang cuong ho tro trong cong tac ton tao, bao ve cot moc bien gioi hai nuoc Viet-Lao, phat trien cac dac khu kinh te xuyen bien gioi, cai tien mo hinh ""mot cua-mot lan dung"" tai cua khau quoc te Lao Bao - Den Sa Van de thuc hien hieu qua hon; tang cuong hop tac voi Cuba… trong do co hop tac ve chuyen gia y te.","Bộ cũng sẽ tăng cường hỗ trợ trong công tác tôn tạo, bảo vệ cột mốc biên giới hai nước Việt-Lào, phát triển các đặc khu kinh tế xuyên biên giới, cải tiến mô hình ""một cửa-một lần dừng"" tại cửa khẩu quốc tế Lao Bảo - Đen Sa Vẳn để thực hiện hiệu quả hơn; tăng cường hợp tác với Cuba… trong đó có hợp tác về chuyên gia y tế."
Ky vong cai thien moi truong kinh doanh 2016.,Kỳ vọng cải thiện môi trường kinh doanh 2016.
"Lanh dao An Do, Nga dien dam ve tinh hinh Ukraine.","Lãnh đạo Ấn Độ, Nga điện đàm về tình hình Ukraine."
"Ngay 19.9, thay suc khoe chi Hien kem di, bac si dua ra 2 lua chon: Neu phau thuat bat con, kha nang con song rat cao va nguoc lai... lap tuc chi Hien lua chon cach thu 2.","Ngày 19.9, thấy sức khỏe chị Hiền kém đi, bác sĩ đưa ra 2 lựa chọn: Nếu phẫu thuật bắt con, khả năng con sống rất cao và ngược lại... lập tức chị Hiền lựa chọn cách thứ 2."
Gio Ten Hag se phai chung minh ong co cach phat huy toi da tiem nang cua ngoi sao 25 tuoi.,Giờ Ten Hag sẽ phải chứng minh ông có cách phát huy tối đa tiềm năng của ngôi sao 25 tuổi.
Monte Carlo Masters 2013 va nhung con dia chan.,Monte Carlo Masters 2013 và những cơn địa chấn.
Cang thang giua Iran va A Rap Xe-Ut tai Dien dan Kinh te Davos.,Căng thẳng giữa Iran và Ả Rập Xê-Út tại Diễn đàn Kinh tế Davos.
SHB: 04/06 chot quyen nhan co tuc 5% va lay y kien bang van ban.,SHB: 04/06 chốt quyền nhận cổ tức 5% và lấy ý kiến bằng văn bản.
Tieu thuyet Bien cua Truong Anh Quoc danh giai nhat.,Tiểu thuyết Biển của Trương Anh Quốc dành giải nhất.
Tong thong Nga: The gioi phai da cuc.,Tổng thống Nga: Thê giới phải đa cực.
Leverkusen - Man Utd: Ac mong cho Quy do.,Leverkusen - Man Utd: Ác mộng chờ Quỷ đỏ.
Thiet giap Nga 'roi tu do' tu do cao 1.500m.,Thiết giáp Nga 'rơi tự do' từ độ cao 1.500m.
CATP Ha Noi phai la nhung nguoi dep nhat trong mat nhan dan.,CATP Hà Nội phải là những người đẹp nhất trong mắt nhân dân.
Anh bat nghi pham 15 tuoi lien quan vu tan cong mang TalkTalk.,Anh bắt nghi phạm 15 tuổi liên quan vụ tấn công mạng TalkTalk.
"Theo bac si dieu tri cho nam dien vien, guong mat cua anh co the phai tien hanh vai cuoc phau thuat moi co the phuc hoi.","Theo bác sĩ điều trị cho nam diễn viên, gương mặt của anh có thể phải tiến hành vài cuộc phẫu thuật mới có thể phục hồi."
HAGL chia tay Tuan Anh.,HAGL chia tay Tuấn Anh.
Thai Lan dong y ngung ban vinh vien voi Campuchia.,Thái Lan đồng ý ngừng bắn vĩnh viễn với Campuchia.
Nhung thay doi o Nhat ma Trung Quoc khong the nham mat.,Những thay đổi ở Nhật mà Trung Quốc không thể nhắm mắt.
Ngay 16/7: Khoi ngoai tren HOSE mua rong 23 ty dong.,Ngày 16/7: Khối ngoại trên HOSE mua ròng 23 tỷ đồng.
Lien quan nghi an hoi lo ODA: Hop Uy ban hon hop Viet-Nhat.,Liên quan nghi án hối lộ ODA: Họp Ủy ban hỗn hợp Việt-Nhật.
Nguoi dep Sofia Mayers da duoc lua chon de tro thanh Miss Grand United Kingdom 2022 va se dai dien cho quoc gia tham du Miss Grand International 2022 tai Indonesia vao thang 10 toi.,Người đẹp Sofia Mayers đã được lựa chọn để trở thành Miss Grand United Kingdom 2022 và sẽ đại diện cho quốc gia tham dự Miss Grand International 2022 tại Indonesia vào tháng 10 tới.
PTKT phien chieu 29/07: Rung lac manh tai nguong ho tro.,PTKT phiên chiều 29/07: Rung lắc mạnh tại ngưỡng hỗ trợ.
Tong thong Nga se co chuyen tham cap nha nuoc toi Phap vao dau thang 3/2010.,Tổng thống Nga sẽ có chuyến thăm cấp nhà nước tới Pháp vào đầu tháng 3/2010.
Dong ho Ulysse Nardin Skeleton Tourbillon Manufacture.,Đồng hồ Ulysse Nardin Skeleton Tourbillon Manufacture.
Lan dau tien dung khi NO cuu song benh nhi suy ho hap nang.,Lần đầu tiên dùng khí NO cứu sống bệnh nhi suy hô hấp nặng.
"Chay rung tai California, hang ngan nguoi di tan.","Cháy rừng tại California, hàng ngàn người di tản."
Them hon 370 don vi mau nhan dao.,Thêm hơn 370 đơn vị máu nhân đạo.
Noi dau tu nhung vong xe.,Nỗi đau từ những vòng xe.
Hyundai Tucson 2016 co gi de dau voi nhung doi thu Nhat Ban?.,Hyundai Tucson 2016 có gì để đấu với những đối thủ Nhật Bản?.
Loan tour quoc te.,Loạn tour quốc tế.
Nhan qua tri gia 2 trieu dong khi mua dien thoai.,Nhận quà trị giá 2 triệu đồng khi mua điện thoại.
Nhung hinh anh cuc cute cua cun con.,Những hình ảnh cực cute của cún con.
TPHCM: Hoc sinh hao hung du thi tim hieu Luat GTDT noi dia.,TPHCM: Học sinh hào hứng dự thi tìm hiểu Luật GTĐT nội địa.
Di tu vi 'choi tro nguoi lon' voi be 8 tuoi.,Đi tù vì 'chơi trò người lớn' với bé 8 tuổi.
"Bi nhac noi chuyen trong lop, nho nguoi giet ban hoc.","Bị nhắc nói chuyện trong lớp, nhờ người giết bạn học."
"Nhung toi danh gia cao no luc cua cau ay, su cham chi cua cau ay ca tren san tap lan trong thi dau"". Klopp da cham Nunez ngay tu khi tien dao nay toa sang trong hai tran gap Liverpool tai vong tu ket Champions League mua truoc.","Nhưng tôi đánh giá cao nỗ lực của cậu ấy, sự chăm chỉ của cậu ấy cả trên sân tập lẫn trong thi đấu"". Klopp đã chấm Nunez ngay từ khi tiền đạo này tỏa sáng trong hai trận gặp Liverpool tại vòng tứ kết Champions League mùa trước."
"Tieu huy hang tram ki-lo-gram mang ""Vang o"".","Tiêu hủy hàng trăm ki-lô-gram măng ""Vàng ô""."
Cac sao co gia tang nhanh hon vang.,Các sao có giá tăng nhanh hơn vàng.
"Chay gara, 4 xe bi thieu rui.","Cháy gara, 4 xe bị thiêu rụi."
"De ung pho voi nguy co co the xay ra ung ngap do mua lon, So Xay dung Ha Noi da co ke hoach phong, chong ung ngap, cay do; bao dam cap nuoc sach day du va bo tri nhan luc ung truc tai cac diem thi.","Để ứng phó với nguy cơ có thể xảy ra úng ngập do mưa lớn, Sở Xây dựng Hà Nội đã có kế hoạch phòng, chống úng ngập, cây đổ; bảo đảm cấp nước sạch đầy đủ và bố trí nhân lực ứng trực tại các điểm thi."
"Huong dan danh gia ngoai cac truong DH, CD, TCCN.","Hướng dẫn đánh giá ngoài các trường ĐH, CĐ, TCCN."
Ra mat cuon sach noi tiep bo tieu thuyet ban chay nhat Thien nien ky.,Ra mắt cuốn sách nối tiếp bộ tiểu thuyết bán chạy nhất Thiên niên kỷ.
Quang Nam gan ket van hoa va du lich.,Quảng Nam gắn kết văn hóa và du lịch.
Ca Mau: Chuan bi san xuat chuong trinh truyen hinh chuan HD.,Cà Mau: Chuẩn bị sản xuất chương trình truyền hình chuẩn HD.
"Tet nay ve di, con gai.","Tết này về đi, con gái."
Phong cach Michelle Obama vao sach.,Phong cách Michelle Obama vào sách.
"Va neu co mot Hoa hau duoc ren luyen ky luong ve catwalk, ung xu thi chiec vuong mien se den voi Viet Nam ngay cang nhieu"". Dong quan diem, ban doc Tranphuocloc dat dau hoi ve chat luong cac cuoc thi sac dep chua tuong xung voi so luong: ""Cac cuoc thi sac dep sap tro thanh nganh 'cong nghiep hoa hau'. Mot nam Viet Nam chung ta co biet bao cuoc thi sac dep tu nhieu cap do khac nhau, cu the thay phien nhau thi tho.","Và nếu có một Hoa hậu được rèn luyện kỹ lưỡng về catwalk, ứng xử thì chiếc vương miện sẽ đến với Việt Nam ngày càng nhiều"". Đồng quan điểm, bạn đọc Tranphuocloc đặt dấu hỏi về chất lượng các cuộc thi sắc đẹp chưa tương xứng với số lượng: ""Các cuộc thi sắc đẹp sắp trở thành ngành 'công nghiệp hoa hậu'. Một năm Việt Nam chúng ta có biết bao cuộc thi sắc đẹp từ nhiều cấp độ khác nhau, cứ thế thay phiên nhau thi thố."
"Dau nam 2022, Trang Nemo vuong on ao danh nguoi.","Đầu năm 2022, Trang Nemo vướng ồn ào đánh người."
"APPF- 26: Bien doi khi hau, nuoc bien dang la nguy co hien huu.","APPF- 26: Biến đổi khí hậu, nước biển dâng là nguy cơ hiện hữu."
"Ngoai ra, sinh vien - khong phan biet nguoi ban xu hay nguoi nuoc ngoai - duoc chinh phu ho tro nhieu de vuot qua kho khan trong dai dich, chang han nhu cung cap nhung bua an voi gia chi 1 euro (gan 25.000 dong), tao dieu kien de kiem viec lam them... Cung theo ba Pavillon-Grosser, den nam hoc 2021 - 2022, phan lon cac dai hoc o Phap da co hau het thoi gian hoc truc tiep tai truong.","Ngoài ra, sinh viên - không phân biệt người bản xứ hay người nước ngoài - được chính phủ hỗ trợ nhiều để vượt qua khó khăn trong đại dịch, chẳng hạn như cung cấp những bữa ăn với giá chỉ 1 euro (gần 25.000 đồng), tạo điều kiện để kiếm việc làm thêm... Cũng theo bà Pavillon-Grosser, đến năm học 2021 - 2022, phần lớn các đại học ở Pháp đã có hầu hết thời gian học trực tiếp tại trường."
"Song TS Le Dinh Nam cung cho rang, neu nhu nhung nam truoc, thi sinh dang ky nguyen vong xet tuyen dai hoc truoc khi thi tot nghiep THPT va se co mot lan dieu chinh nguyen vong sau khi biet diem.","Song TS Lê Đình Nam cũng cho rằng, nếu như những năm trước, thí sinh đăng ký nguyện vọng xét tuyển đại học trước khi thi tốt nghiệp THPT và sẽ có một lần điều chỉnh nguyện vọng sau khi biết điểm."
Viet Nam - Nhat Ban hop tac trong Nguoi cong su.,Việt Nam - Nhật Bản hợp tác trong Người cộng sự.
Nga tuyen bo xoa khoan no gan 10 ty USD cho Trieu Tien.,Nga tuyên bố xóa khoản nợ gần 10 tỷ USD cho Triều Tiên.
"Theo bat mi cua gia chu, chiec den can toi tong cong 3 chuyen gia cung lam viec trong 24 gio moi duoc gan hoan thien.","Theo bật mí của gia chủ, chiếc đèn cần tới tổng cộng 3 chuyên gia cùng làm việc trong 24 giờ mới được gắn hoàn thiện."
"Theo nhieu nguon tin, Mane se nhan muc luong khoang 15 trieu euro/mua o Bayern.","Theo nhiều nguồn tin, Mane sẽ nhận mức lương khoảng 15 triệu euro/mùa ở Bayern."
"Em hoi e ngai neu ban do qua du vi tinh em hien"", dang trai that tha.","Em hơi e ngại nếu bạn đó quá dữ vì tính em hiền"", đàng trai thật thà."
Mot ngay rua mat may lan la tot nhat.,Một ngày rửa mặt mấy lần là tốt nhất.
2 nguoi Trung Quoc van chuyen trai phep qua bien gioi hon 18 ty dong.,2 người Trung Quốc vận chuyển trái phép qua biên giới hơn 18 tỷ đồng.
"Truong chuan quoc gia keu goi dong tien thue thay ""duoi vong"".","Trường chuẩn quốc gia kêu gọi đóng tiền thuê thầy ""đuổi vong""."
Viet Nam - Thi truong moi noi cho dau tu xa hoi.,Việt Nam - Thị trường mới nổi cho đầu tư xã hội.
"Gia vang van ""mac ket"" o gan muc ""day"" cua 5 nam ruoi qua.","Giá vàng vẫn ""mắc kẹt"" ở gần mức ""đáy"" của 5 năm rưỡi qua."
Vuon hong 28.7.2013.,Vườn hồng 28.7.2013.
Paris Hilton lot xac thanh... quy.,Paris Hilton lột xác thành... quỷ.
Nguoi dep cua Venezuela doat danh hieu Hoa hau Hoan Vu nam 2009.,Người đẹp của Venezuela đoạt danh hiệu Hoa hậu Hoàn Vũ năm 2009.
Gan 20 DN du ngay hoi hang Viet Nam tai Ly Son.,Gần 20 DN dự ngày hội hàng Việt Nam tại Lý Sơn.
"Chieu 23.3, vong 10 V-League 2008: Kho luong.","Chiều 23.3, vòng 10 V-League 2008: Khó lường."
Tinh hinh tren da buoc cac nha chuc trach Trung Quoc can nhac su dung nguon du tru thit lon de kiem che gia thit.,Tình hình trên đã buộc các nhà chức trách Trung Quốc cân nhắc sử dụng nguồn dự trữ thịt lợn để kiềm chế giá thịt.
Lien hoan San khau dan ca kich bai choi chuyen nghiep.,Liên hoan Sân khấu dân ca kịch bài chòi chuyên nghiệp.
Olympic 2012 dat thu 2 trong lich su.,Olympic 2012 đắt thứ 2 trong lịch sử.
Nha ngoai giao hang dau cua My cung canh bao ong Lavrov rang Nga khong nen tien hanh cac ke hoach sap nhap them cac phan lanh tho cua Ukraine.,Nhà ngoại giao hàng đầu của Mỹ cũng cảnh báo ông Lavrov rằng Nga không nên tiến hành các kế hoạch sáp nhập thêm các phần lãnh thổ của Ukraine.
Nguoi dung DTDD bi moc tui.,Người dùng ĐTDĐ bị móc túi.
Soc voi nguoi me trai nghiem tu sinh con nhu 'dong vat hoang da' tren suoi.,Sốc với người mẹ trải nghiệm tự sinh con như 'động vật hoang dã' trên suối.
"""Chung toi ky vong cac doanh nghiep Han Quoc tang cuong su lien ket, tao dieu kien cho cac doanh nghiep Viet Nam tham gia vao chuoi cung ung san xuat, gop phan dua Viet Nam som tro thanh mot trung tam trong chuoi gia tri khu vuc va toan cau"", Thu tuong phat bieu.","""Chúng tôi kỳ vọng các doanh nghiệp Hàn Quốc tăng cường sự liên kết, tạo điều kiện cho các doanh nghiệp Việt Nam tham gia vào chuỗi cung ứng sản xuất, góp phần đưa Việt Nam sớm trở thành một trung tâm trong chuỗi giá trị khu vực và toàn cầu"", Thủ tướng phát biểu."
Kiem toan Nha nuoc cong bo ke hoach kiem toan nam 2018.,Kiểm toán Nhà nước công bố kế hoạch kiểm toán năm 2018.
Totti va Gerrard xuat sac nhat the gioi (Tin van trua 20/12).,Totti và Gerrard xuất sắc nhất thế giới (Tin vắn trưa 20/12).
10 san bay kinh hoang ma ban khong muon dat chan toi.,10 sân bay kinh hoàng mà bạn không muốn đặt chân tới.
"Trong do, co vi tri chien luoc ve chinh tri, kinh te voi nhung tiem nang khac biet; la dia phuong duy nhat cua ca nuoc co ca duong bien gioi tren bo va tren bien voi Trung Quoc.","Trong đó, có vị trí chiến lược về chính trị, kinh tế với những tiềm năng khác biệt; là địa phương duy nhất của cả nước có cả đường biên giới trên bộ và trên biển với Trung Quốc."
Huong dan lam banh su kem ngon ngay Tet.,Hướng dẫn làm bánh su kem ngon ngày Tết.
TP Ho Chi Minh: Khai mac Hoi nghi Ban Chap hanh Dang bo lan thu 16.,TP Hồ Chí Minh: Khai mạc Hội nghị Ban Chấp hành Đảng bộ lần thứ 16.
Tu chi dao diem den nhan rong.,Từ chỉ đạo điểm đến nhân rộng.
VinaPhone phu nhan phan phoi sim dai phat.,VinaPhone phủ nhận phân phối sim đại phát.
SDJ dau gia 1.323.200 CP.,SDJ đấu giá 1.323.200 CP.
"VIX: CVE Invest da mua 168,500 cp.","VIX: CVE Invest đã mua 168,500 cp."
"Trai nguoc voi khong khi am dam cua Moc Chau nhung buoi toi, khong khi o ban nhon nhip, kin khach du lich.","Trái ngược với không khí ảm đạm của Mộc Châu những buổi tối, không khí ở bản nhộn nhịp, kín khách du lịch."
Trung Quoc ham phanh duong sat cao toc.,Trung Quốc hãm phanh đường sắt cao tốc.
"Truoc tran dau nay, vo si co biet danh ""Vua kungfu"" Muslim Salikhov duoc danh gia rat cao nho so huu thanh tich thi dau cuc ky an tuong voi 18 thang, 2 thua.","Trước trận đấu này, võ sĩ có biệt danh ""Vua kungfu"" Muslim Salikhov được đánh giá rất cao nhờ sở hữu thành tích thi đấu cực kỳ ấn tượng với 18 thắng, 2 thua."
Canh bao lap doanh nghiep 'ma' de truc loi.,Cảnh báo lập doanh nghiệp 'ma' để trục lợi.
Doanh nghiep Israel gioi thieu ba cong nghe dac trung.,Doanh nghiệp Israel giới thiệu ba công nghệ đặc trưng.
"Tiep tuc giu vung on dinh chinh tri, an ninh quoc phong vung Tay Nam bo.","Tiếp tục giữ vững ổn định chính trị, an ninh quốc phòng vùng Tây Nam bộ."
"Sau be boi tiec tung giua lenh phong toa vi Covid-19 o Anh, Thu tuong Johnson hom 7/7 tuyen bo tu chuc, nhung se tiep tuc la lanh dao dat nuoc toi khi tim duoc nguoi ke nhiem.","Sau bê bối tiệc tùng giữa lệnh phong tỏa vì Covid-19 ở Anh, Thủ tướng Johnson hôm 7/7 tuyên bố từ chức, nhưng sẽ tiếp tục là lãnh đạo đất nước tới khi tìm được người kế nhiệm."
Hanh trinh 1 trieu dam cua Hansjörg Eberhard von Gemmingen voi chiec Tesla Model S P85+ khong he suon se chut nao.,Hành trình 1 triệu dặm của Hansjörg Eberhard von Gemmingen với chiếc Tesla Model S P85+ không hề suôn sẻ chút nào.
"Tu 1/10, tam ngung cap phep dao duong, he.","Từ 1/10, tạm ngừng cấp phép đào đường, hè."
Cuoc chuyen doi cac DNNN: Khoang trong phap ly.,Cuộc chuyển đổi các DNNN: Khoảng trống pháp lý.
Choang voi dong ho co gia ngang ngua... 90 sieu xe Ferrari.,Choáng với đồng hồ có giá ngang ngửa... 90 siêu xe Ferrari.
"Chung ta bo ""cai xin"" di duoc khong, cu tuyet duoc khong.","Chúng ta bỏ ""cái xin"" đi được không, cự tuyệt được không."
Lo dien nguoi thay the Filipe Luis o Chelsea.,Lộ diện người thay thế Filipe Luis ở Chelsea.
Nhieu nuoc phan doi can thiep quan su vao Syria.,Nhiều nước phản đối can thiệp quân sự vào Syria.
Djokovic vat va vao vong 2 Phap mo rong.,Djokovic vất vả vào vòng 2 Pháp mở rộng.
Sao khoe qua dau nam.,Sao khoe quà đầu năm.
Truong Ngoc Anh dep at dan em.,Trương Ngọc Ánh đẹp át đàn em.
"Mang ""hang nong"" ve nha nghi... cat.","Mang ""hàng nóng"" về nhà nghỉ... cất."
Bo nhiem Giam doc Quoc gia Ngan hang The gioi tai Viet Nam.,Bổ nhiệm Giám đốc Quốc gia Ngân hàng Thế giới tại Việt Nam.
"Ho khong muon song trong co don, vi the ma rat cham chi ket ban.","Họ không muốn sống trong cô đơn, vì thế mà rất chăm chỉ kết bạn."
Saudi Arabia truc xuat 60.000 lao dong bat hop phap.,Saudi Arabia trục xuất 60.000 lao động bất hợp pháp.
"Ha Noi xac minh vu hang tram ngan can nha, dat khong so do.","Hà Nội xác minh vụ hàng trăm ngàn căn nhà, đất không sổ đỏ."
Moc An,Mộc An
Ngan hang xiet no tien chuyen khoan.,Ngân hàng xiết nợ tiền chuyển khoản.
Se co nhieu thay doi trong xu huong chon nganh.,Sẽ có nhiều thay đổi trong xu hướng chọn ngành.
Chuyen gia dan vi du tren chai Shell Helix Ultra co do nhot 0W-40.,Chuyên gia dẫn ví dụ trên chai Shell Helix Ultra có độ nhớt 0W-40.
Halle & Queen s Club ngay 6: Zverev hen gap Federer.,Halle & Queen s Club ngày 6: Zverev hẹn gặp Federer.
"Sau mot cuoc kiem tra y te nam ngoai, anh moi biet minh co nhiem sac the gioi tinh nu.","Sau một cuộc kiểm tra y tế năm ngoái, anh mới biết mình có nhiễm sắc thể giới tính nữ."
3 items ca tinh gioi tre khong the bo qua.,3 items cá tính giới trẻ không thể bỏ qua.
10 loi khuyen cho nhung ai co con kho day.,10 lời khuyên cho những ai có con khó dạy.
"Dam bao dien phuc vu ky hop thu 4, Quoc hoi khoa XIII.","Đảm bảo điện phục vụ kỳ họp thứ 4, Quốc hội khóa XIII."
Dong dao thanh thieu nien dang huong tuong nho Bac Ho.,Đông đảo thanh thiếu niên dâng hương tưởng nhớ Bác Hồ.
"Qua khai thac thong tin, nhung nguoi nay cho hay trong khu cong nghiep noi ho dang lam viec co rat nhieu truong hop xuat hien trieu chung tuong tu.","Qua khai thác thông tin, những người này cho hay trong khu công nghiệp nơi họ đang làm việc có rất nhiều trường hợp xuất hiện triệu chứng tương tự."
Tiep nhan tuong chan dung Dai tuong Nguyen Chi Thanh.,Tiếp nhận tượng chân dung Đại tướng Nguyễn Chí Thanh.
Tao nhieu loai hoa lam dep cho doi.,Tạo nhiều loài hoa làm đẹp cho đời.
U23 Han Quoc den Viet Nam khong phai de du lich.,U23 Hàn Quốc đến Việt Nam không phải để du lịch.
Quang Tri tieu huy gan 150 ngan goi thuoc la lau.,Quảng Trị tiêu hủy gần 150 ngàn gói thuốc lá lậu.
"Song Cong ty Cho khong dong y va van tiep tuc khai thac, su dung cac tai san nay.","Song Công ty Chợ không đồng ý và vẫn tiếp tục khai thác, sử dụng các tài sản này."
Ca hai the hien tinh than dong doi khi ho quyet tam lam viec cung nhau.,Cả hai thể hiện tinh thần đồng đội khi họ quyết tâm làm việc cùng nhau.
Shevchenko - Ben kia suon doc su nghiep.,Shevchenko - Bên kia sườn dốc sự nghiệp.
"Luu Duc Hoa, On Bich Ha nong bong trong phim cap 3.","Lưu Đức Hoa, Ôn Bích Hà nóng bỏng trong phim cấp 3."
"Tet yeu thuong, xuan dam am den voi hoc sinh Tieu hoc Trung Van.","Tết yêu thương, xuân đầm ấm đến với học sinh Tiểu học Trung Văn."
Mo xe su yeu kem cua khoa hoc Viet Nam.,Mổ xẻ sự yếu kém của khoa học Việt Nam.
Vang duoc cho la danh cho tang lop thuong luu cua xa hoi va duoc su dung de the hien su giau co va the hien dia vi.,Vàng được cho là dành cho tầng lớp thượng lưu của xã hội và được sử dụng để thể hiện sự giàu có và thể hiện địa vị.
"Hom nay, thong xe cau phao tren song Hong.","Hôm nay, thông xe cầu phao trên sông Hồng."
Phu nu eo thon de sinh con thong minh.,Phụ nữ eo thon dễ sinh con thông minh.
Tong thong Obama the hien cam ket voi APEC.,Tổng thống Obama thể hiện cam kết với APEC.
Tin van the gioi ngay 3-11.,Tin vắn thế giới ngày 3-11.
Xay dung niem tin trong tinh yeu.,Xây dựng niềm tin trong tình yêu.
"Ong nay dan dat Les Bleues trong 3 nam (2013-2016) va moi day da noi voi to L'Equipe, ""mot khi da huan luyen doi nu, toi khong bao gio thich quay lai dan dat doi nam nua"". Ban dau Bergeroo da rat lo lang khi tiep quan DT nu Phap.","Ông này dẫn dắt Les Bleues trong 3 năm (2013-2016) và mới đây đã nói với tờ L'Equipe, ""một khi đã huấn luyện đội nữ, tôi không bao giờ thích quay lại dẫn dắt đội nam nữa"". Ban đầu Bergeroo đã rất lo lắng khi tiếp quản ĐT nữ Pháp."
Khai truong khong gian nghe thuat Flamingo Art in the forest 2017.,Khai trương không gian nghệ thuật Flamingo Art in the forest 2017.
Sam qua trung thu cuc xinh cho be yeu..,Sắm quà trung thu cực xinh cho bé yêu..
"Moi sang, co co thoi quen uong 1 ly nuoc chanh mat ong de thai doc to, kich thich tieu hoa.","Mỗi sáng, cô có thói quen uống 1 ly nước chanh mật ong để thải độc tố, kích thích tiêu hóa."
Tinh hinh suc khoe thong qua mau sac chat thai.,Tình hình sức khỏe thông qua màu sắc chất thải.
"Theo Bo NN&PTNT, de xuat khau sau rieng sang Trung Quoc, tat ca cac vung trong va co so dong goi sau rieng cua Viet Nam phai duoc dang ky voi Bo va duoc ca Bo NN&PTNT, Tong Cuc Hai quan Trung Quoc phe duyet.","Theo Bộ NN&PTNT, để xuất khẩu sầu riêng sang Trung Quốc, tất cả các vùng trồng và cơ sở đóng gói sầu riêng của Việt Nam phải được đăng ký với Bộ và được cả Bộ NN&PTNT, Tổng Cục Hải quan Trung Quốc phê duyệt."
Gia ve xe tui tien.,Giá vé xé túi tiền.
"Tham chi ngay ca khi thoi tiet rat tot, nhieu cay xanh canh quan trong khu do thi se bi nho giot nhua, nhung thu nay khong nhung rat kho lau chui ma con gay hong son xe.","Thậm chí ngay cả khi thời tiết rất tốt, nhiều cây xanh cảnh quan trong khu đô thị sẽ bị nhỏ giọt nhựa, những thứ này không những rất khó lau chùi mà còn gây hỏng sơn xe."
BlackBerry Z3 va Z30 cung ha gia hang trieu dong.,BlackBerry Z3 và Z30 cùng hạ giá hàng triệu đồng.
"Trong cong bo moi nhat ve gia xang, Bo Cong thuong cho biet gia xang A95 nhap tu Singapore da tang manh tro lai.","Trong công bố mới nhất về giá xăng, Bộ Công thương cho biết giá xăng A95 nhập từ Singapore đã tăng mạnh trở lại."
Acer hoan ra may tinh bang chay Windows RT vi Surface.,Acer hoãn ra máy tính bảng chạy Windows RT vì Surface.
"Mot dan toc khong xac lap duoc con duong cua minh se roi vao lung tung Vua roi toi co noi chuyen rang co nhung phu huynh truoc kia hay hoi cac nha van nha tho hay viet ra mot cuon cam nang ve nhung cam bay, thoi xau trong xa hoi va cach phong tranh no de cho con chau chung toi cam cuon do de hoc buoc ra cuoc doi.","Một dân tộc không xác lập được con đường của mình sẽ rơi vào lúng túng Vừa rồi tôi có nói chuyện rằng có những phụ huynh trước kia hay hỏi các nhà văn nhà thơ hãy viết ra một cuốn cẩm nang về những cạm bẫy, thói xấu trong xã hội và cách phòng tránh nó để cho con cháu chúng tôi cầm cuốn đó để học bước ra cuộc đời."
Sinh thuong de nho rau hung que.,Sinh thường dễ nhờ rau húng quế.
Ong Luong Ngoc Phi duoc boi thuong gan 23 ty dong.,Ông Lương Ngọc Phi được bồi thường gần 23 tỷ đồng.
"Neu cung thang tran o luot dau thu 4, U19 Thai Lan va U19 Viet Nam co quyet dau o luot dau cuoi cung de tranh ngoi nhat bang.","Nếu cùng thắng trận ở lượt đấu thứ 4, U19 Thái Lan và U19 Việt Nam có quyết đấu ở lượt đấu cuối cùng để tranh ngôi nhất bảng."
Chung cu Vinaconex 21: Bao gio moi het au lo.,Chung cư Vinaconex 21: Bao giờ mới hết âu lo.
"Ba Liz Truss la nguoi ung ho Brexit, duoc bo nhiem lam truong doan dam phan cua Anh voi EU vao thang 12/2021.","Bà Liz Truss là người ủng hộ Brexit, được bổ nhiệm làm trưởng đoàn đàm phán của Anh với EU vào tháng 12/2021."
Can canh chan thuong gay tay kinh hoang cua Carles Puyol.,Cận cảnh chấn thương gãy tay kinh hoàng của Carles Puyol.
* Moi quy doc gia theo doi cac chuong trinh da phat song cua Dai Truyen hinh Viet Nam tren TV Online va VTVGo!,* Mời quý độc giả theo dõi các chương trình đã phát sóng của Đài Truyền hình Việt Nam trên TV Online và VTVGo!
"Vu 'ap giai hoc sinh o san truong': Thien ra tu, chuan bi thi tot nghiep.","Vụ 'áp giải học sinh ở sân trường': Thiện ra tù, chuẩn bị thi tốt nghiệp."
"Binh Dinh, Phu Yen: Mua lu van don dap.","Bình Định, Phú Yên: Mưa lũ vẫn dồn dập."
"Nhung loai quan ao, phu kien tuyet doi khong nen dung achung.","Những loại quần áo, phụ kiện tuyệt đối không nên dùng achung."
"""Thua cac dong chi lanh dao cac bo, nganh va lanh dao tinh Ha Nam!","""Thưa các đồng chí lãnh đạo các bộ, ngành và lãnh đạo tỉnh Hà Nam!"
"Sao Liverpool het loi ca ngoi va ""biet on"" Klopp.","Sao Liverpool hết lời ca ngợi và ""biết ơn"" Klopp."
Hai quan Can Tho thu ngan sach dat kha.,Hải quan Cần Thơ thu ngân sách đạt khá.
"Truy na ke song lang thang, hiep dam tre em.","Truy nã kẻ sống lang thang, hiếp dâm trẻ em."
'Bo canh' moi cho cac dau si Street Fighter IV.,'Bộ cánh' mới cho các đấu sĩ Street Fighter IV.
Chelsea ra toi hau thu cho Frank Lampard.,Chelsea ra tối hậu thư cho Frank Lampard.
Xuan Truong bo lo tran dau voi cac Ngoi sao K-League.,Xuân Trường bỏ lỡ trận đấu với các Ngôi sao K-League.
"Ban do chung khoan chau A: Sac xanh, do dan xen.","Bản đồ chứng khoán châu Á: Sắc xanh, đỏ đan xen."
"Nhan tien giai quyet vu viec, mot thu ky toa bi ky luat.","Nhận tiền giải quyết vụ việc, một thư ký tòa bị kỷ luật."
Chuyen ho so vu quay o toa sang co quan dieu tra.,Chuyển hồ sơ vụ quậy ở tòa sang cơ quan điều tra.
Jennifer Pham chia se bi quyet lam dep.,Jennifer Phạm chia sẻ bí quyết làm đẹp.
Nen tang van hoa dan toc va van nghe si tre.,Nền tảng văn hóa dân tộc và văn nghệ sĩ trẻ.
Chua Linh Ung Non Nuoc noi rieng hay danh thang Ngu Hanh Son noi chung deu la diem den tam linh noi tieng ma bat ki ai cung muon mot lan duoc dat chan den.,Chùa Linh Ứng Non Nước nói riêng hay danh thắng Ngũ Hành Sơn nói chung đều là điểm đến tâm linh nổi tiếng mà bất kì ai cũng muốn một lần được đặt chân đến.
Dao duc hoc duong: Minh nganh Giao duc khong the lam xue.,Đạo đức học đường: Mình ngành Giáo dục không thể làm xuể.
Dang sau viec huy bo show dien cua Che Linh.,Đằng sau việc hủy bỏ show diễn của Chế Linh.
Taylor Swift va ban trai DJ bat ngo chia tay.,Taylor Swift và bạn trai DJ bất ngờ chia tay.
"Cap doi ""Dua em di khap the gian"" tiep tuc lam dan mang chao dao.","Cặp đôi ""Đưa em đi khắp thế gian"" tiếp tục làm dân mạng chao đảo."
Ban tin tai chinh kinh doanh VTV1 trua ngay 23/5/2012.,Bản tin tài chính kinh doanh VTV1 trưa ngày 23/5/2012.
"""Ve bien phap khac phuc, chinh quyen dia phuong chua dam bao lau dai de nghi don vi thi cong  nghien cuu dua ra giai phap cong trinh dam bao su dung lau dai""- ong Dang Truong Hoai Linh, Pho Chu tich UBND xa  Chanh An, huyen Mang Thit kien nghi./.","""Về biện pháp khắc phục, chính quyền địa phương chưa đảm bảo lâu dài đề nghị đơn vị thi công  nghiên cứu đưa ra giải pháp công trình đảm bảo sử dụng lâu dài""- ông Đặng Trương Hoài Linh, Phó Chủ tịch UBND xã  Chánh An, huyện Mang Thít kiến nghị./."
CHINH THUC: Dai gia Monaco da co tan binh thu 5.,CHÍNH THỨC: Đại gia Monaco đã có tân binh thứ 5.
"""Tuoi noi loan 2"" tung trailer he lo canh nong.","""Tuổi nổi loạn 2"" tung trailer hé lộ cảnh nóng."
My - Nhat tap tran day cang thang gia tang tai Dong Bac A.,Mỹ - Nhật tập trận đẩy căng thẳng gia tăng tại Đông Bắc Á.
Ho sut Meo Vac tuy khong phai diem den o Ha Giang qua noi tieng nhung lai so huu canh dep cuc ky an tuong.,Hố sụt Mèo Vạc tuy không phải điểm đến ở Hà Giang quá nổi tiếng nhưng lại sở hữu cảnh đẹp cực kỳ ấn tượng.
Ngoi sao nhi ngay ay & bay gio - Ky 3: Xuan Nghi hoc nhac rock o My.,Ngôi sao nhí ngày ấy & bây giờ - Kỳ 3: Xuân Nghi học nhạc rock ở Mỹ.
"Bat khan cap ""co"" tran lot khach tren ""xe tu"" giua Ha Noi.","Bắt khẩn cấp ""cò"" trấn lột khách trên ""xe tù"" giữa Hà Nội."
Trung Quoc nam giu hon 900 ty USD cong trai My.,Trung Quốc nắm giữ hơn 900 tỷ USD công trái Mỹ.
"Mua lon, nhieu tuyen duong o noi thanh Da Nang bi ngap.","Mưa lớn, nhiều tuyến đường ở nội thành Đà Nẵng bị ngập."
"Nhu Kristen Stewart, co chon blazer tu Chanel va phanh ra, de lap lo bo nguc truoc ong kinh cua cac nhiep anh gia.","Như Kristen Stewart, cô chọn blazer từ Chanel và phanh ra, để lấp ló bộ ngực trước ống kính của các nhiếp ảnh gia."
"Van Mai Huong bat ngo xuat hien o phan hai tiet muc, hat ca khuc theo phong cach swing.","Văn Mai Hương bất ngờ xuất hiện ở phần hai tiết mục, hát ca khúc theo phong cách swing."
Cu ong 110 tuoi lan thu 6 lam chu re.,Cụ ông 110 tuổi lần thứ 6 làm chú rể.
"Chi can thay ngon mieng thi toi se an"". Mac du vay, Phelps chi co 8% ty le mo trong co the.","Chỉ cần thấy ngon miệng thì tôi sẽ ăn"". Mặc dù vậy, Phelps chỉ có 8% tỷ lệ mỡ trong cơ thể."
Dai S vuong nghi van co bau lan 2.,Đại S vướng nghi vấn có bầu lần 2.
"Nang nong nghiem trong tai nhieu nuoc chau Au
Nhieu nuoc chau Au phai doi mat voi dot nang nong nghiem trong trong 2 ngay cuoi tuan qua khi nhiet do tai Biarritz (Phap) len toi gan 43 do C, trong khi chay rung hoanh hanh tai Tay Ban Nha va tinh trang kho han, thieu nuoc o Italy dang khien mua mang that bat.","Nắng nóng nghiêm trọng tại nhiều nước châu Âu
Nhiều nước châu Âu phải đối mặt với đợt nắng nóng nghiêm trọng trong 2 ngày cuối tuần qua khi nhiệt độ tại Biarritz (Pháp) lên tới gần 43 độ C, trong khi cháy rừng hoành hành tại Tây Ban Nha và tình trạng khô hạn, thiếu nước ở Italy đang khiến mùa màng thất bát."
"Truoc do, cac nha khoa hoc cho rang kich co toi da cua vi khuan se o muc nho hon 100 lan so voi Thiomargarita magnifica.","Trước đó, các nhà khoa học cho rằng kích cỡ tối đa của vi khuẩn sẽ ở mức nhỏ hơn 100 lần so với Thiomargarita magnifica."
Video the thao: Xem va cuoi vo bung.,Video thể thao: Xem và cười vỡ bụng.
Ro ri hinh anh va thong so ki thuat cua HTC One Mini mau den.,Rò rỉ hình ảnh và thông số kĩ thuật của HTC One Mini màu đen.
"Trong do co 3 dong san pham chinh la mu cao su voi gia tri la 3,3 ty USD; san pham cong nghiep cao su la 3,7 ty USD; go cao su va cac mat hang go cao su la 2,5 ty USD.","Trong đó có 3 dòng sản phẩm chính là mủ cao su với giá trị là 3,3 tỷ USD; sản phẩm công nghiệp cao su là 3,7 tỷ USD; gỗ cao su và các mặt hàng gỗ cao su là 2,5 tỷ USD."
"Bi FA ""so gay"", HLV Mourinho len tieng giai thich.","Bị FA ""sờ gáy"", HLV Mourinho lên tiếng giải thích."
Dan Quang Ninh ra dao Tran sinh song.,Dân Quảng Ninh ra đảo Trần sinh sống.
Phuong Mai vao chung ket HH The gioi nguoi Viet.,Phương Mai vào chung kết HH Thế giới người Việt.
Canali thuc hien dich vu may do cho khach hang Viet.,Canali thực hiện dịch vụ may đo cho khách hàng Việt.
My khong can thiep quan su vao Ukraine.,Mỹ không can thiệp quân sự vào Ukraine.
Gia dau tang nhe tren thi truong chau A trong phien chieu 27/10.,Giá dầu tăng nhẹ trên thị trường châu Á trong phiên chiều 27/10.
LDLD tinh Quang Nam: Nhan phung duong 911 Me Viet Nam anh hung.,LĐLĐ tỉnh Quảng Nam: Nhận phụng dưỡng 911 Mẹ Việt Nam anh hùng.
Dinh Ngoc Diep: Toi rat dang tri va hau dau.,Đinh Ngọc Diệp: Tôi rất đãng trí và hậu đậu.
"Voi cuong vi lanh dao, dai tuong da chi dao khac phuc nhung yeu kem cua phong trao do thi duoc Hoi nghi Binh Gia V vach ra va chuan bi moi tinh huong de dua phong trao do thi phat trien thanh cao trao cach mang quyet liet, rong lon.","Với cương vị lãnh đạo, đại tướng đã chỉ đạo khắc phục những yếu kém của phong trào đô thị được Hội nghị Bình Giã V vạch ra và chuẩn bị mọi tình huống để đưa phong trào đô thị phát triển thành cao trào cách mạng quyết liệt, rộng lớn."
"HOT: Khong can Pep, Heynckes goi cho Cruyff.","HOT: Không cần Pep, Heynckes gọi cho Cruyff."
Tuyen Quang co hai Pho chu tich UBND moi.,Tuyên Quang có hai Phó chủ tịch UBND mới.
Ca hai nguoi phu nu vo cung than thiet va da danh nhieu thoi gian ben nhau de ho tro cho chong ho tham gia cac tran thi dau polo nhung ngay qua.,Cả hai người phụ nữ vô cùng thân thiết và đã dành nhiều thời gian bên nhau để hỗ trợ cho chồng họ tham gia các trận thi đấu polo những ngày qua.
"Dia oc 24h: Chu dau tu xay dung sai phep, cu dan bi ep phai di doi.","Địa ốc 24h: Chủ đầu tư xây dựng sai phép, cư dân bị ép phải di dời."
Am tinh nguoi Viet voi ban tre Dong Nam A va Nhat Ban.,Ấm tình người Việt với bạn trẻ Đông Nam Á và Nhật Bản.
"Anh ban lai can biet thu gan mot thap ky sau do voi gia 38 trieu USD, thap hon gia niem yet ban dau la 50 trieu USD, thi bat dong san cu cua anh van la mot trong nhung ngoi sao Hollywood tim den nhieu nhat.","Anh bán lại căn biệt thự gần một thập kỷ sau đó với giá 38 triệu USD, thấp hơn giá niêm yết ban đầu là 50 triệu USD, thì bất động sản cũ của anh vẫn là một trong những ngôi sao Hollywood tìm đến nhiều nhất."
Cuu Thu tuong Pakistan bi cam giu cac chuc vu Nha nuoc.,Cựu Thủ tướng Pakistan bị cấm giữ các chức vụ Nhà nước.
Tran Thanh thu suc dan ca Hue.,Trấn Thành thử sức dân ca Huế.
Gia mia nguyen lieu dang giam manh.,Giá mía nguyên liệu đang giảm mạnh.
"Nam 2015, chinh quyen Bac Kinh dua ra ke hoach giup bong da tro thanh mon the thao pho bien tai Trung Quoc.","Năm 2015, chính quyền Bắc Kinh đưa ra kế hoạch giúp bóng đá trở thành môn thể thao phổ biến tại Trung Quốc."
Honda cung se trang bi cho xe mot bo chia gio bang soi carbon gia tuong tu mau FK8.,Honda cũng sẽ trang bị cho xe một bộ chia gió bằng sợi carbon giả tương tự mẫu FK8.
"""Khi beo, moi nguoi khong thuong xuyen nhin ban hai lan.","""Khi béo, mọi người không thường xuyên nhìn bạn hai lần."
Afghanistan tieu diet 104 ten khung bo/ngay.,Afghanistan tiêu diệt 104 tên khủng bố/ngày.
"Theo do, giai doan 2021- 2030, xay dung them 1 nha ga hanh khach, khu hang khong dan dung va mo rong san do may bay de dat cong suat 7 trieu hanh khach/nam.","Theo đó, giai đoạn 2021- 2030, xây dựng thêm 1 nhà ga hành khách, khu hàng không dân dụng và mở rộng sân đỗ máy bay để đạt công suất 7 triệu hành khách/năm."
“Ho co nguoi lanh dao ngan hang rat gioi.,“Họ có người lãnh đạo ngân hàng rất giỏi.
Su that bat ngo nhac si Nguyen Van Ty bi bo roi.,Sự thật bất ngờ nhạc sĩ Nguyễn Văn Tý bị bỏ rơi.
Vi sao mung 1 thang 7 am la ngay cua dia nguc phong thich?.,Vì sao mùng 1 tháng 7 âm là ngày cửa địa ngục phóng thích?.
Melilla - tran tuyen chong IS moi cua Chau Au.,Melilla - trận tuyến chống IS mới của Châu Âu.
"Lai xe dam canh sat, keo le hang chuc met vi bi ... ghi ve phat.","Lái xe đâm cảnh sát, kéo lê hàng chục mét vì bị ... ghi vé phạt."
Dau ra cho nong san: Bo Cong Thuong chi co giai phap tinh than?.,Đầu ra cho nông sản: Bộ Công Thương chỉ có giải pháp tinh thần?.
Khong doi duoc xe may SH cho muon nen sat hai ban.,Không đòi được xe máy SH cho mượn nên sát hại bạn.
"Cu the, thanh nien Agribank se xung kich, sang tao, gop phan xay dung don vi phat trien vung manh, kien dinh muc tieu phat trien ""tam nong"", giu vung vi tri chu luc tren thi truong tai chinh nong nghiep, nong thon.","Cụ thể, thanh niên Agribank sẽ xung kích, sáng tạo, góp phần xây dựng đơn vị phát triển vững mạnh, kiên định mục tiêu phát triển ""tam nông"", giữ vững vị trí chủ lực trên thị trường tài chính nông nghiệp, nông thôn."
4 nha dau tu tham gia dau thau du an PPP.,4 nhà đầu tư tham gia đấu thầu dự án PPP.
Ha Noi: Phat hien kho hang chua hang tram cong to dien gia.,Hà Nội: Phát hiện kho hàng chứa hàng trăm công tơ điện giả.
"Tu 27/7, khu vuc nay tang mua.","Từ 27/7, khu vực này tăng mưa."
Hoa hau Jennifer Huynh tu tay trao qua Tet cho nguoi dan ngheo tinh Ben Tre.,Hoa hậu Jennifer Huỳnh tự tay trao quà Tết cho người dân nghèo tỉnh Bến Tre.
Nhieu NTK noi tieng quy tu tai Tuan le thoi trang quoc te.,Nhiều NTK nổi tiếng quy tụ tại Tuần lễ thời trang quốc tế.
"Cu the, muc luong toi thieu Vung I tang tu 4,42 trieu dong/thang len 4,68 trieu dong/thang; Vung II tang tu 3,92 trieu dong/thang len 4,16 trieu dong/thang; Vung III tang tu 3,43 trieu dong/thang len 3,64 trieu dong/thang; Vung IV tang tu 3,07 trieu dong/thang len 3,25 trieu dong/thang.","Cụ thể, mức lương tối thiểu Vùng I tăng từ 4,42 triệu đồng/tháng lên 4,68 triệu đồng/tháng; Vùng II tăng từ 3,92 triệu đồng/tháng lên 4,16 triệu đồng/tháng; Vùng III tăng từ 3,43 triệu đồng/tháng lên 3,64 triệu đồng/tháng; Vùng IV tăng từ 3,07 triệu đồng/tháng lên 3,25 triệu đồng/tháng."
Vu tai nan laptop hi huu cua Zac Efron.,Vụ tai nạn laptop hi hữu của Zac Efron.
"Thong qua bai dang, cu dan mang tinh y cho rang, nam tai tu 35 tuoi dang gian tiep phan hoi ve nhung thong tin tieu cuc lien quan den minh.","Thông qua bài đăng, cư dân mạng tinh ý cho rằng, nam tài tử 35 tuổi đang gián tiếp phản hồi về những thông tin tiêu cực liên quan đến mình."
Hoi ve dieu kien kinh doanh o to nhap khau.,Hỏi về điều kiện kinh doanh ô tô nhập khẩu.
Ngay tinh nhan cua linh.,Ngày tình nhân của lính.
"MEDLATEC thanh toan bao hiem y te ca ngay nghi, ngay le.","MEDLATEC thanh toán bảo hiểm y tế cả ngày nghỉ, ngày lễ."
6.,6.
Apple va Microsoft dang canh tranh the nao khi khong ban duoc may tinh?.,Apple và Microsoft đang cạnh tranh thế nào khi không bán được máy tính?.
Anh Mai Thuc Lan voi bao chi va van hoa - nghe thuat.,Anh Mai Thúc Lân với báo chí và văn hóa - nghệ thuật.
Hai vo chong nguy kich.,Hai vợ chồng nguy kịch.
Nhung 'sieu pham' chat luong cao o giai J-league.,Những 'siêu phẩm' chất lượng cao ở giải J-league.
"Bao ve tinh mang, suc khoe nguoi lao dong.","Bảo vệ tính mạng, sức khỏe người lao động."
Vi sao doi thoai TS. Alan Phan va CLB BDS Ha Noi khong thanh?.,Vì sao đối thoại TS. Alan Phan và CLB BĐS Hà Nội không thành?.
"Chay vua phe lieu, khu dan cu nao loan.","Cháy vựa phế liệu, khu dân cư náo loạn."
AFD duy tri cam ket ho tro phat trien tai Viet Nam.,AFD duy trì cam kết hỗ trợ phát triển tại Việt Nam.
Deloitte Viet Nam: Chien luoc hanh dong moi.,Deloitte Việt Nam: Chiến lược hành động mới.
Tuyet chieu bat thop anh chang dang noi doi ban.,Tuyệt chiêu bắt thóp anh chàng đang nói dối bạn.
Phai tra tro cap thoi viec.,Phải trả trợ cấp thôi việc.
Canh sat Phap 'oan' minh chong choi rung nguoi bao loan.,Cảnh sát Pháp 'oằn' mình chống chọi rừng người bạo loạn.
Clip: Nhung man hat live it biet cua Bui Anh Tuan.,Clip: Những màn hát live ít biết của Bùi Anh Tuấn.
Nguoi K ho duoc dung nuoc sach.,Người K ho được dùng nước sạch.
"Giet chong ""ho"" chi bang mot nhat dao.","Giết chồng ""hờ"" chỉ bằng một nhát dao."
Bao Tram Idol quyet khong lam tho hat.,Bảo Trâm Idol quyết không làm thợ hát.
"""Moi hoat dong o Bien Dong phai tuan thu luat phap quoc te"".","""Mọi hoạt động ở Biển Đông phải tuân thủ luật pháp quốc tế""."
Chu nha tre lua dao 13 ty dong bang chieu ban sua gia re.,Chủ nhà trẻ lừa đảo 13 tỷ đồng bằng chiêu bán sữa giá rẻ.
"De giai thich co che cac bien chung phu nay tan cong cac cong dong da duoc tiem chung, tham chi tung bi Omicron BA.1 va BA.2 quet qua, ho da danh gia hieu gia (phan anh nong do) khang the trung hoa, o nhung nguoi duoc tiem chung du 2 mui vac-xin ngua Covid-19 lan nguoi tung la ""cuu F0"" Omicron BA.1 va BA.2.","Để giải thích cơ chế các biến chủng phụ này tấn công các cộng đồng đã được tiêm chủng, thậm chí từng bị Omicron BA.1 và BA.2 quét qua, họ đã đánh giá hiệu giá (phản ánh nồng độ) kháng thể trung hòa, ở những người được tiêm chủng đủ 2 mũi vắc-xin ngừa Covid-19 lần người từng là ""cựu F0"" Omicron BA.1 và BA.2."
"Xe so huu kich thuoc dai x rong x cao lan luot la 4.969 x 1.908 x 1.422 (mm), chieu dai truc co so dat 2.930 mm.","Xe sở hữu kích thước dài x rộng x cao lần lượt là 4.969 x 1.908 x 1.422 (mm), chiều dài trục cơ sở đạt 2.930 mm."
Bi bat khi dang chung tien ca do bong da tai nha.,Bị bắt khi đang chung tiền cá độ bóng đá tại nhà.
Khai mac phien hop thu 2 Uy ban Thuong vu Quoc hoi khoa XIV.,Khai mạc phiên họp thứ 2 Ủy ban Thường vụ Quốc hội khóa XIV.
"Khao sat va ho tro nhan dan vung lu Yen Bai, Son La.","Khảo sát và hỗ trợ nhân dân vùng lũ Yên Bái, Sơn La."
Nga va Hy Lap san sang hoa giai xung dot o Libya.,Nga và Hy Lạp sẵn sàng hòa giải xung đột ở Libya.
"Day la mot dieu cuc ky New York: nhung con nguoi lap di lap lai nhung dieu thuong nhat moi ngay"". Duoi day la mot so hinh anh ""nguoi di lam sang som"" an tuong nhat trong bo anh cua Peter Funch: ""Rat nhieu nguoi khong thay doi theo thoi gian.","Đây là một điều cực kỳ New York: những con người lặp đi lặp lại những điều thường nhật mỗi ngày"". Dưới đây là một số hình ảnh ""người đi làm sáng sớm"" ấn tượng nhất trong bộ ảnh của Peter Funch: ""Rất nhiều người không thay đổi theo thời gian."
"Ngam ""hau phuong"" vung chac cua Sanchez.","Ngắm ""hậu phương"" vững chắc của Sanchez."
Tam trang khong doi tuoi.,Tắm trắng không đợi tuổi.
Hu via vi can cau vuong gam cau Tan Thuan 1.,Hú vía vì cần cẩu vướng gầm cầu Tân Thuận 1.
UEFA canh bao Chelsea va Man City.,UEFA cảnh báo Chelsea và Man City.
Hon chien trong quan karaoke vi gheo gai.,Hỗn chiến trong quán karaoke vì ghẹo gái.
"Khi chay cung mot tac vu, chip ARM thuong ton it dien nang hon chip Intel.","Khi chạy cùng một tác vụ, chip ARM thường tốn ít điện năng hơn chip Intel."
"Cac dia phuong ghi nhan so nhiem tich luy cao trong dot dich nay: Ha Noi (1.603.518), TP.","Các địa phương ghi nhận số nhiễm tích lũy cao trong đợt dịch này: Hà Nội (1.603.518), TP."
"Viet Nam to chuc Tuan van hoa, du lich va am thuc tai Nam Phi.","Việt Nam tổ chức Tuần văn hóa, du lịch và ẩm thực tại Nam Phi."
"Lay chong gan tuong suong, nao ngo toi ruoc kho cho ca bo me.","Lấy chồng gần tưởng sướng, nào ngờ tôi rước khổ cho cả bố mẹ."
Uyen Thao dang cap du su kien cung Hoang Gia Campuchia.,Uyên Thảo đẳng cấp dự sự kiện cùng Hoàng Gia Campuchia.
TIN SANG (5.10): He lo 'tu huyet' cua Campuchia truoc them tran gap Viet Nam.,TIN SÁNG (5.10): Hé lộ 'tử huyệt' của Campuchia trước thềm trận gặp Việt Nam.
Day manh tuyen truyen chinh sach BHXH toi nguoi dan.,Đẩy mạnh tuyên truyền chính sách BHXH tới người dân.
"MSI gioi thieu loat laptop gaming ""VR Ready"" voi GPU NVIDIA the he moi nhat.","MSI giới thiếu loạt laptop gaming ""VR Ready"" với GPU NVIDIA thế hệ mới nhất."
De tro thanh quoc gia manh ve CNTT - Uu tien phat trien nguon nhan luc.,Để trở thành quốc gia mạnh về CNTT - Ưu tiên phát triển nguồn nhân lực.
Phi Hong,Phi Hồng
"Voi Ancelotti, Real se tre hoa va noi hoa.","Với Ancelotti, Real sẽ trẻ hóa và nội hóa."
Khanh My ngay tho voi vay bong cong chua.,Khánh My ngây thơ với váy bồng công chúa.
Ngo Diec Pham bi bat giam tu cuoi thang 7/2021.,Ngô Diệc Phàm bị bắt giam từ cuối tháng 7/2021.
"Tong hop lai, 92% so ca toan cau la do bien chung Omicron, 0,01% la do Delta, trong khi phan con lai dang duoc xac dinh them, co the la Omicron, Delta hoac cac dang tai to hop khac.","Tổng hợp lại, 92% số ca toàn cầu là do biến chủng Omicron, 0,01% là do Delta, trong khi phần còn lại đang được xác định thêm, có thể là Omicron, Delta hoặc các dạng tái tổ hợp khác."
Bui ngui nen huong vieng GS Tran Van Giau.,Bùi ngùi nén hương viếng GS Trần Văn Giàu.
Sulli f(x) lo bang chung hen ho cung dan anh lon tuoi.,Sulli f(x) lộ bằng chứng hẹn hò cùng đàn anh lớn tuổi.
"Clip bit mat, giat trang suc thieu nu dang di xe may.","Clip bịt mặt, giật trang sức thiếu nữ đang đi xe máy."
Tim to cao chuyen cong ty Thien Thi choi xau.,Tim tố cáo chuyện công ty Thiên Thi chơi xấu.
Nhung canh khien fan bat cuoi vi 'do' trong phim Hoa ngu.,Những cảnh khiến fan bật cười vì 'dở' trong phim Hoa ngữ.
Cac nha van duoc uu ai.,Các nhà văn được ưu ái.
"Voi mong muon ho tro cac nghiep vu xu ly toi uu hon cho phong ke toan, Rang Dong tich cuc tham khao va tim kiem cac giai phap cong nghe de ung dung nham giam thoi gian, cong suc can co dan den giam chi phi hoat dong de thuc hien cac quy trinh xu ly hoa don; giam thieu cac quy trinh thu cong va de sai sot; cai thien trai nghiem cua khach hang; dac biet, khong anh huong hoac xam lan vao he thong thong tin hien tai cua cong ty.","Với mong muốn hỗ trợ các nghiệp vụ xử lý tối ưu hơn cho phòng kế toán, Rạng Đông tích cực tham khảo và tìm kiếm các giải pháp công nghệ để ứng dụng nhằm giảm thời gian, công sức cần có dẫn đến giảm chi phí hoạt động để thực hiện các quy trình xử lý hóa đơn; giảm thiểu các quy trình thủ công và dễ sai sót; cải thiện trải nghiệm của khách hàng; đặc biệt, không ảnh hưởng hoặc xâm lấn vào hệ thống thông tin hiện tại của công ty."
The Pink Panther 2- Diep vu bao hong 2.,The Pink Panther 2- Điệp vụ báo hồng 2.
Hot girl dep la trong trang phuc truyen thong Han Quoc.,Hot girl đẹp lạ trong trang phục truyền thống Hàn Quốc.
Lo anh Cameron Diaz hon tham thiet tinh tre.,Lộ ảnh Cameron Diaz hôn thắm thiết tình trẻ.
"Khi nghe chung toi giai thich ""lam cho ong cau"" thi nguoi nay quat mat len, yeu cau phai chinh chu ""vi con phai mang theo CMND, lan tay, chup anh"". Nhung nguoi ma chung toi gap ""muon lam CCCD le le"" ma khong phai xep hang cho boc so, khi hoi nguoi mac do dan phong trong xe o cong tru so thi nguoi nay deu tra loi: ""Lam nhanh thi ra ngoai hoi"" va chi tay ve cho nguoi phu nu lam bien so o phia truoc ma chung toi da phan anh... 500.000 dong la qua duoc thu tuc cho doi Gan 9 gio ngay 17-4-2021, chung toi den lam CCCD, gap nguoi phu nu tren o truoc tru so cong an.","Khi nghe chúng tôi giải thích ""làm cho ông cậu"" thì người này quắt mắt lên, yêu cầu phải chính chủ ""vì còn phải mang theo CMND, lăn tay, chụp ảnh"". Những người mà chúng tôi gặp ""muốn làm CCCD lẹ lẹ"" mà không phải xếp hàng chờ bốc số, khi hỏi người mặc đồ dân phòng trông xe ở cổng trụ sở thì người này đều trả lời: ""Làm nhanh thì ra ngoài hỏi"" và chỉ tay về chỗ người phụ nữ làm biển số ở phía trước mà chúng tôi đã phản ánh... 500.000 đồng là qua được thủ tục chờ đợi Gần 9 giờ ngày 17-4-2021, chúng tôi đến làm CCCD, gặp người phụ nữ trên ở trước trụ sở công an."
Khoi to chu hieu vang tron no nhieu ty dong.,Khởi tố chủ hiệu vàng trốn nợ nhiều tỷ đồng.
"Truoc do, ngay 17.6 thong qua Facebook, chi Suong nhan duoc tin nhan cua tai khoan ""Lu Li Anh"" noi co nhu cau mua sau rieng.","Trước đó, ngày 17.6 thông qua Facebook, chị Sương nhận được tin nhắn của tài khoản ""Lu Li Ánh"" nói có nhu cầu mua sầu riêng."
Dat tui nhung diem den doc dao 'chat phat ngat' cho ngay Le Ta on nam nay.,Dắt túi những điểm đến độc đáo 'chất phát ngất' cho ngày Lễ Tạ ơn năm nay.
"Chuyen tham cung danh dau viec thanh lap Trung tam Viet Nam - Australia (VAC). Duoc dat tai Hoc vien Chinh tri quoc gia Ho Chi Minh, VAC se tao dieu kien va thuc day viec chia se tri thuc giua cac the he lanh dao tiep theo cua Australia va Viet Nam, dong thoi the hien su tin cay lon vao moi quan he giua hai nuoc.","Chuyến thăm cũng đánh dấu việc thành lập Trung tâm Việt Nam - Australia (VAC). Được đặt tại Học viện Chính trị quốc gia Hồ Chí Minh, VAC sẽ tạo điều kiện và thúc đẩy việc chia sẻ tri thức giữa các thế hệ lãnh đạo tiếp theo của Australia và Việt Nam, đồng thời thể hiện sự tin cậy lớn vào mối quan hệ giữa hai nước."
"Ban choi voi duoi ho, nem da cho chet han: Di tu cung khong hoi han.","Bạn chới với dưới hồ, ném đá cho chết hẳn: Đi tù cũng không hối hận."
Pham Bang Bang xinh dep khong ti vet.,Phạm Băng Băng xinh đẹp không tì vết.
Mang 600 kg tien xu di mua nha.,Mang 600 kg tiền xu đi mua nhà.
Tim thay thi the hai nan nhan vu sap cau Vom o Tuyen Quang.,Tìm thấy thi thể hai nạn nhân vụ sập cầu Vòm ở Tuyên Quang.
De xuat cap phep diem trong giu xe tam thoi tai tuyen pho cam trong giu phuong tien.,Đề xuất cấp phép điểm trông giữ xe tạm thời tại tuyến phố cấm trông giữ phương tiện.
ACB tai tro 7 ty dong xay dung truong THCS My Luong.,ACB tài trợ 7 tỷ đồng xây dựng trường THCS Mỹ Lương.
Da Nang bat tay Quang Ngai phat trien cong nghiep CNTT.,Đà Nẵng bắt tay Quảng Ngãi phát triển công nghiệp CNTT.
"Honda Revo 110 ra mat, gia 22,9 trieu.","Honda Revo 110 ra mắt, giá 22,9 triệu."
Thanh nien tu tin hoi nhap.,Thanh niên tự tin hội nhập.
Hon 99% ho dan duoc dieu tra.,Hơn 99% hộ dân được điều tra.
Pho Thu tuong Hoang Trung Hai chi dao cac bien phap thao go kho khan cho cong tac XDCB giao thong.,Phó Thủ tướng Hoàng Trung Hải chỉ đạo các biện pháp tháo gỡ khó khăn cho công tác XDCB giao thông.
Da Nang cai thien moi truong dau tu de thu hut FDI.,Đà Nẵng cải thiện môi trường đầu tư để thu hút FDI.
Ngay hoi Phap luat toan dan.,Ngày hội Pháp luật toàn dân.
'Vua ao den' Howard Webb bat ngo treo coi giai nghe.,'Vua áo đen' Howard Webb bất ngờ treo còi giải nghệ.
Hotgirl Kelly 'lot xac' voi noi y.,Hotgirl Kelly 'lột xác' với nội y.
Pho Thu tuong Nguyen Sinh Hung dang huong tai Den Hung.,Phó Thủ tướng Nguyễn Sinh Hùng dâng hương tại Đền Hùng.
Nguoi giu lua dieu mua Thai o Son La.,Người giữ lửa điệu múa Thái ở Sơn La.
"Di truoc, don dau B-52.","Đi trước, đón đầu B-52."
"Co hoi du lich Thai Lan, Singapore khi dung BankPlus.","Cơ hội du lịch Thái Lan, Singapore khi dùng BankPlus."
Pha an va trang tron nhat trong lich su.,Pha ăn vạ trắng trợn nhất trong lịch sử.
Hay danh thoi gian o mot noi xinh dep va yen binh ma ban vua tim thay.,Hãy dành thời gian ở một nơi xinh đẹp và yên bình mà bạn vừa tìm thấy.
"Giang vien lam luat su: Lo 'chan trong, chan ngoai'.","Giảng viên làm luật sư: Lo 'chân trong, chân ngoài'."
"Cuu thu tuong Abe, 67 tuoi, bi ban luc 11h30 hom nay khi phat bieu o thanh pho Nara, tinh Nara, mien tay Nhat Ban.","Cựu thủ tướng Abe, 67 tuổi, bị bắn lúc 11h30 hôm nay khi phát biểu ở thành phố Nara, tỉnh Nara, miền tây Nhật Bản."
"Nam 2022 duoc xem la nam thanh cong doi voi nhieu nong dan trong tieu o Hien Thanh boi khong chi tieu co san luong cao, gia thu mua tot hon so voi moi nam ma ho con ban duoc so luong lon tieu giong cho nguoi trong tieu o cac tinh khu vuc Tay Nguyen nhu: Kon Tum, Gia Lai, Dak Lak.","Năm 2022 được xem là năm thành công đối với nhiều nông dân trồng tiêu ở Hiền Thành bởi không chỉ tiêu có sản lượng cao, giá thu mua tốt hơn so với mọi năm mà họ còn bán được số lượng lớn tiêu giống cho người trồng tiêu ở các tỉnh khu vực Tây Nguyên như: Kon Tum, Gia Lai, Đắk Lắk."
TP. Ho Chi Minh se ban phao hoa dip mung Quoc khanh 2/9.,TP. Hồ Chí Minh sẽ bắn pháo hoa dịp mừng Quốc khánh 2/9.
Beckham da cap voi co dao boc lua.,Beckham đá cặp với cô đào bốc lửa.
Tiffany (SNSD) hat nhep lo lieu tren song truyen hinh.,Tiffany (SNSD) hát nhép lộ liễu trên sóng truyền hình.
Triet pha duong day ban le ma tuy.,Triệt phá đường dây bán lẻ ma túy.
"Vi sao dan ba me trang diem, dan ong thich noi doi?.","Vì sao đàn bà mê trang điểm, đàn ông thích nói dối?."
Cong nghiep vu tru Nga tim lai hao quang xua.,Công nghiệp vũ trụ Nga tìm lại hào quang xưa.
"""Toi se vo cung buon neu moi nguoi khong muon xem toi nua.","""Tôi sẽ vô cùng buồn nếu mọi người không muốn xem tôi nữa."
Bat dong san 24h: Rui nhieu hon may khi mua lai nha tai dinh cu.,Bất động sản 24h: Rủi nhiều hơn may khi mua lại nhà tái định cư.
"Chris Pratt da dap tat tin don sau khi chia se tren podcast ""Happy Sad Confused"". ""Toi tham chi khong biet Steven Spielberg la ai?"", Chris Pratt cham biem.","Chris Pratt đã dập tắt tin đồn sau khi chia sẻ trên podcast ""Happy Sad Confused"". ""Tôi thậm chí không biết Steven Spielberg là ai?"", Chris Pratt châm biếm."
Infiniti tung anh nong crossover co nho QX30 Concept hoan toan moi.,Infiniti tung ảnh nóng crossover cỡ nhỏ QX30 Concept hoàn toàn mới.
Y an tu hinh ten cam dau bang trom cho ban sung dien lam chet 3 nguoi.,Y án tử hình tên cầm đầu băng trộm chó bắn súng điện làm chết 3 người.
Chi Trung gay an tuong o Tao quan the nao hon 10 nam qua?.,Chí Trung gây ấn tượng ở Táo quân thế nào hơn 10 năm qua?.
Benh vien qua tai vi nang.,Bệnh viện quá tải vì nắng.
h?n Pentaxim.,h?n Pentaxim.
Cach lam muoi vung thom ngon.,Cách làm muối vừng thơm ngon.
Chuoc buc voi huong dan vien du lich.,Chuốc bực với hướng dẫn viên du lịch.
Che con ong ngot mat thom huong lua nep.,Chè con ong ngọt mật thơm hương lúa nếp.
"No bom tu che o Trung Quoc: 1 nguoi chet, 8 nguoi bi thuong.","Nổ bom tự chế ở Trung Quốc: 1 người chết, 8 người bị thương."
Phan no quan tham giau gan 3 trieu USD duoi ao ca trong biet phu.,Phẫn nộ quan tham giấu gần 3 triệu USD dưới ao cá trong biệt phủ.
"Dieu nay se co nhung san pham that su mang thuong hieu rieng cua TP, dong thoi co muc giam gia hap dan doi voi nguoi mua.","Điều này sẽ có những sản phẩm thật sự mang thương hiệu riêng của TP, đồng thời có mức giảm giá hấp dẫn đối với người mua."
"Moi day, tai phien hop Chinh phu thuong ky thang 6/2022 ngay 4/7, Bo truong GDDT Nguyen Kim Son da kien nghi Chinh phu ban hanh Nghi quyet doi voi hoc phi nam hoc 2022-2023.","Mới đây, tại phiên họp Chính phủ thường kỳ tháng 6/2022 ngày 4/7, Bộ trưởng GDĐT Nguyễn Kim Sơn đã kiến nghị Chính phủ ban hành Nghị quyết đối với học phí năm học 2022-2023."
Cho thit lon gia 50.000 dong/kg o Thu do.,Chợ thịt lợn giá 50.000 đồng/kg ở Thủ đô.
Cup FA: Liverpool gianh quyen di tiep sau chien thang te nhat truoc Stoke.,Cúp FA: Liverpool giành quyền đi tiếp sau chiến thắng tẻ nhạt trước Stoke.
"Anh che phao cong nong, tau ngam noi giua ao lang.","Ảnh chế pháo công nông, tàu ngầm nổi giữa ao làng."
Su ky la dau tien nam o ly do khien PSSI muon chia tay AFF de chuyen sang gia nhap Lien doan Bong da Dong A (EAFF). No bat nguon tu viec ho cho rang minh bi doi xu bat cong o Giai U19 Dong Nam A.,Sự kỳ lạ đầu tiên nằm ở lý do khiến PSSI muốn chia tay AFF để chuyển sang gia nhập Liên đoàn Bóng đá Đông Á (EAFF). Nó bắt nguồn từ việc họ cho rằng mình bị đối xử bất công ở Giải U19 Đông Nam Á.
Phau thuat cat bo khoi buou lon hiem gap cho benh nhi.,Phẫu thuật cắt bỏ khối bướu lớn hiếm gặp cho bệnh nhi.
"1 nguoi mat tich do bao so 7, mien Bac mua lon trong 3 ngay toi.","1 người mất tích do bão số 7, miền Bắc mưa lớn trong 3 ngày tới."
"Krong Buk (Dak Lak) huong toi phat trien nhanh, ben vung.","Krông Búk (Đắk Lắk) hướng tới phát triển nhanh, bền vững."
"Mai Suong so huu gu thoi trang ca tinh, goi cam.","Mai Sương sở hữu gu thời trang cá tính, gợi cảm."
Barcelona chuan bi doi mat voi tourmalet quyet dinh.,Barcelona chuẩn bị đối mặt với tourmalet quyết định.
"Tren thuc te, Spieth co ba danh hieu duoc DP World Tour ghi nhan nhung deu o cap major, gom Masters, US Open va The Open.","Trên thực tế, Spieth có ba danh hiệu được DP World Tour ghi nhận nhưng đều ở cấp major, gồm Masters, US Open và The Open."
LHG: Chot quyen nhan co tuc 10% va thuong co phieu 10:3.,LHG: Chốt quyền nhận cổ tức 10% và thưởng cổ phiếu 10:3.
Lam banh xoai nho xinh dem tang me yeu.,Làm bánh xoài nhỏ xinh đem tặng mẹ yêu.
My khong con thoi gian chan chu voi Trieu Tien.,Mỹ không còn thời gian chần chừ với Triều Tiên.
Can biet thu duoc lap cac thiet bi bao mat cung ve si de dam bao cuoc song cho cac con nu dai gia.,Căn biệt thự được lắp các thiết bị bảo mật cùng vệ sĩ để đảm bảo cuộc sống cho các con nữ đại gia.
6 con duong mang ten cac loai hoa tai Da Lat.,6 con đường mang tên các loài hoa tại Đà Lạt.
Co hoi cho nguoi dan nong thon tiep can voi Internet.,Cơ hội cho người dân nông thôn tiếp cận với Internet.
Paris cua 100 nam truoc.,Paris của 100 năm trước.
Tau ngam Ac-hen-ti-na mat tich khi dang tuan tra tai Dai Tay Duong.,Tàu ngầm Ác-hen-ti-na mất tích khi đang tuần tra tại Đại Tây Dương.
"+ Doi tuong 1 (3% chi tieu) la nhung thi sinh co chung chi quoc te trong thoi han 2 nam tinh den ngay 1.6.2022 dat SAT tu 1.200 diem tro len hoac ACT tu 26 diem tro len, tot nghiep THPT chuong trinh trong nuoc hoac nuoc ngoai.","+ Đối tượng 1 (3% chỉ tiêu) là những thí sinh có chứng chỉ quốc tế trong thời hạn 2 năm tính đến ngày 1.6.2022 đạt SAT từ 1.200 điểm trở lên hoặc ACT từ 26 điểm trở lên, tốt nghiệp THPT chương trình trong nước hoặc nước ngoài."
Cai gi cung len 'phay' the nay thi hong ca mot the he.,Cái gì cũng lên 'phây' thế này thì hỏng cả một thế hệ.
Bat giu 315 kg thit bo thoi tren duong ra Ha Noi tieu thu.,Bắt giữ 315 kg thịt bò thối trên đường ra Hà Nội tiêu thụ.
"Va cham xe bon, 2 nguoi nhap vien.","Va chạm xe bồn, 2 người nhập viện."
Sinh vien tinh nguyen doi nang cung thi sinh di thi.,Sinh viên tình nguyện đội nắng cùng thí sinh đi thi.
Dmitry Medvedev tu nhung goc nhin khac.,Dmitry Medvedev từ những góc nhìn khác.
Standard Chatered: nhieu uu dai cho khach hang vay truc tuyen.,Standard Chatered: nhiều ưu đãi cho khách hàng vay trực tuyến.
"‏Da dau la lan da co tuyen dau hoat dong manh me, tao dieu kien cho bui ban, te bao chet bam tru nen thuong xuyen phai doi mat voi tinh trang mun trung ca, mun dau den, lo chan long to.","‏Da dầu là làn da có tuyến dầu hoạt động mạnh mẽ, tạo điều kiện cho bụi bẩn, tế bào chết bám trụ nên thường xuyên phải đối mặt với tình trạng mụn trứng cá, mụn đầu đen, lỗ chân lông to."
Ukraine thieu vu khi de co the ban ha may bay khong nguoi lai cua Nga.,Ukraine thiếu vũ khí để có thể bắn hạ máy bay không người lái của Nga.
Ve song Thu Bon an goi ca moi.,Về sông Thu Bồn ăn gỏi cá mòi.
Co that detox dung cach se lam sach doc to toi tan te bao?.,Có thật detox đúng cách sẽ làm sạch độc tố tới tận tế bào?.
Australia gap CHDCND Trieu Tien.,Australia gặp CHDCND Triều Tiên.
Nga-My cang thang khong chi vi Snowden.,Nga-Mỹ căng thẳng không chỉ vì Snowden.
Trung Quoc: Noi lo tu giam phat va bong bong tai san.,Trung Quốc: Nỗi lo từ giảm phát và bong bóng tài sản.
"Cach lam banh mi goi sua chua thom ngon, la mieng.","Cách làm bánh mì gối sữa chua thơm ngon, lạ miệng."
"Tren cac dien dan, trang mang xa hoi, nhieu hoi, nhom bonsai hoa, cay canh ""doc"" va la xuat hien.","Trên các diễn đàn, trang mạng xã hội, nhiều hội, nhóm bonsai hoa, cây cảnh ""độc"" và lạ xuất hiện."
Tung bung dem trao giai Cu neo vang 2007.,Tưng bừng đêm trao giải Cù nèo vàng 2007.
To thich ay.,Tớ thích ấy.
Nhung khoanh khac dang yeu khien fan khong the roi mat cua Selena Gomez.,Những khoảnh khắc đáng yêu khiến fan không thể rời mắt của Selena Gomez.
Khach khong ngai chi tien mua thuc pham organic sieu sach.,Khách không ngại chi tiền mua thực phẩm organic siêu sạch.
Mexico - My: Nan vuot bien gay buc xuc cho ca hai nuoc.,Mexico - Mỹ: Nạn vượt biên gây bức xúc cho cả hai nước.
Doi ten kiem tien.,Đổi tên kiếm tiền.
"Pha solo qua 5 hau ve cua ""Messi Han Quoc"".","Pha solo qua 5 hậu vệ của ""Messi Hàn Quốc""."
Hop do ghe qua sach khien hung thu lo dien.,Hộp đồ ghề quá sạch khiến hung thủ lộ diện.
Nguon: https://tcdulichtphcm.vn/the-thao/pogba-hoan-tat-tro-lai-juventus-mien-phi-hop-dong-4-nam-xat-mu...Nguon: https://tcdulichtphcm.vn/the-thao/pogba-hoan-tat-tro-lai-juventus-mien-phi-hop-dong-4-nam-xat-muoi-noi-dau-mu-c28a34042.html,Nguồn: https://tcdulichtphcm.vn/the-thao/pogba-hoan-tat-tro-lai-juventus-mien-phi-hop-dong-4-nam-xat-mu...Nguồn: https://tcdulichtphcm.vn/the-thao/pogba-hoan-tat-tro-lai-juventus-mien-phi-hop-dong-4-nam-xat-muoi-noi-dau-mu-c28a34042.html
Con 38 thi sinh du thi Vong Chung ket Hoa hau.,Còn 38 thí sinh dự thi Vòng Chung kết Hoa hậu.
"Vo su Thieu Lam sap dau ""Nguoi sat"" muay Thai.","Võ sư Thiếu Lâm sắp đấu ""Người sắt"" muay Thái."
"Cung trong sang 27/7, chau P.T.H.","Cũng trong sáng 27/7, cháu P.T.H."
Bac Ninh: Cau lac bo xay dung gia dinh hanh phuc o Hoan Son.,Bắc Ninh: Câu lạc bộ xây dựng gia đình hạnh phúc ở Hoàn Sơn.
Danh thang quoc gia Ruong bac thang Mu Cang Chai nam 2010.,Danh thắng quốc gia Ruộng bậc thang Mù Cang Chải năm 2010.
"Bao gio het canh nguoi lam, ke pha?.","Bao giờ hết cảnh người làm, kẻ phá?."
"DHCD can ke, Nhua Vinh Khanh (VKC) van chua cong bo ket qua kinh doanh nam 2016.","ĐHCĐ cận kề, Nhựa Vĩnh Khánh (VKC) vẫn chưa công bố kết quả kinh doanh năm 2016."
Bo Neymar lo duong cong ngoc nga.,Bồ Neymar lộ đường cong ngọc ngà.
World Cup 2010: Nhan dien cac bang dau truoc gio G.,World Cup 2010: Nhận diện các bảng đấu trước giờ G.
"Gan day, hang Garmin da cho ra doi nhung chiec dong ho GPS danh cho nguoi tham hiem co the sac bang NLMT.","Gần đây, hãng Garmin đã cho ra đời những chiếc đồng hồ GPS dành cho người thám hiểm có thể sạc bằng NLMT."
"Ngoai 3 hinh thuc tren, hien tai VETC ho tro khach hang tu dan tai nha.","Ngoài 3 hình thức trên, hiện tại VETC hỗ trợ khách hàng tự dán tại nhà."
Huyen dao Ly Son (Quang Ngai) thu hut nhieu khach du lich.,Huyện đảo Lý Sơn (Quảng Ngãi) thu hút nhiều khách du lịch.
"Can chu dong, kip thoi, dung doi tuong.","Cần chủ động, kịp thời, đúng đối tượng."
Lamborghini Aventador vo dau khi va cham lien hoan voi BMW va Mazda.,Lamborghini Aventador vỡ đầu khi va chạm liên hoàn với BMW và Mazda.
Them chung cu ve nghi an ong Arafat bi dau doc.,Thêm chứng cứ về nghi án ông Arafat bị đầu độc.
"Nhin lai nam 2013 cua ""Qua bong Vang"" Ronaldo.","Nhìn lại năm 2013 của ""Quả bóng Vàng"" Ronaldo."
"Tang gia xang, dau them 500 dong/lit.","Tăng giá xăng, dầu thêm 500 đồng/lít."
"Dac biet, mua loc da lam 118 ngoi nha bi toc mai, nhieu dien tich nong nghiep tren dia ban tinh bi anh huong.","Đặc biệt, mưa lốc đã làm 118 ngôi nhà bị tốc mái, nhiều diện tích nông nghiệp trên địa bàn tỉnh bị ảnh hưởng."
Dinh chi cong tac 2 can bo xa trong vu dan xep dau gia dat.,Đình chỉ công tác 2 cán bộ xã trong vụ dàn xếp đấu giá đất.
Cuoc dua hoi sinh.,Cuộc đua hồi sinh.
"Chu re John Tu: ""San long rua bat cho Truc Diem"".","Chú rể John Từ: ""Sẵn lòng rửa bát cho Trúc Diễm""."
Loc Ninh sau 38 nam giai phong.,Lộc Ninh sau 38 năm giải phóng.
PIT hop Dai Hoi Dong Co Dong thuong nien.,PIT họp Đại Hội Đồng Cổ Đông thường niên.
Cha con cung nhau giet nguoi roi bo tron.,Cha con cùng nhau giết người rồi bỏ trốn.
"Nhièu dòn doán, cuọc dàm phán sẽ diẽn ra ỏ mọt quóc gia gàn vói Iran trong vùng Vịnh.","Nhiều đồn đoán, cuộc đàm phán sẽ diễn ra ở một quốc gia gần với Iran trong vùng Vịnh."
"""Chan go"" Bendtner lai dong vai ""ga son"", Arsenal thang nhoc nhuoc tieu Cardiff.","""Chân gỗ"" Bendtner lại đóng vai ""gà son"", Arsenal thắng nhọc nhược tiểu Cardiff."
Truy tan goc Phenol co trong 30 tan ca nuc la do dau?.,Truy tận gốc Phenol có trong 30 tấn cá nục là do đâu?.
"Phap luat: Bat coc nguoi yeu, tong tien 3 ty.","Pháp luật: Bắt cóc người yêu, tống tiền 3 tỷ."
Le la du mon A - Au tren pho Ly Thuong Kiet.,Lê la đủ món Á - Âu trên phố Lý Thường Kiệt.
RADIO 99S chieu 13/3: Venezuela dau tranh den cung truoc sac lenh cua My.,RADIO 99S chiều 13/3: Venezuela đấu tranh đến cùng trước sắc lệnh của Mỹ.
10 du an de nghi tai tro tin dung ODA dot 2.,10 dự án đề nghị tài trợ tín dụng ODA đợt 2.
"Ly do cap doi dang yeu thuong goi nhau la In, Heo, Cun.","Lý do cặp đôi đang yêu thường gọi nhau là Ỉn, Heo, Cún."
Do dau Falcao phan boi chinh minh?.,Do đâu Falcao phản bội chính mình?.
"Cach day 5 nam, Vingegaard van lam cong viec dong goi ca trong mot nha may, khi do buoi sang anh se den nha may lam viec kiem song, sau do buoi toi moi dap xe tap luyen.","Cách đây 5 năm, Vingegaard vẫn làm công việc đóng gói cá trong một nhà máy, khi đó buổi sáng anh sẽ đến nhà máy làm việc kiếm sống, sau đó buổi tối mới đạp xe tập luyện."
Bat ba ten cuop tren duong pho.,Bắt ba tên cướp trên đường phố.
Ong Fernandez mong muon cac nuoc thanh vien BRICS tao ra co che hop tac moi co the thay the cac to chuc tu nhan hoat dong vi loi ich cua phuong Tay nhu hien nay.,Ông Fernandez mong muốn các nước thành viên BRICS tạo ra cơ chế hợp tác mới có thể thay thế các tổ chức tư nhân hoạt động vì lợi ích của phương Tây như hiện nay.
Khan truong xac dinh cac mau vat bang nhung giai phap cong nghe hien dai nhat la viec can lam.,Khẩn trương xác định các mẫu vật bằng những giải pháp công nghệ hiện đại nhất là việc cần làm.
"F-15, F-16 cua My va Israel ""khong chien"" tren bien gioi.","F-15, F-16 của Mỹ và Israel ""không chiến"" trên biên giới."
"Vu Duy Khanh, Minh Vuong ""ket hon"" de che day gioi tinh.","Vũ Duy Khánh, Minh Vương ""kết hôn"" để che đậy giới tính."
San sang doi pho voi dich sot xuat huyet.,Sẵn sàng đối phó với dịch sốt xuất huyết.
5 nha khoa hoc dat giai Nobel tham du Gap go Viet Nam.,5 nhà khoa học đạt giải Nobel tham dự Gặp gỡ Việt Nam.
"Che do an the nay tre de bi beo phi, tieu duong.","Chế độ ăn thế này trẻ dễ bị béo phì, tiểu đường."
Bo Y te huong dan nguoi dan DBSCL cach xu ly nuoc an toan cho suc khoe.,Bộ Y tế hướng dẫn người dân ĐBSCL cách xử lý nước an toàn cho sức khỏe.
Tokina cong bo ong kinh AT-X 17-35 PRO FX V chuyen dung danh cho quay phim.,Tokina công bố ống kính AT-X 17-35 PRO FX V chuyên dụng dành cho quay phim.
Trung xo so hang ty dong nho thu cung.,Trúng xổ số hàng tỷ đồng nhờ thú cưng.
Bo truong Tran Dai Quang ket thuc tot dep chuyen tham Australia.,Bộ trưởng Trần Đại Quang kết thúc tốt đẹp chuyến thăm Australia.
Du an 'cao oc tro cot' giua long Ha Noi: Tien - hau bat nhat!.,Dự án 'cao ốc tro cốt' giữa lòng Hà Nội: Tiền - hậu bất nhất!.
"Tren thuc te, cac ngan hang phan loai no theo quy dinh cua Ngan hang Nha nuoc, nhung khoan no ma lai den ky han nhung khach hang chua tra duoc va xin co cau lai khoan lai thi phai xem xet chuyen nhom, dong thoi loai khoi lai du thu.","Trên thực tế, các ngân hàng phân loại nợ theo quy định của Ngân hàng Nhà nước, những khoản nợ mà lãi đến kỳ hạn nhưng khách hàng chưa trả được và xin cơ cấu lại khoản lãi thì phải xem xét chuyển nhóm, đồng thời loại khỏi lãi dự thu."
"Thanh ty phu nho trong hoa, cay canh.","Thành tỷ phú nhờ trồng hoa, cây cảnh."
Phep mau sac dep - Chuong trinh phau thuat tham my moi len song VTV3.,Phép màu sắc đẹp - Chương trình phẫu thuật thẩm mỹ mới lên sóng VTV3.
Tong Bi thu doc thuc xu ly nghiem vu Trinh Xuan Thanh.,Tổng Bí thư đốc thúc xử lý nghiêm vụ Trịnh Xuân Thanh.
Vat va tram phan doi muu sinh giua cho dem Sai Gon.,Vất vả trăm phận đời mưu sinh giữa chợ đêm Sài Gòn.
Nhung buc anh khien ban muon den Indonesia ngay lap tuc.,Những bức ảnh khiến bạn muốn đến Indonesia ngay lập tức.
"PSG xac nhan bo tay , Di Maria chi con cua ve M.U.","PSG xác nhận bó tay , Di Maria chỉ còn cửa về M.U."
Chuyen xe co.,Chuyện xe cộ.
Can canh mat than tren khong AWACS A-50 Nga moi dieu them den Belarus.,Cận cảnh mắt thần trên không AWACS A-50 Nga mới điều thêm đến Belarus.
5 sai lam hay mac phai khi chong tham cho ngoi nha cua ban.,5 sai lầm hay mắc phải khi chống thấm cho ngôi nhà của bạn.
Golf.,Golf.
Cuba to chuc bau cu dai bieu Quoc hoi khoa VIII.,Cuba tổ chức bầu cử đại biểu Quốc hội khóa VIII.
Co giao mam non bi nguoi tinh chem 11 nhat trong nha?.,Cô giáo mầm non bị người tình chém 11 nhát trong nhà?.
Doi vi voi salad hai san dua luoi.,Đổi vị với salad hải sản dưa lưới.
"Remi khong co gia dinh theo dung nghia la day du cha me, nhung em da co mot gia dinh o khia canh khac boi em co duoc su quan tam tu nhung nguoi em yeu thuong.","Remi không có gia đình theo đúng nghĩa là đầy đủ cha mẹ, nhưng em đã có một gia đình ở khía cạnh khác bởi em có được sự quan tâm từ những người em yêu thương."
Giu chan chong nhau.,Giữ chân chồng nhậu.
"Con truong thanh co the dai toi 3,5 m va nang hon 1,2 tan.","Con trưởng thành có thể dài tới 3,5 m và nặng hơn 1,2 tấn."
UBND tinh Quang Tri chi dao xu ly thong tin tren bao Dai Doan Ket.,UBND tỉnh Quảng Trị chỉ đạo xử lý thông tin trên báo Đại Đoàn Kết.
Ibra bien minh cho man ra mat kem thuyet phuc.,Ibra biện minh cho màn ra mắt kém thuyết phục.
Khanh Van ngam ngui chia tay Vietnam s Got Talent.,Khánh Vân ngậm ngùi chia tay Vietnam s Got Talent.
Nhung hinh anh dep ngo ngang ve sao Moc.,Những hình ảnh đẹp ngỡ ngàng về sao Mộc.
Madonna thuc hien hoa nhac o Bao tang Hermitage.,Madonna thực hiện hòa nhạc ở Bảo tàng Hermitage.
Nen chon ban an bang go cho nha it nguoi.,Nên chọn bàn ăn bằng gỗ cho nhà ít người.
Cafe toi: Xin loi anh chi la HLV tam quyen.,Cafe tối: Xin lỗi anh chỉ là HLV tạm quyền.
Trieu Tien co 200 be phong ten lua di dong.,Triều Tiên có 200 bệ phóng tên lửa di động.
Tieu Vy va Tuong San “song kiem hop bich” thuc hien nau an vo cung dieu luyen chung to kha nang nau nuong cua minh khong phai dang vua.,Tiểu Vy và Tường San “song kiếm hợp bích” thực hiện nấu ăn vô cùng điêu luyện chứng tỏ khả năng nấu nướng của mình không phải dạng vừa.
Chua hoc chua biet Nguyen Du....,Chưa học chưa biết Nguyễn Du....
Khai mac hoi nghi Ban Thuong vu T.U Doan.,Khai mạc hội nghị Ban Thường vụ T.Ư Đoàn.
Bat nhom doi tuong dan canh cuop tai san cua nguoi nuoc ngoai.,Bắt nhóm đối tượng dàn cảnh cướp tài sản của người nước ngoài.
Tet phat tai cua vua trung vit nguoi Viet tai My.,Tết phát tài của vua trứng vịt người Việt tại Mỹ.
"Muon phong van, tham nha nguoi rung phai bo tien trieu.","Muốn phỏng vấn, thăm nhà người rừng phải bỏ tiền triệu."
"Thong tin duoc nhan vien cua Bo Thong tin thu thap ""khi cau chuyen trao doi tam tinh, khai thac qua khia canh tinh cam va lien he ban be, trong nhung bua an than mat, chen ruou man nong, nhung dem tro chuyen tam dau y hiep, Son khong ngan ngai coi mo va boc lo"". ""Khi cha Son mat som, me Son lam an buon ban that bai phan khong co phuong tien an hoc, phan bi benh, Son buon ba, chan nan va da vao Sai Gon.","Thông tin được nhân viên của Bộ Thông tin thu thập ""khi câu chuyện trao đổi tâm tình, khai thác qua khía cạnh tình cảm và liên hệ bạn bè, trong những bữa ăn thân mật, chén rượu mặn nồng, những đêm trò chuyện tâm đầu ý hiệp, Sơn không ngần ngại cởi mở và bộc lộ"". ""Khi cha Sơn mất sớm, mẹ Sơn làm ăn buôn bán thất bại phần không có phương tiện ăn học, phần bị bệnh, Sơn buồn bã, chán nản và đã vào Sài Gòn."
* Moi quy doc gia theo doi cac chuong trinh da phat song cua Dai Truyen hinh Viet Nam tren TV Online va VTVGo!,* Mời quý độc giả theo dõi các chương trình đã phát sóng của Đài Truyền hình Việt Nam trên TV Online và VTVGo!
"Diem dac biet nhat cua Ixora chinh la du an nam trong khu phuc hop nghi duong quoc te hang dau khu vuc Dong Nam A - The Grand Ho Tram Strip, duoc phat trien va van hanh boi doi ngu chuyen gia quoc te hang dau.","Điểm đặc biệt nhất của Ixora chính là dự án nằm trong khu phức hợp nghỉ dưỡng quốc tế hàng đầu khu vực Đông Nam Á - The Grand Ho Tram Strip, được phát triển và vận hành bởi đội ngũ chuyên gia quốc tế hàng đầu."
"CH Ailen vs Bosnia-Herzegovina, 02h45 ngay 17-11: Mo to mat cung cai dau that lanh!.","CH Ailen vs Bosnia-Herzegovina, 02h45 ngày 17-11: Mở to mắt cùng cái đầu thật lạnh!."
Khoi to ke truyen ba van hoa pham doi truy.,Khởi tố kẻ truyền bá văn hóa phẩm đồi trụy.
Liga sau vong 19: Cuoc dua tu than.,Liga sau vòng 19: Cuộc đua tử thần.
Bo truong Cao Duc Phat tang 140 trieu dong cho cac tau bi tau Trung Quoc dam.,Bộ trưởng Cao Đức Phát tặng 140 triệu đồng cho các tàu bị tàu Trung Quốc đâm.
Can canh tau san bay 'khung' cua Nhat.,Cận cảnh tàu sân bay 'khủng' của Nhật.
"Co ta khien anh ay phai theo duoi That khong may, mot so dan ong cam thay viec theo duoi cham het khi ho ket hon.","Cô ta khiến anh ấy phải theo đuổi Thật không may, một số đàn ông cảm thấy việc theo đuổi chấm hết khi họ kết hôn."
"HLV Park Hang-seo: 'Cong Phuong, Xuan Truong co to chat rieng biet'.","HLV Park Hang-seo: 'Công Phượng, Xuân Trường có tố chất riêng biệt'."
"An toan o chung cu cao tang, van de can quan tam.","An toàn ở chung cư cao tầng, vấn đề cần quan tâm."
Giai ma thien thach co nguon goc tu lop vo sao Hoa.,Giải mã thiên thạch có nguồn gốc từ lớp vỏ sao Hỏa.
FA tuyen bo Torres trang an.,FA tuyên bố Torres trắng án.
Nguon: http://danviet.vn/quoc-gia-dong-nam-a-sap-ap-dung-thien-hoa-hoc-voi-toi-pham-tinh-duc-5020221371...Nguon: http://danviet.vn/quoc-gia-dong-nam-a-sap-ap-dung-thien-hoa-hoc-voi-toi-pham-tinh-duc-502022137125929781.htm,Nguồn: http://danviet.vn/quoc-gia-dong-nam-a-sap-ap-dung-thien-hoa-hoc-voi-toi-pham-tinh-duc-5020221371...Nguồn: http://danviet.vn/quoc-gia-dong-nam-a-sap-ap-dung-thien-hoa-hoc-voi-toi-pham-tinh-duc-502022137125929781.htm
Nhat Ban thong qua ke hoach vien tro tai chinh cho CHDCND Trieu Tien.,Nhật Bản thông qua kế hoạch viện trợ tài chính cho CHDCND Triều Tiên.
"""Tiec cuoi liveshow"" cua Coco Lee.","""Tiệc cưới liveshow"" của Coco Lee."
"Nam 2012, nganh thep van con gap kho.","Năm 2012, ngành thép vẫn còn gặp khó."
Ke cuong sat co giao tren pho lanh an chung than.,Kẻ cuồng sát cô giáo trên phố lãnh án chung thân.
Tim thay van ban dau tien co but tich Ngo Gia Tu.,Tìm thấy văn bản đầu tiên có bút tích Ngô Gia Tự.
Bo anh goi nho ky uc ve tuoi tho dep cua nhieu the he.,Bộ ảnh gợi nhớ ký ức về tuổi thơ đẹp của nhiều thế hệ.
Vua voi Ama Kong vinh biet dai ngan o tuoi 103.,Vua voi Ama Kông vĩnh biệt đại ngàn ở tuổi 103.
10 kham pha moi ve benh ung thu vu.,10 khám phá mới về bệnh ung thư vú.
Vu bao ve xo xat voi nguoi nha benh nhan: Giam doc benh vien Phu san Ha Noi len tieng.,Vụ bảo vệ xô xát với người nhà bệnh nhân: Giám đốc bệnh viện Phụ sản Hà Nội lên tiếng.
"De gianh chien thang, moi trieu phu deu trang bi cho minh mot tam ly tich cuc trong canh tranh.","Để giành chiến thắng, mỗi triệu phú đều trang bị cho mình một tâm lý tích cực trong cạnh tranh."
Cha me bat luc vi teen quay.,Cha mẹ bất lực vì teen quậy.
Bi troi dua vao vien tam than sau khi uong 25 chen ruou.,Bị trói đưa vào viện tâm thần sau khi uống 25 chén rượu.
Khai truong trung tam bao chi phuc vu Le ky niem 30-4.,Khai trương trung tâm báo chí phục vụ Lễ kỷ niệm 30-4.
"Vi vay, cho du Bac Kinh co lien tuc quang ba ve kha nang phat trien trong nuoc cac loai may bay hien dai thi kieu gi ho cung van phai co duoc su ""giup do"" tu phuong Tay!","Vì vậy, cho dù Bắc Kinh có liên tục quảng bá về khả năng phát triển trong nước các loại máy bay hiện đại thì kiểu gì họ cũng vẫn phải có được sự ""giúp đỡ"" từ phương Tây!"
Day tieng Nhat sap len song VTV2.,Dạy tiếng Nhật sắp lên sóng VTV2.
Ung ho 515 trieu dong cho Quy ho tro sinh vien DH Duoc Ha Noi.,Ủng hộ 515 triệu đồng cho Quỹ hỗ trợ sinh viên ĐH Dược Hà Nội.
"Suong, kho chuyen doi cua 8 huyen thoai Hong Kong.","Sướng, khổ chuyện đời của 8 huyền thoại Hồng Kông."
"Xot xa cau be bi bong khien toan bo khuon mat, chan tay bi bien dang.","Xót xa cậu bé bị bỏng khiến toàn bộ khuôn mặt, chân tay bị biến dạng."
"Theo bac si Thoa, be bi benh tay chan mieng thuong sang thuong o mieng, ngoai da tuy nhien bieu hien nhieu hay it thuong khong di doi voi viec tre co nguy co dien tien nang.","Theo bác sĩ Thoa, bé bị bệnh tay chân miệng thường sang thương ở miệng, ngoài da tuy nhiên biểu hiện nhiều hay ít thường không đi đôi với việc trẻ có nguy cơ diễn tiến nặng."
My can thong qua cac thoa thuan thuong mai de tao viec lam.,Mỹ cần thông qua các thỏa thuận thương mại để tạo việc làm.
Mot vai nguoi trong so nay duoc xac dinh duong tinh voi Covid-19.,Một vài người trong số này được xác định dương tính với Covid-19.
Bat ngo Xperia Z 'nhung lau' van chay tot.,Bất ngờ Xperia Z 'nhúng lẩu' vẫn chạy tốt.
"Den nha tro, vo dam chong va tinh dich.","Đến nhà trọ, vợ đâm chồng và tình địch."
Chum tho tinh ngay Valentine.,Chùm thơ tình ngày Valentine.
"Tai cuoc hop o Bali (Indonesia) vao ngay 15/7 toi, cac bo truong tai chinh va chu tich ngan hang trung uong G20 se thao luan ve nhung thong tin moi nhat ve lam phat, rui ro toan cau, cuoc chien o Ukraine, va van de lien quan den no.","Tại cuộc họp ở Bali (Indonesia) vào ngày 15/7 tới, các bộ trưởng tài chính và chủ tịch ngân hàng trung ương G20 sẽ thảo luận về những thông tin mới nhất về lạm phát, rủi ro toàn cầu, cuộc chiến ở Ukraine, và vấn đề liên quan đến nợ."
Real thang lon: Con dien cua Ronaldo.,Real thắng lớn: Cơn điên của Ronaldo.
"CR7 ghi ban, BDN van cay dang (Tin van bong da sang 12/10).","CR7 ghi bàn, BĐN vẫn cay đắng (Tin vắn bóng đá sáng 12/10)."
Nguoi yeu cu cua Vieri vui dua cung song bien.,Người yêu cũ của Vieri vui đùa cùng sóng biển.
Yeu rau xanh phat tac thu tinh sau cuoc nhau.,Yêu râu xanh phát tác thú tính sau cuộc nhậu.
"Theo giao vien nay, mot phong thi co 24 bai thi co 4-5 bai dat diem 8 va khoang 2 bai co diem duoi trung binh, trong do co bai thi chi dat 0,75 diem.","Theo giáo viên này, một phòng thi có 24 bài thì có 4-5 bài đạt điểm 8 và khoảng 2 bài có điểm dưới trung bình, trong đó có bài thi chỉ đạt 0,75 điểm."
Bac Kan: Sai pham gay that thoat hang chuc ty dong.,Bắc Kạn: Sai phạm gây thất thoát hàng chục tỷ đồng.
Nu nhan vien thu phi BOT xinh dep tiet lo chuyen nghe.,Nữ nhân viên thu phí BOT xinh đẹp tiết lộ chuyện nghề.
"Dang chu y trong dan dien vien la nam dien vien Bao Anh khi anh khong con sam vai mot chien si cong an nguyen tac, chin chu nhu hang loat bo phim tung tham gia.","Đáng chú ý trong dàn diễn viên là nam diễn viên Bảo Anh khi anh không còn sắm vai một chiến sĩ công an nguyên tắc, chỉn chu như hàng loạt bộ phim từng tham gia."
Giam doc CATP Ha Noi danh trong khai giang nam hoc moi tai Trung tam Giao duc thuong xuyen Dong Anh.,Giám đốc CATP Hà Nội đánh trống khai giảng năm học mới tại Trung tâm Giáo dục thường xuyên Đông Anh.
"Quyet tam xay dung Thu do ngay cang giau dep, van minh, hien dai.","Quyết tâm xây dựng Thủ đô ngày càng giàu đẹp, văn minh, hiện đại."
Vot them duoc cac manh vo cua may bay Casa-212.,Vớt thêm được các mảnh vỡ của máy bay Casa-212.
Tap trung doi moi toan dien giao duc sau 70 nam phat trien.,Tập trung đổi mới toàn diện giáo dục sau 70 năm phát triển.
Real Madrid: Perez phu nhan tin don.,Real Madrid: Perez phủ nhận tin đồn.
Canh cua hoa binh chua he mo.,Cánh cửa hòa bình chưa hé mở.
Gan 8 ty USD boc hoi khoi TTCK toan cau truoc cuoc hop EU.,Gần 8 tỷ USD bốc hơi khỏi TTCK toàn cầu trước cuộc họp EU.
Tau ngam hat nhan lop Yasen cua Nga hoan tat thu nghiem ten lua.,Tàu ngầm hạt nhân lớp Yasen của Nga hoàn tất thử nghiệm tên lửa.
Nhieu cay cau yeu dang keu cuu.,Nhiều cây cầu yếu đang kêu cứu.
Cau dem o Phu Quoc.,Câu đêm ở Phú Quốc.
Nhung mau xe tao suc nong cho CES 2016.,Những mẫu xe tạo sức nóng cho CES 2016.
Su doi tra tan khoc hon chien tranh.,Sự dối trá tàn khốc hơn chiến tranh.
Phap phong mua sam Tet.,Phập phồng mua sắm Tết.
"Blog chung khoan: Thoi, luon !.","Blog chứng khoán: Thôi, lượn !."
"Trua 28-6, sau mot buoi xet xu, TAND TP HCM quyet dinh hoan phien toa, tra ho so de dieu tra bo sung vu an ""Van chuyen trai phep chat ma tuy"" xuyen bien gioi Campuchia ve Viet Nam do Nguyen Ly Quyen (SN 1987); Phan Truong Thanh Binh (SN 2000); Nguyen Tien Tai (SN 1991); Tran Huyen Thanh (SN 2000, cung que Khanh Hoa) to chuc.","Trưa 28-6, sau một buổi xét xử, TAND TP HCM quyết định hoãn phiên toà, trả hồ sơ để điều tra bổ sung vụ án ""Vận chuyển trái phép chất ma tuý"" xuyên biên giới Campuchia về Việt Nam do Nguyễn Lý Quyên (SN 1987); Phan Trương Thanh Bình (SN 2000); Nguyễn Tiến Tài (SN 1991); Trần Huyền Thành (SN 2000, cùng quê Khánh Hòa) tổ chức."
Mot nha bao tre nguoi Phap bi sat hai o Cong hoa Trung Phi.,Một nhà báo trẻ người Pháp bị sát hại ở Cộng hòa Trung Phi.
Me Thuy Hanh tuoi tre den ngac nhien.,Mẹ Thúy Hạnh tươi trẻ đến ngạc nhiên.
"Danh bai Bitcoin, Litecoin tang gan 5.800% trong nam nay.","Đánh bại Bitcoin, Litecoin tăng gần 5.800% trong năm nay."
"George Patrinos cho biet, tren the gioi, duoc ly hoc di truyen - linh vuc khoa hoc nghien cuu ve co che tuong tac giua thuoc va cac gen di truyen - da va dang duoc coi la mot cong cu quan trong giup du phong nguy co phan ung co hai cua thuoc trong y hoc.","George Patrinos cho biết, trên thế giới, dược lý học di truyền - lĩnh vực khoa học nghiên cứu về cơ chế tương tác giữa thuốc và các gen di truyền - đã và đang được coi là một công cụ quan trọng giúp dự phòng nguy cơ phản ứng có hại của thuốc trong y học."
Con dau co duoc chia tai san nha chong?.,Con dâu có được chia tài sản nhà chồng?.
Trung Quoc chinh thuc tuyen bo che tao tau san bay thu 2.,Trung Quốc chính thức tuyên bố chế tạo tàu sân bay thứ 2.
An Do va Pakistan mo chuong moi trong quan he.,Ấn Độ và Pakistan mở chương mới trong quan hệ.
Uyen Linh duoc de cu Giai Cong hien: Ke phuc nguoi khong!.,Uyên Linh được đề cử Giải Cống hiến: Kẻ phục người không!.
Nha Trang nong voi VCK U.19 quoc gia.,Nha Trang nóng với VCK U.19 quốc gia.
Danh con trai bat tinh roi len giuong ngu tiep.,Đánh con trai bất tỉnh rồi lên giường ngủ tiếp.
9 thoi quen dang so khien ban de ung thu.,9 thói quen đáng sợ khiến bạn dễ ung thư.
200 nguoi My quyet sang Syria dau quan cho IS.,200 người Mỹ quyết sang Syria đầu quân cho IS.
Bat giu nhieu vu van chuyen tien chat ma tuy lon.,Bắt giữ nhiều vụ vận chuyển tiền chất ma túy lớn.
Thoi tiet diu mat trong dot thi trung hoc pho thong quoc gia.,Thời tiết dịu mát trong đợt thi trung học phổ thông quốc gia.
Mua ban trung vit lon o Han Quoc co the bi phat 1.000 USD.,Mua bán trứng vịt lộn ở Hàn Quốc có thể bị phạt 1.000 USD.
Mo cua cho nguoi tai.,Mở cửa cho người tài.
"Tuy nhien, Oulu khong co duyen khi lam ""cua duoi"" tren san khach.","Tuy nhiên, Oulu không có duyên khi làm ""cửa dưới"" trên sân khách."
"Ha Pacquiao, ""doc co"" Mayweather tiep tuc ""cau bai"".","Hạ Pacquiao, ""độc cô"" Mayweather tiếp tục ""cầu bại""."
HAGL - Thanh Hoa: Chien qua xung dang.,HAGL - Thanh Hóa: Chiến quả xứng đáng.
Noi nhu vay khong co nghia chung ta che trach moi anh hao quang.,Nói như vậy không có nghĩa chúng ta chê trách mọi ánh hào quang.
Dung Quat: Chiec ao cu da chat!.,Dung Quất: Chiếc áo cũ đã chật!.
"Nuoc chu nha cua dai hoi the thao lan thu 32 khong dua mot so mon the thao quen thuoc o nhung ky Dai hoi vua qua, tham chi loai bo nhieu mon thi Olympic boi Campuchia khong co luc luong VDV lan co so vat chat phu hop cho cac mon the thao nay.","Nước chủ nhà của đại hội thể thao lần thứ 32 không đưa một số môn thể thao quen thuộc ở những kỳ Đại hội vừa qua, thậm chí loại bỏ nhiều môn thi Olympic bởi Campuchia không có lực lượng VĐV lẫn cơ sở vật chất phù hợp cho các môn thể thao này."
Cuoc song biet nhu the nao moi du!.,Cuộc sống biết như thế nào mới đủ!.
Viet Huong cat dut tinh chi em voi Dai Nghia tai Lang Hai Mo Hoi.,Việt Hương cắt đứt tình chị em với Đại Nghĩa tại Làng Hài Mở Hội.
Trong khi Thu tuong Y Mario Draghi noi rang “thong diep quan trong nhat cua chuyen tham la Y muon Ukraine gia nhap EU” thi Thu tuong Duc Olaf Scholz khang dinh “Ukraine thuoc ve gia dinh chau Au”. Song dieu cac nha quan sat dang dat cau hoi la lieu mot khi Ukraine duoc EU trao tu cach ung vien thi viec nay tac dong the nao den viec EU tai tro cho Ukraine?,Trong khi Thủ tướng Ý Mario Draghi nói rằng “thông điệp quan trọng nhất của chuyến thăm là Ý muốn Ukraine gia nhập EU” thì Thủ tướng Đức Olaf Scholz khẳng định “Ukraine thuộc về gia đình châu Âu”. Song điều các nhà quan sát đang đặt câu hỏi là liệu một khi Ukraine được EU trao tư cách ứng viên thì việc này tác động thế nào đến việc EU tài trợ cho Ukraine?
"Huyen Bac Ai (Ninh Thuan) voi phong trao xoa doi, giam ngheo.","Huyện Bác Ái (Ninh Thuận) với phong trào xóa đói, giảm nghèo."
"Theo su sach ghi chep, ngoi chua duoc nhung tho thu cong co dai giau kinh nghiem xay dung.","Theo sử sách ghi chép, ngôi chùa được những thợ thủ công cổ đại giàu kinh nghiệm xây dựng."
"Pho Thu tuong chi dao quan ly, khai thac, su dung tiet kiem va hieu qua tai nguyen nuoc.","Phó Thủ tướng chỉ đạo quản lý, khai thác, sử dụng tiết kiệm và hiệu quả tài nguyên nước."
Muc dich de to chuc ky niem 46 nam thanh pho chinh thuc mang ten Chu tich Ho Chi Minh va cac hoat dong ton vinh vai tro gia dinh.,Mục đích để tổ chức kỷ niệm 46 năm thành phố chính thức mang tên Chủ tịch Hồ Chí Minh và các hoạt động tôn vinh vai trò gia đình.
Son Tung MTP gianh giai Ca si cua nam.,Sơn Tùng MTP giành giải Ca sĩ của năm.
Vi sao san bay Noi Bai can them duong bang thu 3?.,Vì sao sân bay Nội Bài cần thêm đường băng thứ 3?.
"SCR: Thuong mai Dau tu Thuan Thien giam so huu xuong con 9,98%.","SCR: Thương mại Đầu tư Thuận Thiên giảm sở hữu xuống còn 9,98%."
"Bay soi thanh cong ruc ro voi tien dao nguoi Anh - Tammy Abraham, nhung lai khong may thanh cong voi mot so tan binh nhu Matias Vina, Eldor Shomurodov hay truong hop cua Bryan Reynolds.","Bầy sói thành công rực rỡ với tiền đạo người Anh - Tammy Abraham, nhưng lại không mấy thành công với một số tân binh như Matias Vina, Eldor Shomurodov hay trường hợp của Bryan Reynolds."
Dieu chinh muc thu phi tham quan.,Điều chỉnh mức thu phí tham quan.
"Cuc Quan ly duong bo 3 tham hoi, ho tro nan nhan TNGT.","Cục Quản lý đường bộ 3 thăm hỏi, hỗ trợ nạn nhân TNGT."
"Nhu cau tieu thu yeu, thi truong nang luong tiep tuc am dam.","Nhu cầu tiêu thụ yếu, thị trường năng lượng tiếp tục ảm đạm."
8 bi quyet giup gioi tre tu tin.,8 bí quyết giúp giới trẻ tự tin.
"Truoc tran Milan Parma: Hay thuc te, dung them mo mong.","Trước trận Milan Parma: Hãy thực tế, đừng thêm mơ mộng."
"Mai tim HLV DTVN, VFF quen HLV Tran Van Phat?.","Mải tìm HLV ĐTVN, VFF quên HLV Trần Vân Phát?."
"Honda PCX 150 2018: Chat hon, nhieu trang bi hon.","Honda PCX 150 2018: Chất hơn, nhiều trang bị hơn."
De xuat Du an nang cap mo rong va chong that thoat he thong cap nuoc thi xa Quang Tri va TP Dong Ha.,Đề xuất Dự án nâng cấp mở rộng và chống thất thoát hệ thống cấp nước thị xã Quảng Trị và TP Đông Hà.
"MSN vuot moc 100 ban, Barca gieo ac mong cho Getafe.","MSN vượt mốc 100 bàn, Barca gieo ác mộng cho Getafe."
Ra mat ung dung Facecar tim xe theo yeu cau.,Ra mắt ứng dụng Facecar tìm xe theo yêu cầu.
Lang gieng lo lang vi Nga tap tran Zapad-2017.,Láng giềng lo lắng vì Nga tập trận Zapad-2017.
Ty le keo bong da nu Dong A.,Tỷ lệ kèo bóng đá nữ Đông Á.
"Xuat hien cau hinh phan cung cua Samsung Galaxy Mega voi man hinh 5,8"" va 6,3""?.","Xuất hiện cấu hình phần cứng của Samsung Galaxy Mega với màn hình 5,8"" và 6,3""?."
VN doat 3 HCV.,VN đoạt 3 HCV.
Thu tuong Anh thuyet phuc nguoi dan noi 'Khong' voi Brexit.,Thủ tướng Anh thuyết phục người dân nói 'Không' với Brexit.
"Kha nang phong thu, dap tra tan cong mang cua Viet Nam.","Khả năng phòng thủ, đáp trả tấn công mạng của Việt Nam."
Dua gan 5 trieu cungdien thoai khong hoi lo duoc CSGT.,Đưa gần 5 triệu cùngđiện thoại không hối lộ được CSGT.
"Danh hieu Ky quan - ""so tiet kiem"" dai han.","Danh hiệu Kỳ quan - ""sổ tiết kiệm"" dài hạn."
"Tiep buoc Man City, Chelsea cung da co them tan binh Ramires.","Tiếp bước Man City, Chelsea cũng đã có thêm tân binh Ramires."
Ga trai nhiem HIV van co tinh hai doi thieu nu.,Gã trai nhiễm HIV vẫn cố tình hại đời thiếu nữ.
Chung So Hong - My nhan bi TVB bo quen.,Chung Sở Hồng - Mỹ nhân bị TVB bỏ quên.
Avram Grant khang dinh chien thang truoc Sir Alex.,Avram Grant khẳng định chiến thắng trước Sir Alex.
Da Nang se dat 1 trieu dan vao nam 2014.,Đà Nẵng sẽ đạt 1 triệu dân vào năm 2014.
Ngam EO Smart Connecting Car 2 - Xe do thi tuong lai.,Ngắm EO Smart Connecting Car 2 - Xe đô thị tương lai.
Pham Thanh Luong va Doan Thi Kim Chi doat danh hieu Qua bong Vang Viet Nam 2009.,Phạm Thành Lương và Đoàn Thị Kim Chi đoạt danh hiệu Quả bóng Vàng Việt Nam 2009.
"Kiem soat chat no cong, khong lo thieu von BOT giao thong.","Kiểm soát chặt nợ công, không lo thiếu vốn BOT giao thông."
"Cac co quan, to chuc van lam dung ban sao.","Các cơ quan, tổ chức vẫn lạm dụng bản sao."
"Indonesia: Thuyen lat, 7 nguoi chet, hang chuc nguoi mat tich.","Indonesia: Thuyền lật, 7 người chết, hàng chục người mất tích."
Tai sao VinaPhone chua giam cuoc?.,Tại sao VinaPhone chưa giảm cước?.
Tong thong My gui thu cho lanh dao CHDCND Trieu Tien.,Tổng thống Mỹ gửi thư cho lãnh đạo CHDCND Triều Tiên.
"Tren san khau cua Gala chuyen xe Khong tien mat, Lona chon bieu dien Tap!","Trên sân khấu của Gala chuyến xe Không tiền mặt, Lona chọn biểu diễn Tap!"
Em trai ca si Thanh Lam bieu dien tai My.,Em trai ca sĩ Thanh Lam biểu diễn tại Mỹ.
Than trong co phieu Thep.,Thận trọng cổ phiếu Thép.
Khoi cong Trung tam thuong mai tri gia 25 trieu USD tai Ha Noi.,Khởi công Trung tâm thương mại trị giá 25 triệu USD tại Hà Nội.
"Pham Bang Bang quyen ru, mac noi y rua bat tren tap chi.","Phạm Băng Băng quyến rũ, mặc nội y rửa bát trên tạp chí."
"Mourinho phet lac ve cu ""an 4"" cua Chelsea.","Mourinho phét lác về cú ""ăn 4"" của Chelsea."
Ukraine doa rut khoi Hiep uoc khong pho bien vu khi hat nhan.,Ukraine dọa rút khỏi Hiệp ước không phổ biến vũ khí hạt nhân.
"Cung nguoi tinh ca do, nu can bo Ngan hang tham o hon 10 ti dong.","Cùng người tình cá độ, nữ cán bộ Ngân hàng tham ô hơn 10 tỉ đồng."
MC Quyen Linh cuoi tha ga khi tro chuyen cung ban dien cu.,MC Quyền Linh cười thả ga khi trò chuyện cùng bạn diễn cũ.
Tiep bai: Xon xao viec can bo de doa nguoi dan vi dua anh tu va duong len mang xa hoi Lanh dao Cuc Quan ly duong bo 1: Thieu tien nen cung kho!.,Tiếp bài: Xôn xao việc cán bộ đe dọa người dân vì đưa ảnh tự vá đường lên mạng xã hội Lãnh đạo Cục Quản lý đường bộ 1: Thiếu tiền nên cũng khó!.
Hap dan banh khoai Thi Cau Bac Ninh.,Hấp dẫn bánh khoai Thị Cầu Bắc Ninh.
"NASA cung coi nhung hop dong nay, tri gia 5 trieu USD moi hop dong, co the huu ich cho viec kham pha sao Hoa va cac diem den khong gian sau hon.","NASA cũng coi những hợp đồng này, trị giá 5 triệu USD mỗi hợp đồng, có thể hữu ích cho việc khám phá sao Hỏa và các điểm đến không gian sâu hơn."
Lai xe co the nha bao.,Lái xe có thẻ nhà báo.
"Ong Nguyen Van Bac da vi pham, buong long cong tac lanh dao, chi dao, thieu kiem tra giam sat de xay ra khuyet diem, vi pham cong tac chuyen mon nghiep vu va vi pham nghiem trong cong tac quan ly tai chinh ngan sach.","Ông Nguyễn Văn Bắc đã vi phạm, buông lỏng công tác lãnh đạo, chỉ đạo, thiếu kiểm tra giám sát để xảy ra khuyết điểm, vi phạm công tác chuyên môn nghiệp vụ và vi phạm nghiêm trọng công tác quản lý tài chính ngân sách."
"Video: Sieu pham cua Bui Duy Thuong vao luoi Phnom Penh Crown  ""Ban thang khien toi rat vui, dieu quan trong nhat la chien thang cua toan doi.","Video: Siêu phẩm của Bùi Duy Thường vào lưới Phnom Penh Crown  ""Bàn thắng khiến tôi rất vui, điều quan trọng nhất là chiến thắng của toàn đội."
"May bay Nga phat no, toan bo hanh khach tu nan.","Máy bay Nga phát nổ, toàn bộ hành khách tử nạn."
Ha Noi som khoi cong 8 cong trinh cap bach de giam un tac.,Hà Nội sớm khởi công 8 công trình cấp bách để giảm ùn tắc.
"Dao vang ""chui"", 2 nguoi thiet mang.","Đào vàng ""chui"", 2 người thiệt mạng."
Ronaldinho than lua ua nang.,Ronaldinho thân lừa ưa nặng.
"Truoc do, ngay 5-4, Co quan canh sat dieu tra Bo Cong an ra quyet dinh khoi to bi can, thuc hien lenh bat tam giam Do Anh Dung, Chu tich hoi dong quan tri kiem Tong giam doc Tap doan Tan Hoang Minh, de dieu tra ve toi lua dao chiem doat tai san.","Trước đó, ngày 5-4, Cơ quan cảnh sát điều tra Bộ Công an ra quyết định khởi tố bị can, thực hiện lệnh bắt tạm giam Đỗ Anh Dũng, Chủ tịch hội đồng quản trị kiêm Tổng giám đốc Tập đoàn Tân Hoàng Minh, để điều tra về tội lừa đảo chiếm đoạt tài sản."
Ha Noi: Be trai 5 tuoi di lac duoc linh cuu hoa giup ve gia dinh.,Hà Nội: Bé trai 5 tuổi đi lạc được lính cứu hỏa giúp về gia đình.
Elly Tran gay sot khi noi tieng Thai.,Elly Trần gây sốt khi nói tiếng Thái.
16 sao Viet tham gia tranh tai 'Vua dau bep Viet Nam' 2017.,16 sao Việt tham gia tranh tài 'Vua đầu bếp Việt Nam' 2017.
Da xac dinh duoc 50 doanh nghiep co bao cao thuong nien tot nhat nam nay.,Đã xác định được 50 doanh nghiệp có báo cáo thường niên tốt nhất năm nay.
Hy Lap bo ke hoach trung cau dan y.,Hy Lạp bỏ kế hoạch trưng cầu dân ý.
"Luu Hieu Khanh U60 van ""cua sung"" voi thoi trang que kieng.","Lưu Hiểu Khánh U60 vẫn ""cưa sừng"" với thời trang quê kiểng."
Xet duyet ho gia dinh vay von tu nguon von ngan sach thanh pho uy thac qua Ngan hang chinh sach xa hoi de tao viec lam cho gan 29.500 lao dong voi so tien gan 1.400 ti dong.,Xét duyệt hộ gia đình vay vốn từ nguồn vốn ngân sách thành phố ủy thác qua Ngân hàng chính sách xã hội để tạo việc làm cho gần 29.500 lao động với số tiền gần 1.400 tỉ đồng.
Tro choi mao hiem den lanh ca gay.,Trò chơi mạo hiểm đến lạnh cả gáy.
"Luc duc Real: Du bi ghet Zidane, CR7 trai lenh.","Lục đục Real: Dự bị ghét Zidane, CR7 trái lệnh."
Luat su co duoc tham gia vao giai doan dieu tra hay khong?.,Luật sư có được tham gia vào giai đoạn điều tra hay không?.
Nguoi dep nao di thi Hoa hau the gioi?.,Người đẹp nào đi thi Hoa hậu thế giới?.
"Em ruot bao mong, cha gia hoang mang ve dua con de nho.","Em ruột báo mộng, cha già hoang mang về đứa con đẻ nhờ."
Ho tro lai suat mua may moc: Vi sao giai ngan cham?.,Hỗ trợ lãi suất mua máy móc: Vì sao giải ngân chậm?.
"Anh ve voi vo con di, dung tim em nua.","Anh về với vợ con đi, đừng tìm em nữa."
"De Toan kho hon nam 2015, nhung giup phan hoa tot hon.","Đề Toán khó hơn năm 2015, nhưng giúp phân hóa tốt hơn."
Mozambique coi Viet Nam la tam guong sang de hoc tap.,Mozambique coi Việt Nam là tấm gương sáng để học tập.
"It gio truoc, Ho Ngoc Ha chia se mot doan clip ngan len mang xa hoi, he lo nhung khoanh khac cuc ky de thuong khi Lisa va Leon duoc ba va bo dua toi cho lam viec cua me.","Ít giờ trước, Hồ Ngọc Hà chia sẻ một đoạn clip ngắn lên mạng xã hội, hé lộ những khoảnh khắc cực kỳ dễ thương khi Lisa và Leon được bà và bố đưa tới chỗ làm việc của mẹ."
"Khang dinh trach nhiem, no luc cua Viet Nam tai AIPA 31.","Khẳng định trách nhiệm, nỗ lực của Việt Nam tại AIPA 31."
"Theo So LDTBXH Binh Duong, kho khan, vuong mac hien nay la cac doanh nghiep, nguoi su dung lao dong dang trong qua trinh tuyen truyen, huong dan cho nguoi lao dong cach ke khai mau don cung nhu nhan lai cac mau don ke khai (Mau 1) tu phia nguoi lao dong.","Theo Sở LĐTBXH Bình Dương, khó khăn, vướng mắc hiện nay là các doanh nghiệp, người sử dụng lao động đang trong quá trình tuyên truyền, hướng dẫn cho người lao động cách kê khai mẫu đơn cũng như nhận lại các mẫu đơn kê khai (Mẫu 1) từ phía người lao động."
VRC du kien mua 170.000 co phieu quy.,VRC dự kiến mua 170.000 cổ phiếu quỹ.
"Bao hiem xa hoi Viet Nam tra loi: Ve dieu kien huong luong huu theo quy dinh hien hanh tai Dieu 169, Khoan 1 Dieu 219 Bo luat Lao dong nam 2019 va Nghi dinh so 135/2020/ND-CP ngay 18.11.2020 cua Chinh phu; theo do ke tu ngay 1.1.2021: a) Tuoi nghi huu cua nguoi lao dong co du 20 nam dong bao hiem xa hoi trong dieu kien lao dong binh thuong: doi voi lao dong nam la du 60 tuoi 3 thang va du 55 tuoi 4 thang doi voi lao dong nu; sau do, cu moi nam tang them 3 thang doi voi lao dong nam cho den khi du 62 tuoi vao nam 2028 va cu moi nam tang them 4 thang doi voi lao dong nu cho den du 60 tuoi vao nam 2035.","Bảo hiểm xã hội Việt Nam trả lời: Về điều kiện hưởng lương hưu theo quy định hiện hành tại Điều 169, Khoản 1 Điều 219 Bộ luật Lao động năm 2019 và Nghị định số 135/2020/NĐ-CP ngày 18.11.2020 của Chính phủ; theo đó kể từ ngày 1.1.2021: a) Tuổi nghỉ hưu của người lao động có đủ 20 năm đóng bảo hiểm xã hội trong điều kiện lao động bình thường: đối với lao động nam là đủ 60 tuổi 3 tháng và đủ 55 tuổi 4 tháng đối với lao động nữ; sau đó, cứ mỗi năm tăng thêm 3 tháng đối với lao động nam cho đến khi đủ 62 tuổi vào năm 2028 và cứ mỗi năm tăng thêm 4 tháng đối với lao động nữ cho đến đủ 60 tuổi vào năm 2035."
Dot kich tong kho phu gia het dat.,Đột kích tổng kho phụ gia hết đát.
"Co y ta bo chup anh cuoi, lao ra bai bien cuu nguoi.","Cô y tá bỏ chụp ảnh cưới, lao ra bãi biển cứu người."
So nguoi chet vi dong dat o Trung Quoc co the toi 80.000.,Số người chết vì động đất ở Trung Quốc có thể tới 80.000.
"Nguoi dieu khien co the dieu khien ten lua dang bay va cap nhat nhiem vu neu can thong qua kenh lien lac hai chieu tam xa; dong thoi Icebreaker cung co the thuc hien nhiem vu hoan toan tu chu theo chi thi cua ""bo nao"" cua no.","Người điều khiển có thể điều khiển tên lửa đang bay và cập nhật nhiệm vụ nếu cần thông qua kênh liên lạc hai chiều tầm xa; đồng thời Icebreaker cũng có thể thực hiện nhiệm vụ hoàn toàn tự chủ theo chỉ thị của ""bộ não"" của nó."
Nhieu nguoi My chi dung cac ung dung smartphone mac dinh.,Nhiều người Mỹ chỉ dùng các ứng dụng smartphone mặc định.
"Bao so 16: Huy hang loat chuyen bay Phu Quoc, Con Dao.","Bão số 16: Hủy hàng loạt chuyến bay Phú Quốc, Côn Đảo."
"Dan phai song canh nha khong so, pho khong ten - Ai chiu trach nhiem?.","Dân phải sống cảnh nhà không số, phố không tên - Ai chịu trách nhiệm?."
"Guti chu dong roi Bernabeu, nhuong so ao 14 cho Xabi Alonso.","Guti chủ động rời Bernabeu, nhường số áo 14 cho Xabi Alonso."
DIEM MAT ANH TAI: DT Phap - Cach mang cua Blanc.,ĐIỂM MẶT ANH TÀI: ĐT Pháp - Cách mạng của Blanc.
"Viec bao khong the hien thong tin phai ghi, the hien tren bao chi o trang cuoi Bao Phap luat Viet Nam, An pham phu Doanh nhan va Phap luat, An pham phu Cau chuyen phap luat, An pham phu Phap luat 4 phuong, An pham phu Xa lo phap luat, vi pham quy dinh tai Khoan 1, Khoan 2 Dieu 46 Luat Bao chi.","Việc báo không thể hiện thông tin phải ghi, thể hiện trên báo chí ở trang cuối Báo Pháp luật Việt Nam, Ấn phẩm phụ Doanh nhân và Pháp luật, Ấn phẩm phụ Câu chuyện pháp luật, Ấn phẩm phụ Pháp luật 4 phương, Ấn phẩm phụ Xa lộ pháp luật, vi phạm quy định tại Khoản 1, Khoản 2 Điều 46 Luật Báo chí."
"Cong chua Disney quang ba phim ""Spring Breakers"".","Công chúa Disney quảng bá phim ""Spring Breakers""."
Bat nguoi chu muu truy sat nha bao tai Thai Nguyen.,Bắt người chủ mưu truy sát nhà báo tại Thái Nguyên.
Tap trung vao cac yeu to xay dung quan doi thoi binh.,Tập trung vào các yếu tố xây dựng quân đội thời bình.
Ho tro cac DN ban hang truc tuyen.,Hỗ trợ các DN bán hàng trực tuyến.
"Soi noi cuoc thi ""Trang nguyen nho tuoi"".","Sôi nổi cuộc thi ""Trạng nguyên nhỏ tuổi""."
"Den phut 74, no luc cua Crystal Palace duoc den dap khi Ward co ban thang rut ngan ti so xuong con 1-3.","Đến phút 74, nỗ lực của Crystal Palace được đền đáp khi Ward có bàn thắng rút ngắn tỉ số xuống còn 1-3."
"Trong mua dong de phong loc, set, mua da va gio giat manh.","Trong mưa dông đề phòng lốc, sét, mưa đá và gió giật mạnh."
"bi ton hai 6%. Ngay 22-6, Co quan canh sat dieu tra Cong an huyen Thanh Son ra quyet dinh khoi to vu an, khoi to bi can doi voi Ha Thi Quyen ve toi co y gay thuong tich.","bị tổn hại 6%. Ngày 22-6, Cơ quan cảnh sát điều tra Công an huyện Thanh Sơn ra quyết định khởi tố vụ án, khởi tố bị can đối với Hà Thị Quyên về tội cố ý gây thương tích."
"Du an khoi phuc, cai tao QL70: Dua nuoc rut ve dich.","Dự án khôi phục, cải tạo QL70: Đua nước rút về đích."
Toc nguoi Viet bi an nhat the gioi.,Tộc người Việt bí ẩn nhất thế giới.
Ngam nhin 'sieu pham' Rolls-Royce Dawn Black Badge.,Ngắm nhìn 'siêu phẩm' Rolls-Royce Dawn Black Badge.
Ha Noi phan luong giao thong tuyen duong Tran Phu do su co sap gian giao.,Hà Nội phân luồng giao thông tuyến đường Trần Phú do sự cố sập giàn giáo.
Cap vo chong Duc boi thuong chien tranh cho Hy Lap.,Cặp vợ chồng Đức bồi thường chiến tranh cho Hy Lạp.
Pho Thu tuong Nguyen Xuan Phuc du le khai mac CAEXPO va CABIS.,Phó Thủ tướng Nguyễn Xuân Phúc dự lễ khai mạc CAEXPO và CABIS.
Ha Noi: Rut ngan thoi han xu ly don dang ky xac lap quyen So huu tri tue.,Hà Nội: Rút ngắn thời hạn xử lý đơn đăng ký xác lập quyền Sở hữu trí tuệ.
"Dem tan hon, chong bo xuong nha xem bong da.","Đêm tân hôn, chồng bỏ xuống nhà xem bóng đá."
"Co hoi gioi thieu, quang ba tiem nang the manh nong nghiep, nong thon vung DBSCL.","Cơ hội giới thiệu, quảng bá tiềm năng thế mạnh nông nghiệp, nông thôn vùng ĐBSCL."
"Chuong trinh nham ghi khac nhung trang su hao hung cua dan toc, nhung nguoi da nga xuong va hy sinh cho khat vong hoa binh chay bong cua nguoi Viet Nam trong suot chieu dai lich su dan toc.","Chương trình nhằm ghi khắc những trang sử hào hùng của dân tộc, những người đã ngã xuống và hy sinh cho khát vọng hòa bình cháy bỏng của người Việt Nam trong suốt chiều dài lịch sử dân tộc."
Giam can va nhung sai lam thuong gap.,Giảm cân và những sai lầm thường gặp.
An tuong Scotland.,Ấn tượng Scotland.
"Quan ly, dieu hanh gia va mot so kien nghi.","Quản lý, điều hành giá và một số kiến nghị."
"Buoi toi, mot vai nguoi van co gang doi mua di choi.","Buổi tối, một vài người vẫn cố gắng đội mưa đi chơi."
ASEAN tang cuong hop tac va phat huy vai tro trung tam.,ASEAN tăng cường hợp tác và phát huy vai trò trung tâm.
CEO gioi nhat nhan luong...thap nhat.,CEO giỏi nhất nhận lương...thấp nhất.
Thuc day kim ngach thuong mai Viet Nam - New Zealand.,Thúc đẩy kim ngạch thương mại Việt Nam - New Zealand.
"VNEN va yeu cau doi moi can ban, toan dien GD&DT.","VNEN và yêu cầu đổi mới căn bản, toàn diện GD&ĐT."
BTC Miss Thang Long tran tinh ve su co thi sinh.,BTC Miss Thăng Long trần tình về sự cố thí sinh.
Phat hien xac thai nhi khoang 6 thang tuoi trong thung rac.,Phát hiện xác thai nhi khoảng 6 tháng tuổi trong thùng rác.
Kich ban le nham chuc tong thong Nga.,Kịch bản lễ nhậm chức tổng thống Nga.
Bo anh choi dua voi anh trang day sang tao.,Bộ ảnh chơi đùa với ánh trăng đầy sáng tạo.
"Tuy nhien, den nay, khi dich da lui dan va dang duoc kiem soat tot thi nganh y phai doi mat voi lan song nhan vien y te nghi viec gay ra tinh trang thieu nhan luc tai nhieu co so kham, chua benh.","Tuy nhiên, đến nay, khi dịch đã lui dần và đang được kiểm soát tốt thì ngành y phải đối mặt với làn sóng nhân viên y tế nghỉ việc gây ra tình trạng thiếu nhân lực tại nhiều cơ sở khám, chữa bệnh."
Chung khoan the gioi: Lac quan lai ve.,Chứng khoán thế giới: Lạc quan lại về.
"Theo dieu tra ban dau, tu nam 2020, qua trinh hanh nghe xe may cong nghe, Hao quen voi mot phu nu nhung khong biet ro lai lich.","Theo điều tra ban đầu, từ năm 2020, quá trình hành nghề xe máy công nghệ, Hào quen với một phụ nữ nhưng không biết rõ lai lịch."
Toyota trieu hoi gan 4.000 xe Corolla va Vios tai Viet Nam tu 1/9/2015.,Toyota triệu hồi gần 4.000 xe Corolla và Vios tại Việt Nam từ 1/9/2015.
Nhung co may huy diet tren khong ma Nga dang dung danh IS [VIDEO].,Những cỗ máy hủy diệt trên không mà Nga đang dùng đánh IS [VIDEO].
"Khi dang quang, Hoang Nhung la sinh vien nam thu 3 khoa Quan ly du lich, DH Van hoa (Ha Noi). Uoc mo cua Nhung, nhu co tho lo trong dem chung ket, la tro thanh nguoi quan ly van hoa gioi.","Khi đăng quang, Hoàng Nhung là sinh viên năm thứ 3 khoa Quản lý du lịch, ĐH Văn hóa (Hà Nội). Ước mơ của Nhung, như cô thổ lộ trong đêm chung kết, là trở thành người quản lý văn hóa giỏi."
Da tram o tren duong.,Đã trám ổ trên đường.
"Phat trien KHCN TP.HCM: Chu trong thuc tien, dac thu.","Phát triển KHCN TP.HCM: Chú trọng thực tiễn, đặc thù."
thay kha tien loi nen da tai ung dung de mua ve nhanh gon ke ca khi ban ron.,thấy khá tiện lợi nên đã tải ứng dụng để mua vé nhanh gọn kể cả khi bận rộn.
Quy 3: 1.420 doi tuong toi pham hinh su bi bat giu.,Quý 3: 1.420 đối tượng tội phạm hình sự bị bắt giữ.
Gia smartphone man hinh deo se re hon nua.,Giá smartphone màn hình dẻo sẽ rẻ hơn nữa.
Chan dung co gai tung lam Dam Vinh Hung mat 2 nam de tim kiem.,Chân dung cô gái từng làm Đàm Vĩnh Hưng mất 2 năm để tìm kiếm.
Nhung chiec xe xang cung la buoc hoc tap can thiet cho sau nay.,Những chiếc xe xăng cũng là bước học tập cần thiết cho sau này.
Dua xe tren cau Phu My.,Đua xe trên cầu Phú Mỹ.
"* Doi dau va phong do: - Viettel thang 2 tran, hoa 1 va thua 2 tran truoc TPHCM trong 5 lan doi dau gan day giua 2 doi - Viettel thang 3 tran va thua 2 tran trong 5 tran gan day - TPHCM thang 1 tran va thua 4 tran trong 5 tran gan day  * Phong do Viettel:  * Phong do TPHCM:  * Du doan: Viettel - TPHCM: 2-0  Vu Le","* Đối đầu và phong độ: - Viettel thắng 2 trận, hòa 1 và thua 2 trận trước TPHCM trong 5 lần đối đầu gần đây giữa 2 đội - Viettel thắng 3 trận và thua 2 trận trong 5 trận gần đây - TPHCM thắng 1 trận và thua 4 trận trong 5 trận gần đây  * Phong độ Viettel:  * Phong độ TPHCM:  * Dự đoán: Viettel - TPHCM: 2-0  Vũ Lê"
"Roger Federer ""hoi xuan"" tuoi 33.","Roger Federer ""hồi xuân"" tuổi 33."
"3 thoi diem tuyet doi khong nen lam ""chuyen ay"".","3 thời điểm tuyệt đối không nên làm ""chuyện ấy""."
"IBM bo 1,3 ty USD mua cong ty phan mem Kenexa.","IBM bỏ 1,3 tỷ USD mua công ty phần mềm Kenexa."
Toi rat bat binh va lay lam la voi suy nghi nay cua anh.,Tôi rất bất bình và lấy làm lạ với suy nghĩ này của anh.
"Dai gia bat dong san Ha Thanh tu vong, noi oan cua nguoi vo tre.","Đại gia bất động sản Hà Thành tử vong, nỗi oan của người vợ trẻ."
Dam Ninh Binh va DAP chua cong bo cu the loi nhuan quy 1/2022.,Đạm Ninh Bình và DAP chưa công bố cụ thể lợi nhuận quý 1/2022.
"Cindy Thai Tai ""tinh tu"" ben Jimmi Nguyen.","Cindy Thái Tài ""tình tứ"" bên Jimmi Nguyễn."
Ngoc Trinh lep ve khi chieu cao khiem ton nhat dan chan dai.,Ngọc Trinh lép vế khi chiều cao khiêm tốn nhất dàn chân dài.
Cac ho dan da gop tien lam duong vao nam 2000.,Các hộ dân đã góp tiền làm đường vào năm 2000.
Gia tang cac vu cuong doat tai san.,Gia tăng các vụ cưỡng đoạt tài sản.
"Theo hang thong tan Athens, cuoc gap giua hai Ngoai truong la mot hoat dong trong khuon kho chuyen tham Hy Lap lan dau tien cua ba Nikos Dendias tren cuong vi nguoi dung dau nganh ngoai giao Duc.","Theo hãng thông tấn Athens, cuộc gặp giữa hai Ngoại trưởng là một hoạt động trong khuôn khổ chuyến thăm Hy Lạp lần đầu tiên của bà Nikos Dendias trên cương vị người đứng đầu ngành ngoại giao Đức."
"Kham benh dong kinh, u nao, cot song.","Khám bệnh động kinh, u não, cột sống."
KBNN: Huy dong thanh cong 4.000 ty dong TPCP.,KBNN: Huy động thành công 4.000 tỷ đồng TPCP.
Pha duong day so de vung nong thon.,Phá đường dây số đề vùng nông thôn.
"Nhin bo dang cua vo, toi thuc su so hai.","Nhìn bộ dạng của vợ, tôi thực sự sợ hãi."
Hai doi nhat nhi moi bang va bon doi xep thu 3 co thanh tich tot nhat se gianh quyen vao vong 1/8.,Hai đội nhất nhì mỗi bảng và bốn đội xếp thứ 3 có thành tích tốt nhất sẽ giành quyền vào vòng 1/8.
Than den de nghi do bo mot hang rao phong toa.,Thần đèn đề nghị dỡ bỏ một hàng rào phong tỏa.
"Tong san pham quoc noi (GDP) cua My da suy giam 1,6% trong quy 1 nam 2022, va du kien chi tang truong o muc khoang 0,4% trong quy 2.","Tổng sản phẩm quốc nội (GDP) của Mỹ đã suy giảm 1,6% trong quý 1 năm 2022, và dự kiến chỉ tăng trưởng ở mức khoảng 0,4% trong quý 2."
CSGT bi xe tai tong trong thuong tren Dai lo Thang Long.,CSGT bị xe tải tông trọng thương trên Đại lộ Thăng Long.
Xin duoc de tang Dai tuong nhu nguoi trong gia dinh.,Xin được để tang Đại tướng như người trong gia đình.
"Do se la diem khoi dau kha tot neu muon tranh cu Tong thong"". Trong ""vong ngam"" cua doi thu Neu di theo con duong nay vao nam 2024, do khong phai la mot nhiem vu de dang voi vi cuu Pho Tong thong.","Đó sẽ là điểm khởi đầu khá tốt nếu muốn tranh cử Tổng thống"". Trong ""vòng ngắm"" của đối thủ Nếu đi theo con đường này vào năm 2024, đó không phải là một nhiệm vụ dễ dàng với vị cựu Phó Tổng thống."
Chum anh dam cuoi con gai cuu Tong thong My.,Chùm ảnh đám cưới con gái cựu Tổng thống Mỹ.
"Chuyen thua thay, thieu tho va nghich ly chon nghe.","Chuyện thừa thầy, thiếu thợ và nghịch lý chọn nghề."
"Bang cach do, nguoi ta co the tang cuong tieu thu kali vi dieu do co the lam giam tac dong cua natri len huyet ap.","Bằng cách đó, người ta có thể tăng cường tiêu thụ kali vì điều đó có thể làm giảm tác động của natri lên huyết áp."
TP.HCM: De nghi lam ro mot vu ban du an gay thiet hai gan 20 ti dong.,TP.HCM: Đề nghị làm rõ một vụ bán dự án gây thiệt hại gần 20 tỉ đồng.
Top 10 co phieu anh huong Index phien 30/11.,Top 10 cổ phiếu ảnh hưởng Index phiên 30/11.
So tien thu duoc Khanh Ly se ung ho cho cac tre em la nan nhan cua dai dich COVID-19 tai Viet Nam.,Số tiền thu được Khánh Ly sẽ ủng hộ cho các trẻ em là nạn nhân của đại dịch COVID-19 tại Việt Nam.
Safari 5 co them tien ich Reader.,Safari 5 có thêm tiện ích Reader.
"Tham chi, mon an nay luon co mat trong nhung bua tiec lon nho, dac biet la vao dip le, Tet.","Thậm chí, món ăn này luôn có mặt trong những bữa tiệc lớn nhỏ, đặc biệt là vào dịp lễ, Tết."
"Villas-Boas, toi se khong bi sa thai.","Villas-Boas, tôi sẽ không bị sa thải."
Len Ho Tay thuong thuc honey toast va banh bao kieu My.,Lên Hồ Tây thưởng thức honey toast và bánh bao kiểu Mỹ.
Day thi som ngay cang duoc nhieu bac phu huynh quan tam hon.,Dậy thì sớm ngày càng được nhiều bậc phụ huynh quan tâm hơn.
"Quan doi Syria dieu linh tiep vien, tai chiem thi tran chien luoc o Raqqa.","Quân đội Syria điều lính tiếp viện, tái chiếm thị trấn chiến lược ở Raqqa."
To am cho doi uyen uong Goc thiet ke.,Tổ ấm cho đôi uyên ương Góc thiết kế.
"Kim ngach xuat khau hang hoa tang gan 2 lan, tu 1,4 ty USD nam 2010 len 2,47 ty USD nam 2020.","Kim ngạch xuất khẩu hàng hóa tăng gần 2 lần, từ 1,4 tỷ USD năm 2010 lên 2,47 tỷ USD năm 2020."
Chelsea Southampton: Dau hoi cho Mourinho.,Chelsea Southampton: Dấu hỏi cho Mourinho.
"Giet nguoi, rua sach hung khi roi ung dung... di ngu.","Giết người, rửa sạch hung khí rồi ung dung... đi ngủ."
"Reuters da thu thap duoc 10 tin nhan giua cac nhan vien cap cao cua Binance trong giai doan 2019-2020, de cap den viec thu hang nguoi dung Iran tang len cung nhu muc do pho bien cua san qua khao sat tren Instagram tai nuoc nay.","Reuters đã thu thập được 10 tin nhắn giữa các nhân viên cấp cao của Binance trong giai đoạn 2019-2020, đề cập đến việc thứ hạng người dùng Iran tăng lên cũng như mức độ phổ biến của sàn qua khảo sát trên Instagram tại nước này."
"Ong cung khang dinh den thoi diem nay, tuy cac chu xe co thac mac, co phan anh nhung khi duoc giai thich, phoi hop thuc hien.","Ông cũng khẳng định đến thời điểm này, tuy các chủ xe có thắc mắc, có phản ảnh nhưng khi được giải thích, phối hợp thực hiện."
Bat ngo phut cuoi vu sat hai doanh nhan o Sai Gon.,Bất ngờ phút cuối vụ sát hại doanh nhân ở Sài Gòn.
Soi lai loi nhuan qua cao cua ngan hang co phan.,Soi lại lợi nhuận quá cao của ngân hàng cổ phần.
"Not Spring, Love, or Cherry Blossoms - HIGH4 ft..","Not Spring, Love, or Cherry Blossoms - HIGH4 ft.."
Doanh nghiep 24h: Dau hoi co phan hoa MobiFone.,Doanh nghiệp 24h: Dấu hỏi cổ phần hóa MobiFone.
"Mot so can bo, dang vien cua CDC Khanh Hoa da nhan ""qua tang"" cua doi tac trai quy dinh, vi pham phap luat, bi khoi to, bat tam giam va bi thi hanh ky luat ve Dang.","Một số cán bộ, đảng viên của CDC Khánh Hoà đã nhận ""quà tặng"" của đối tác trái quy định, vi phạm pháp luật, bị khởi tố, bắt tạm giam và bị thi hành kỷ luật về Đảng."
"Nhin chung, gia xang da giam khoang 1/4 so voi muc cao gan day (khoang 4,92 USD/gallon mot thang truoc). Nha phan tich thi truong Devin Gladden cho rang gia xang dang tiep tuc xu huong giam keo dai nhieu tuan qua, dong thoi nhan manh rang nhu cau khi dot dang giam di mot chut.","Nhìn chung, giá xăng đã giảm khoảng 1/4 so với mức cao gần đây (khoảng 4,92 USD/gallon một tháng trước). Nhà phân tích thị trường Devin Gladden cho rằng giá xăng đang tiếp tục xu hướng giảm kéo dài nhiều tuần qua, đồng thời nhấn mạnh rằng nhu cầu khí đốt đang giảm đi một chút."
"Ba cho hay: ""Kinh nghiem tu nhieu du an truoc, toi deu luot song can ho lai vai tram trieu dong.","Bà cho hay: ""Kinh nghiệm từ nhiều dự án trước, tôi đều lướt sóng căn hộ lãi vài trăm triệu đồng."
Ngu dan Ly Son ra quan dau nam.,Ngư dân Lý Sơn ra quân đầu năm.
Mai dia thao - loai hoa dep khien nguoi yeu hoa dam say.,Mai địa thảo - loài hoa đẹp khiến người yêu hoa đắm say.
Am thuc tai nha hang Xinwang Hongkong Cafe.,Ẩm thực tại nhà hàng Xinwang Hongkong Café.
Me ruot Trang Tran ngo ngang truoc tin con gai duoc tai ngoai.,Mẹ ruột Trang Trần ngỡ ngàng trước tin con gái được tại ngoại.
"Tren trang ca nhan cua H'Hen Nie, netizen thuong bat gap hinh anh nguoi dep an van gian di, doi non la, deo gui di hai trai cay.","Trên trang cá nhân của H'Hen Niê, netizen thường bắt gặp hình ảnh người đẹp ăn vận giản dị, đội nón lá, đeo gùi đi hái trái cây."
"Dem sung toi tan nha truy sat, giai quyet mau thuan ca nhan.","Đem súng tới tận nhà truy sát, giải quyết mâu thuẫn cá nhân."
"MWG: Tra co tuc 15% trong quy II/2016, thuong co phieu ESOP 3% nam 2016.","MWG: Trả cổ tức 15% trong quý II/2016, thưởng cổ phiếu ESOP 3% năm 2016."
A hau Tu Anh va Huyen My dien do doi khoe sac ben bien vang.,Á hậu Tú Anh và Huyền My diện đồ đôi khoe sắc bên biển vắng.
Luc luong bao ve bo bien My da cuu duoc 66 nguoi khac tren tau va gioi chuc dang co gang xac dinh quoc tich cua nhung nguoi di cu nay.,Lực lượng bảo vệ bờ biển Mỹ đã cứu được 66 người khác trên tàu và giới chức đang cố gắng xác định quốc tịch của những người di cư này.
"Ngay 6/7, them hang chuc trieu nguoi o Trung Quoc da duoc yeu cau khong ra khoi nha, trong khi cac co so kinh doanh tai mot thanh pho du lich lon buoc phai dong cua sau khi cac o dich COVID-19 moi bung phat lam day len lo ngai ve kha nang cac bien phap han che tiep tuc siet chat.","Ngày 6/7, thêm hàng chục triệu người ở Trung Quốc đã được yêu cầu không ra khỏi nhà, trong khi các cơ sở kinh doanh tại một thành phố du lịch lớn buộc phải đóng cửa sau khi các ổ dịch COVID-19 mới bùng phát làm dấy lên lo ngại về khả năng các biện pháp hạn chế tiếp tục siết chặt."
Chua het bao luc.,Chưa hết bạo lực.
"Truy thu, thu thue tu thuong mai dien tu xuyen bien gioi tang manh Theo bao cao ve so thu thue cua cac ca nhan su dung thuong mai dien tu (TMDT) xuyen bien gioi tai Viet Nam vua duoc Bo Tai chinh cong bo, trong cac nam tu 2017 den nay, rat nhieu nguoi co thu nhap khung, bi truy thu thue.","Truy thu, thu thuế từ thương mại điện tử xuyên biên giới tăng mạnh Theo báo cáo về số thu thuế của các cá nhân sử dụng thương mại điện tử (TMĐT) xuyên biên giới tại Việt Nam vừa được Bộ Tài chính công bố, trong các năm từ 2017 đến nay, rất nhiều người có thu nhập khủng, bị truy thu thuế."
- Vai nam tro lai day anh ngoi o cac vi tri HLV cua cac gameshow giai tri don thuan.,- Vài năm trở lại đây anh ngồi ở các vị trí HLV của các gameshow giải trí đơn thuần.
Ho se cung nhau trai qua cuoc song hoc duong vao ban ngay va dam nhiem trong trach cua cac chien binh phep thuat khi man dem buong xuong.,Họ sẽ cùng nhau trải qua cuộc sống học đường vào ban ngày và đảm nhiệm trọng trách của các chiến binh phép thuật khi màn đêm buông xuống.
Ung dung de xem video tot hon tren Android.,Ứng dụng để xem video tốt hơn trên Android.
Xe hop sap phai dan them 1 loai tem moi truoc khi lan banh.,Xế hộp sắp phải dán thêm 1 loại tem mới trước khi lăn bánh.
"Clip: Vo vao thu do, 'nu quai' trom 3 chiec dien thoai va 6 trieu dong trong tich tac.","Clip: Vờ vào thử đồ, 'nữ quái' trộm 3 chiếc điện thoại và 6 triệu đồng trong tích tắc."
Gap Dao trong bo anh dep la Chuyen di ve nguon coi voi CHULA.,Gặp Dao trong bộ ảnh đẹp lạ Chuyến đi về nguồn cội với CHULA.
"Khu vuc kinh te tu nhan dong vai tro quan trong trong qua trinh cong nghiep hoa, hien dai hoa o Viet Nam.","Khu vực kinh tế tư nhân đóng vai trò quan trọng trong quá trình công nghiệp hóa, hiện đại hóa ở Việt Nam."
"Phoenix la mot trong nhung thanh pho phat trien nhanh nhat nuoc My, co luong nguoi vo gia cu lon, nhiet do khac nghiet va gia thue nha bat on.","Phoenix là một trong những thành phố phát triển nhanh nhất nước Mỹ, có lượng người vô gia cư lớn, nhiệt độ khắc nghiệt và giá thuê nhà bất ổn."
Robinho se la so mot (Nhung hinh anh the thao doc nhat ngay 15/6).,Robinho sẽ là số một (Những hình ảnh thể thao độc nhất ngày 15/6).
Uu dai lon cho khach dat mua Lenovo Tab 3.,Ưu đãi lớn cho khách đặt mua Lenovo Tab 3.
Nhan dinh thi truong chung khoan ngay 15/8/2013.,Nhận định thị trường chứng khoán ngày 15/8/2013.
DTDD co gay nghien?.,ĐTDĐ có gây nghiện?.
"Nha Trang to chuc tiep nhan phan dien tich 21.722 m2 dat mat bien tai du an cong vien Phu Dong (duong Tran Phu, TP.","Nha Trang tổ chức tiếp nhận phần diện tích 21.722 m2 đất mặt biển tại dự án công viên Phù Đổng (đường Trần Phú, TP."
"Bang cach kheo leo sap xep mang xanh va cac dai canh thien nhien nhu song luoi, suoi canh quan, thac nuoc, vuon treo… du an mang den trai nghiem tham quan, mua sam nhu nghi duong dang cap, ngay trong phan loi cua cac toa nha.","Bằng cách khéo léo sắp xếp mảng xanh và các đại cảnh thiên nhiên như sông lười, suối cảnh quan, thác nước, vườn treo… dự án mang đến trải nghiệm tham quan, mua sắm như nghỉ dưỡng đẳng cấp, ngay trong phần lõi của các tòa nhà."
Ong Ban Ki-moon mong EU duy tri la doi tac vung chac cua LHQ.,Ông Ban Ki-moon mong EU duy trì là đối tác vững chắc của LHQ.
"Vu no xay ra khi Thuong Hai, dau tau cong nghiep va thanh pho dong dan nhat cua Trung Quoc, dang dan noi lai hoat dong kinh doanh sau 2 thang phong toa ngua COVID-19 do bien the Omicron lay lan.","Vụ nổ xảy ra khi Thượng Hải, đầu tàu công nghiệp và thành phố đông dân nhất của Trung Quốc, đang dần nối lại hoạt động kinh doanh sau 2 tháng phong tỏa ngừa COVID-19 do biến thể Omicron lây lan."
Ke loi dung danh nghia DN de lua nong dan da bi bat.,Kẻ lợi dụng danh nghĩa DN để lừa nông dân đã bị bắt.
"Tru cot tro lai, Ancelotti nhan tin cuc vui.","Trụ cột trở lại, Ancelotti nhận tin cực vui."
Van nang ganh lai suat.,Vẫn nặng gánh lãi suất.
Am anh benh trang thai.,Ám ảnh bệnh trạng thái.
Gan 100 doi bong chuyen sinh vien so tai cao thap.,Gần 100 đội bóng chuyền sinh viên so tài cao thấp.
"Hau qua lam chi Chuot tu vong tai hien truong, chi Phuong va chau Mai bi thuong.","Hậu quả làm chị Chuột tử vong tại hiện trường, chị Phượng và cháu Mai bị thương."
Nha bao hoc... viet ve moi truong.,Nhà báo học... viết về môi trường.
3 nu sinh chet nghi do CSGT truy duoi: Cong an tinh len tieng.,3 nữ sinh chết nghi do CSGT truy đuổi: Công an tỉnh lên tiếng.
"O bai thi Khoa hoc xa hoi, de thi mon Lich su kha co ban den cau 30, phan hoa tu cau 30 den cau 35, phan hoa cao tu cau 35 den cau 40.","Ở bài thi Khoa học xã hội, đề thi môn Lịch sử khá cơ bản đến câu 30, phân hóa từ câu 30 đến câu 35, phân hóa cao từ câu 35 đến câu 40."
"Lin Dan - Lee Chong Wei: ""Messi-CR7"" lang cau long (P1).","Lin Dan - Lee Chong Wei: ""Messi-CR7"" làng cầu lông (P1)."
7 ly do ban nen den Han Quoc vao mua lanh.,7 lý do bạn nên đến Hàn Quốc vào mùa lạnh.
PLC: Tra co tuc con lai nam 2009 bang co phieu.,PLC: Trả cổ tức còn lại năm 2009 bằng cổ phiếu.
Ghe tham 25 le hoi mua thu lon nhat the gioi.,Ghé thăm 25 lễ hội mùa thu lớn nhất thế giới.
"Boi de danh gia cac phuong thuc khac ngoai to hop diem thi cua cac truong co muc diem du dieu kien trung tuyen cao hay thap thuc ra con tuy cach tinh diem, muc cong diem uu tien... ""Cung co the don gian la do chi tieu cua nganh hoc nao do it qua.","Bởi để đánh giá các phương thức khác ngoài tổ hợp điểm thi của các trường có mức điểm đủ điều kiện trúng tuyển cao hay thấp thực ra còn tùy cách tính điểm, mức cộng điểm ưu tiên... ""Cũng có thể đơn giản là do chỉ tiêu của ngành học nào đó ít quá."
"Truoc do, trong thuc hien mo hinh phan loai rac tai nguon theo chu truong rieng cua TP.HCM, dia phuong nay huong dan nguoi dan phan thanh 2 loai rac.","Trước đó, trong thực hiện mô hình phân loại rác tại nguồn theo chủ trương riêng của TP.HCM, địa phương này hướng dẫn người dân phân thành 2 loại rác."
"Tu khi ket ban, chi va anh thuong xuyen noi chuyen voi nhau.","Từ khi kết bạn, chị và anh thường xuyên nói chuyện với nhau."
Nha van Tran Huu Tong: Nguoi linh gia ke chuyen bien cuong.,Nhà văn Trần Hữu Tòng: Người lính già kể chuyện biên cương.
"Ngay vao vien nguoi benh thay tinh trang vuong, dau o vung co tang len, nguoi benh da den kham tai Benh vien Viet Nam – Thuy Dien Uong Bi.","Ngày vào viện người bệnh thấy tình trạng vướng, đau ở vùng cổ tăng lên, người bệnh đã đến khám tại Bệnh viện Việt Nam – Thụy Điển Uông Bí."
Truy tang Huan chuong Sao Vang cho ong Truong Quang Giao.,Truy tặng Huân chương Sao Vàng cho ông Trương Quang Giao.
Nguoi giup viec noi long tham.,Người giúp việc nổi lòng tham.
Dam bao an toan thong tin lien lac phuc vu cong tac bau cu.,Đảm bảo an toàn thông tin liên lạc phục vụ công tác bầu cử.
Tin moi vu 'xe dien' ha guc 4 xe may tren quoc lo.,Tin mới vụ 'xe điên' hạ gục 4 xe máy trên quốc lộ.
Jo Kwon (2AM) se quay tung trong phim moi.,Jo Kwon (2AM) sẽ quậy tưng trong phim mới.
"Voi vang loan tin, truyen thong Nga an qua lua cua thong cao bao chi gia.","Vội vàng loan tin, truyền thông Nga ăn quả lừa của thông cáo báo chí giả."
"Truoc khi vao IVS cac em la nhung dua tre bi bo quen, song duoi cai nhin khac biet tu gia dinh va thay co.","Trước khi vào IVS các em là những đứa trẻ bị bỏ quên, sống dưới cái nhìn khác biệt từ gia đình và thầy cô."
Thu linh nhom khung bo al-Nusra da chet.,Thủ lĩnh nhóm khủng bố al-Nusra đã chết.
Thanh Hang doi man 5kg an tuong tren san catwalk.,Thanh Hằng đội mấn 5kg ấn tượng trên sàn catwalk.
The thao trong nuoc 5.7.2013.,Thể thao trong nước 5.7.2013.
"Be Kim Ngan: ""Con duoc ve que noi, choi voi anh trai.","Bé Kim Ngân: ""Con được về quê nội, chơi với anh trai."
Hoc sinh khong mang dien thoai di dong den truong.,Học sinh không mang điện thoại di động đến trường.
NASA thua nhan co hanh tinh khong lo day bang tuyet lon gap 10 lan trai dat.,NASA thừa nhận có hành tinh khổng lồ đầy băng tuyết lớn gấp 10 lần trái đất.
Beo cai va ke dau ngua tri ngua.,Bèo cái và ké đầu ngựa trị ngứa.
"Ronaldo phai suy nghi ngan han o tuoi 37, y thuc rang ngay ca the trang vuot troi cung chi co the giup anh con 3 hoac 4 nam nua o dang cap cao nhat.","Ronaldo phải suy nghĩ ngắn hạn ở tuổi 37, ý thức rằng ngay cả thể trạng vượt trội cũng chỉ có thể giúp anh còn 3 hoặc 4 năm nữa ở đẳng cấp cao nhất."
"Nguoc lai, dong euro tiep tuc giam xuong muc thap nhat trong vong 20 nam so voi USD khi con 1,027 USD.","Ngược lại, đồng euro tiếp tục giảm xuống mức thấp nhất trong vòng 20 năm so với USD khi còn 1,027 USD."
"Hop tham kin: Bo vo vay tien danh bac, em vo cung xin tien tan gai.","Hộp thầm kín: Bố vợ vay tiền đánh bạc, em vợ cũng xin tiền tán gái."
"Con thiet mang do tiem chung, cha me duoc boi thuong 10 ti dong.","Con thiệt mạng do tiêm chủng, cha mẹ được bồi thường 10 tỉ đồng."
Thi sinh Vietnam Idol ruc ro trong dem Giang sinh.,Thí sinh Vietnam Idol rực rỡ trong đêm Giáng sinh.
"Tan HLV pho HA.GL, Nguyen Quoc Tuan: Hai lan lam pho tuong.","Tân HLV phó HA.GL, Nguyễn Quốc Tuấn: Hai lần làm phó tướng."
"Nguoi dep ""Truyen thuyet Jumong"" bi bat qua tang hen ho sau chia tay tinh cu.","Người đẹp ""Truyền thuyết Jumong"" bị bắt quả tang hẹn hò sau chia tay tình cũ."
Noi lo thuc pham khong an toan.,Nỗi lo thực phẩm không an toàn.
Mot phu nu mat mang boi 31 nhat dao.,Một phụ nữ mất mạng bởi 31 nhát dao.
"Xe hop tong xe bon, dan dung canh tien.","Xế hộp tông xe bồn, dân đứng canh tiền."
A khoi ao dai Luu Ly tung anh dep nong bong sau thoi gian 'o an'.,Á khôi áo dài Lưu Ly tung ảnh đẹp nóng bỏng sau thời gian 'ở ẩn'.
TP.HCM cai thien moi truong dau tu.,TP.HCM cải thiện môi trường đầu tư.
Ai uom Chiec giay Vang Viet Nam dau tien?.,Ai ướm Chiếc giày Vàng Việt Nam đầu tiên?.
Seoul da co bang chung ve vu chim tau Cheonan.,Seoul đã có bằng chứng về vụ chìm tàu Cheonan.
Hien chua xac dinh duoc danh tinh cua 4 hai cot liet si nay.,Hiện chưa xác định được danh tính của 4 hài cốt liệt sĩ này.
"Trong loi tua cuon sach, nha tho Le Minh Quoc viet: ""Loi nguyen cau cho nhung linh hon phieu dat, lan nay, nha van Doan Tuan da khien ta ngac nhien, la lung voi nhung nhan vat nhu Anh, nhu dong doi cua Anh, nhu cac nha su dong hanh cung Anh, nhu biet bao con nguoi binh di khac…"". ""Khep sach lai, han ta con nghe am vang, vang vong mai tieng noi cuoi, tieng khoc tham, tieng nuc no, tieng kinh cau… chan chua yeu thuong, tham dam tinh nguoi"".","Trong lời tựa cuốn sách, nhà thơ Lê Minh Quốc viết: ""Lời nguyện cầu cho những linh hồn phiêu dạt, lần này, nhà văn Đoàn Tuấn đã khiến ta ngạc nhiên, lạ lùng với những nhân vật như Ánh, như đồng đội của Ánh, như các nhà sư đồng hành cùng Ánh, như biết bao con người bình dị khác…"". ""Khép sách lại, hẳn ta còn nghe âm vang, vang vọng mãi tiếng nói cười, tiếng khóc thầm, tiếng nức nở, tiếng kinh cầu… chan chứa yêu thương, thấm đẫm tình người""."
Nha gia re cho huong dan.,Nhà giá rẻ chờ hướng dẫn.
"Diego Costa: Nguoi lu mo Messi, Ronaldo.","Diego Costa: Người lu mờ Messi, Ronaldo."
Thanh ly vay voan cho cac nang mi nhon.,Thanh lý váy voan cho các nàng mi nhon.
"Ngoai ra, ong Abe con buoc phai hoan The van hoi Tokyo du la nguoi co cong dua su kien nay toi Nhat Ban.","Ngoài ra, ông Abe còn buộc phải hoãn Thế vận hội Tokyo dù là người có công đưa sự kiện này tới Nhật Bản."
San vat nuoc Nam.,Sản vật nước Nam.
Video: Loi ke nguoi thoat chet sau tai nan tham khoc.,Video: Lời kể người thoát chết sau tai nạn thảm khốc.
Dong thoi khong nen thuc khuya de tranh cam giac them an ho tro giam can nhanh chong hon.,Đồng thời không nên thức khuya để tránh cảm giác thèm ăn hỗ trợ giảm cân nhanh chóng hơn.
Tin tuc nong nhat tren cac bao ngay 27/7.,Tin tức nóng nhất trên các báo ngày 27/7.
"Tet Trung thu, sam do choi bao luc, khong an toan de mua nhu...rau.","Tết Trung thu, sắm đồ chơi bạo lực, không an toàn dễ mua như...rau."
So phan bi an cua phi cong My bi ban roi tai Trieu Tien.,Số phận bí ẩn của phi công Mỹ bị bắn rơi tại Triều Tiên.
Duong My Linh khoe can ho moi tau.,Dương Mỹ Linh khoe căn hộ mới tậu.
"Vi sao Evernote lai ban nhung san pham vat ly nhu may scan, but stylus, ba lo...?.","Vì sao Evernote lại bán những sản phẩm vật lý như máy scan, bút stylus, ba lô...?."
Dau nam moi den Ly Son vieng mo gio.,Đầu năm mới đến Lý Sơn viếng mộ gió.
"Dam hon gai la giua pho, nguoi dan ong bi ban gai rach mat 18 nhat.","Dám hôn gái lạ giữa phố, người đàn ông bị bạn gái rạch mặt 18 nhát."
Tai sao lai phai yeu nguoi xau?.,Tại sao lại phải yêu người xấu?.
Komuro da bo phieu cho dang LDP o Edogawa.,Komuro đã bỏ phiếu cho đảng LDP ở Edogawa.
Che Hiep Khanh lui ke hoach niem yet.,Chè Hiệp Khánh lùi kế hoạch niêm yết.
GHC: Chot danh sach ung 9% co tuc.,GHC: Chốt danh sách ứng 9% cổ tức.
Bong da noi luc.,Bóng đá nội lực.
Gioi lam an Nhat Ban tim cach rut khoi Trung Quoc.,Giới làm ăn Nhật Bản tìm cách rút khỏi Trung Quốc.
Trieu Tien se thu bom hat nhan trong hai tuan toi?.,Triều Tiên sẽ thử bom hạt nhân trong hai tuần tới?.
Hoi cho do go va trang tri noi that Viet Nam - Vifa Home 2010.,Hội chợ đồ gỗ và trang trí nội thất Việt Nam - Vifa Home 2010.
"Trong nam nam, tien dao 21 tuoi lan luot ghi 20 ban trong 50 tran cho Molde, 29 ban trong 27 tran cho Red Bull Salzburg va 86 ban trong 89 tran cho Dortmund.","Trong năm năm, tiền đạo 21 tuổi lần lượt ghi 20 bàn trong 50 trận cho Molde, 29 bàn trong 27 trận cho Red Bull Salzburg và 86 bàn trong 89 trận cho Dortmund."
Ba Truong Thi Mai - truong Ban To chuc Trung uong - chu tri hoi thao.,Bà Trương Thị Mai - trưởng Ban Tổ chức Trung ương - chủ trì hội thảo.
"Khu vuon ""nguy hiem chet nguoi"".","Khu vườn ""nguy hiểm chết người""."
Mittinh ky niem 38 nam Ngay Giai phong mien Nam.,Míttinh kỷ niệm 38 năm Ngày Giải phóng miền Nam.
Lua thieu rui bai co o quan 2.,Lửa thiêu rụi bãi cỏ ở quận 2.
DT bong da nu Viet Nam lan dau tien di tap huan o chau Au.,ĐT bóng đá nữ Việt Nam lần đầu tiên đi tập huấn ở châu Âu.
Giao luu am nhac Bac Lieu - TP HCM: 'Bac Lieu ta di len'.,Giao lưu âm nhạc Bạc Liêu - TP HCM: 'Bạc Liêu ta đi lên'.
"Lai Chau: Ho tro hon 2,3 ty dong tien dien cho ho ngheo.","Lai Châu: Hỗ trợ hơn 2,3 tỷ đồng tiền điện cho hộ nghèo."
Trung Quoc bi thiet hai nang ne do bao Megi gay ra.,Trung Quốc bị thiệt hại nặng nề do bão Megi gây ra.
Siemens va Volvo lap lien doanh xe dien.,Siemens và Volvo lập liên doanh xe điện.
"Trong khi nghi lai o khach san, ca nhom duoc nguoi dan dia phuong nhac nho va dua ra mot so truong hop bi lua khi qua lam viec o Campuchia nen ca nhom cung nhau ban bac bo tron thi lac mat nhau.","Trong khi nghỉ lại ở khách sạn, cả nhóm được người dân địa phương nhắc nhở và đưa ra một số trường hợp bị lừa khi qua làm việc ở Campuchia nên cả nhóm cùng nhau bàn bạc bỏ trốn thì lạc mất nhau."
Nganh du lich Da Nang dat 70.000 ti dong/nam.,Ngành du lịch Đà Nẵng đạt 70.000 tỉ đồng/năm.
"Bo san pham DeeplyRooted hoi tu day du 6 thanh phan uu tu co nguon goc tu thuc vat mang den hieu qua cho nguoi dung gom Capisoothe, KeraGuardTM, CapixylTM, RootBioTec HWTM, AnaGainTM, Hairgenyl®. Cac thanh phan nay se tao nen 4 tac dong (4T) la tang cuong dinh duong, thiet lap mang chan, thuc day moc toc) va tai tao cau truc toc mang lai mot mai toc chac khoe, day dep.","Bộ sản phẩm DeeplyRooted hội tụ đầy đủ 6 thành phần ưu tú có nguồn gốc từ thực vật mang đến hiệu quả cho người dùng gồm Capisoothe, KeraGuardTM, CapixylTM, RootBioTec HWTM, AnaGainTM, Hairgenyl®. Các thành phần này sẽ tạo nên 4 tác động (4T) là tăng cường dinh dưỡng, thiết lập màng chắn, thúc đẩy mọc tóc) và tái tạo cấu trúc tóc mang lại một mái tóc chắc khỏe, dày đẹp."
Chau co benh nen Thalassemia (benh mau tan huyet) cong voi nhap vien tre nen sau do da tu vong.,Cháu có bệnh nền Thalassemia (bệnh máu tán huyết) cộng với nhập viện trễ nên sau đó đã tử vong.
Hanh phuc bat ngo den voi nguoi me dien sinh con nhung khong biet cha dua tre la ai.,Hạnh phúc bất ngờ đến với người mẹ điên sinh con nhưng không biết cha đứa trẻ là ai.
7 dieu de ot me bau co the lam de con thong minh hon.,7 điều dễ ợt mẹ bầu có thể làm để con thông minh hơn.
Anh nong cua cac sao Hollywood bi ro ri nhu the nao?.,Ảnh nóng của các sao Hollywood bị rò rỉ như thế nào?.
Tong thong Nga ra lenh rut quan khoi khu vuc bien gioi Nga - Ukraine.,Tổng thống Nga ra lệnh rút quân khỏi khu vực biên giới Nga - Ukraine.
Nafosted tiep nhan 141 ho so de tai KHXH trong nam 2012.,Nafosted tiếp nhận 141 hồ sơ đề tài KHXH trong năm 2012.
Sieu thi mo cua toi 23h phuc vu nhu cau sam Tet.,Siêu thị mở cửa tới 23h phục vụ nhu cầu sắm Tết.
EUR-15 nam thang tram (K3): Tuong lai bat dinh.,EUR-15 năm thăng trầm (K3): Tương lai bất định.
Den Abu Simbel va Hoang hau bi an nhat trong lich su Ai Cap co dai.,Đền Abu Simbel và Hoàng hậu bí ẩn nhất trong lịch sử Ai Cập cổ đại.
Con trai GS Ton That Bach doat giai cuoc thi Tet dep trong toi la.,Con trai GS Tôn Thất Bách đoạt giải cuộc thi Tết đẹp trong tôi là.
"BXH tennis 27/6: ""Nguoi thep"" hen lat do Nadal.","BXH tennis 27/6: ""Người thép"" hẹn lật đổ Nadal."
"Thu choi be khoa, 'do' phan mem smartphone.","Thú chơi bẻ khóa, 'độ' phần mềm smartphone."
Bayern chiem ngoi dau.,Bayern chiếm ngôi đầu.
Khuyen mai vien thong 2009: Moi goi hay xua duoi khach?.,Khuyến mại viễn thông 2009: Mời gọi hay xua đuổi khách?.
Nga tieu huy 62% kho vu khi hoa hoc theo cam ket.,Nga tiêu hủy 62% kho vũ khí hóa học theo cam kết.
Nang kha nang chong chiu sau benh cho lua xuan.,Nâng khả năng chống chịu sâu bệnh cho lúa xuân.
BIDV MetLife khai truong tai Viet Nam.,BIDV MetLife khai trương tại Việt Nam.
De an toan luon dong hanh.,Để an toàn luôn đồng hành.
"""Trong hoat dong xac dinh gia tri doanh nghiep, KTNN tien hanh kiem tra tinh chinh xac cua ket qua xac dinh gia tri doanh nghiep do cac don vi tu van dinh gia dua ra, giup ngan chan nguy co that thoat von nha nuoc dau tu tai doanh nghiep do bi dinh gia thap, dong thoi gop phan toi da hoa loi ich chinh dang cua nha nuoc thu ve thong qua co phan hoa.","""Trong hoạt động xác định giá trị doanh nghiệp, KTNN tiến hành kiểm tra tính chính xác của kết quả xác định giá trị doanh nghiệp do các đơn vị tư vấn định giá đưa ra, giúp ngăn chặn nguy cơ thất thoát vốn nhà nước đầu tư tại doanh nghiệp do bị định giá thấp, đồng thời góp phần tối đa hóa lợi ích chính đáng của nhà nước thu về thông qua cổ phần hóa."
Vay suong de thuong cho nang nu tinh.,Váy suông dễ thương cho nàng nữ tính.
TPHCM: Mat ngu vi sau long.,TPHCM: Mất ngủ vì sâu lông.
Tai dien lach tran lai suat.,Tái diễn lách trần lãi suất.
Le hoi Oxy Crazy Christmas mung Giang sinh.,Lễ hội Oxy Crazy Christmas mừng Giáng sinh.
Viet Nam dung thu 12 the gioi ve chat luong giao duc Toan va Khoa hoc: Vui mung hay ngac nhien?.,Việt Nam đứng thứ 12 thế giới về chất lượng giáo dục Toán và Khoa học: Vui mừng hay ngạc nhiên?.
Khoi mu bao phu nhieu nuoc o khu vuc Dong Nam A.,Khói mù bao phủ nhiều nước ở khu vực Đông Nam Á.
"Hung Yen bao cao Thu tuong ve hien tuong xe khach ""dau gau"" nao loan duong 5.","Hưng Yên báo cáo Thủ tướng về hiện tượng xe khách ""đầu gấu"" náo loạn đường 5."
"Ve co ban, cai chet cua nguoi phu nu nay la hau qua cua vu an giet nguoi rat manh dong, lieu linh va tinh quai.","Về cơ bản, cái chết của người phụ nữ này là hậu quả của vụ án giết người rất manh động, liều lĩnh và tinh quái."
Nu Doanh nhan Viet Nam can mot tu duy moi.,Nữ Doanh nhân Việt Nam cần một tư duy mới.
Dung Taylor len tieng thay Thu Phuong ran cac hoc tro.,Dũng Taylor lên tiếng thay Thu Phương răn các học trò.
Chong hon vo 5 tuoi la ly tuong nhat.,Chồng hơn vợ 5 tuổi là lý tưởng nhất.
"Ong nay noi rang, “phuong Tay co quyen gui vu khi hat nhan cho Ukraine”. “Chau Au se gap phai nhung rac roi nghiem trong hon nhieu so voi nhung gi ho da phai doi mat ngay nay - ti nan, lam phat ky luc, khung hoang nang luong”, ong Volodin cho biet.","Ông này nói rằng, “phương Tây có quyền gửi vũ khí hạt nhân cho Ukraine”. “Châu Âu sẽ gặp phải những rắc rối nghiêm trọng hơn nhiều so với những gì họ đã phải đối mặt ngày nay - tị nạn, lạm phát kỷ lục, khủng hoảng năng lượng”, ông Volodin cho biết."
"Day cung la thoi diem trung dip lanh dao G20 hop thuong dinh o Bali, Indonesia.","Đây cũng là thời điểm trùng dịp lãnh đạo G20 họp thượng đỉnh ở Bali, Indonesia."
"Bo GTVT da dau tu xay dung va dua vao khai thac nha ga hanh khach moi T1 tu thang 1.2016 voi cong suat thiet ke 1,2 trieu luot hanh khach/nam.","Bộ GTVT đã đầu tư xây dựng và đưa vào khai thác nhà ga hành khách mới T1 từ tháng 1.2016 với công suất thiết kế 1,2 triệu lượt hành khách/năm."
Muoi su kien noi bat linh vuc lao dong - xa hoi 2011.,Mười sự kiện nổi bật lĩnh vực lao động - xã hội 2011.
Manchester United Inter Milan: Giau co va ngheo nan!.,Manchester United Inter Milan: Giàu có và nghèo nàn!.
Doi moi sang tao: Tu cong nghe den con nguoi.,Đổi mới sáng tạo: Từ công nghệ đến con người.
"Thua Thien - Hue gan ket phat trien lang nghe voi dich vu, du lich.","Thừa Thiên - Huế gắn kết phát triển làng nghề với dịch vụ, du lịch."
"Tham nhung dat, hai can bo UBND quan bi khoi to.","Tham nhũng đất, hai cán bộ UBND quận bị khởi tố."
Cong doan NHNN TW to chuc cuoc thi Giong hat hay nam 2014.,Công đoàn NHNN TW tổ chức cuộc thi Giọng hát hay năm 2014.
Tau thoat that nhanh.,Tẩu thoát thật nhanh.
"Thang truoc, Cuc Quan ly Thuc pham va Duoc pham My chung nhan khan cap vac xin cua Moderna cho tre em tu 6 thang den 5 tuoi va vac xin cua Pfizer cho tre em tu 6 thang den 4 tuoi.","Tháng trước, Cục Quản lý Thực phẩm và Dược phẩm Mỹ chứng nhận khẩn cấp vắc xin của Moderna cho trẻ em từ 6 tháng đến 5 tuổi và vắc xin của Pfizer cho trẻ em từ 6 tháng đến 4 tuổi."
Ga 'yeu rau xanh' gio tro voi hai chi em tan tat.,Gã 'yêu râu xanh' giở trò với hai chị em tàn tật.
Tinh hoa giao duc the gioi ban chuyen tai nang.,Tinh hoa giáo dục thế giới bàn chuyện tài năng.
Hieu ve ca phe.,Hiểu về cà phê.
"""Sat canh cung nhau se giup viec giam thieu thiet hai tu cac lenh trung phat bat hop phap de dang hon, tao thuan loi hon cho san xuat cac san pham can thiet, phat trien nang luc moi va mo rong hop tac voi cac nuoc than thien"", Tong thong Nga khang dinh.","""Sát cánh cùng nhau sẽ giúp việc giảm thiểu thiệt hại từ các lệnh trừng phạt bất hợp pháp dễ dàng hơn, tạo thuận lợi hơn cho sản xuất các sản phẩm cần thiết, phát triển năng lực mới và mở rộng hợp tác với các nước thân thiện"", Tổng thống Nga khẳng định."
Toyota thu hoi 57.000 xe tren toan the gioi do loi tui khi.,Toyota thu hồi 57.000 xe trên toàn thế giới do lỗi túi khí.
Tang toc do Wi-Fi tai nha bang smartphone.,Tăng tốc độ Wi-Fi tại nhà bằng smartphone.
Truy to cac bo sau rua 6 ty USD tien ban.,Truy tố các bộ sậu rửa 6 tỷ USD tiền bẩn.
Dang sau viec lien ket ATM la doi hoi ve ha tang cong nghe.,Đằng sau việc liên kết ATM là đòi hỏi về hạ tầng công nghệ.
Ai Cap: Bat 26 nghi pham khung bo thuoc luc luong EIJ.,Ai Cập: Bắt 26 nghi phạm khủng bố thuộc lực lượng EIJ.
Thach rau cau huong vi khoai mon nhan hieu Taro van luu thong tren thi truong.,Thạch rau câu hương vị khoai môn nhãn hiệu Taro vẫn lưu thông trên thị trường.
My: Hang loat hoc sinh bi thoi hoc vi... om nhau.,Mỹ: Hàng loạt học sinh bị thôi học vì... ôm nhau.
Chuyen vui phim truong.,Chuyện vui phim trường.
Nguoi phu nu hon 500 lan tham gia vot xac tren song.,Nguời phụ nữ hơn 500 lần tham gia vớt xác trên sông.
Meo nho giup dieu tri da dau kho ngua.,Mẹo nhỏ giúp điều trị da đầu khô ngứa.
Tong thong moi cua Phi-li-pin nham chuc.,Tổng thống mới của Phi-li-pin nhậm chức.
"Tuy nhien, thuong sau 16 gio moi ngay, quan da ban het banh de an kem hu tieu ca.","Tuy nhiên, thường sau 16 giờ mỗi ngày, quán đã bán hết bánh để ăn kèm hủ tiếu cá."
Cac nha NK va ban le My phan doi viec tiep tuc ap dung co che giam sat det may doi voi Viet Nam.,Các nhà NK và bán lẻ Mỹ phản đối việc tiếp tục áp dụng cơ chế giám sát dệt may đối với Việt Nam.
Tuan Hung: 'Toi xin loi vi thieu van hoa'.,Tuấn Hưng: 'Tôi xin lỗi vì thiếu văn hóa'.
Nhung vu bao mieng nhat nam 2011.,Những vụ bạo miệng nhất năm 2011.
Tuyet chieu lam lon nhom bep dum ma khong dong tay.,Tuyệt chiêu làm lon nhôm bẹp dúm mà không động tay.
Nhung nhan ma goi cam tren san dien.,Những nhân mã gợi cảm trên sàn diễn.
Con yeu hay bi viem duong ho hap - bo me phai lam sao?..,Con yêu hay bị viêm đường hô hấp - bố mẹ phải làm sao?..
Nghe si dat show ngay tet.,Nghệ sĩ đắt show ngày tết.
Ho vang sinh ho trang.,Hổ vàng sinh hổ trắng.
Hop suc cham lo CNVC-LD.,Hợp sức chăm lo CNVC-LĐ.
Nguoi ham mo bong da Viet Nam duoc xem truyen hinh truc tiep EURO 2012 mien phi ca 31 tran.,Người hâm mộ bóng đá Việt Nam được xem truyền hình trực tiếp EURO 2012 miễn phí cả 31 trận.
Bo truong Cao Duc Phat 'lac quan' ve rung.,Bộ trưởng Cao Đức Phát 'lạc quan' về rừng.
Nguoi nha benh nhan cho biet: Benh nhan bi ca dan ong khoai tan cong khi dang di lam co.,Người nhà bệnh nhân cho biết: Bệnh nhân bị cả đàn ong khoái tấn công khi đang đi làm cỏ.
Nhan lai 8 trieu mat cap sau 3 nam: Hanh dong ky la cua 'ong trom tot bung'.,Nhận lại 8 triệu mất cắp sau 3 năm: Hành động kỳ lạ của 'ông trộm tốt bụng'.
"Giay nha, dat cap sai: Lo hau qua do khong thu hoi.","Giấy nhà, đất cấp sai: Lo hậu quả do không thu hồi."
Pakistan: Cuu tong thong Musharraf bi dua ra xet xu.,Pakistan: Cựu tổng thống Musharraf bị đưa ra xét xử.
"Be boi khi thai, Volkswagen phai trieu hoi 11 trieu xe.","Bê bối khí thải, Volkswagen phải triệu hồi 11 triệu xe."
Birmingham - Chelsea: Vuot kho (Vong 5 FA Cup).,Birmingham - Chelsea: Vượt khó (Vòng 5 FA Cúp).
Quan doi Syria dap tan cuoc tan cong cua IS tai tu dia Deir Ezzor.,Quân đội Syria đập tan cuộc tấn công của IS tại tử địa Deir Ezzor.
"Gay su voi trong tai, Mourinho chi bi nhac nho.","Gây sự với trọng tài, Mourinho chỉ bị nhắc nhở."
Tiep tuc sai pham khi sua sai.,Tiếp tục sai phạm khi sửa sai.
5 cach tri om nghen hieu nghiem tu gung.,5 cách trị ốm nghén hiệu nghiệm từ gừng.
"Anh: TRAN NGOC BN thu 3 la nu, 11 tuoi, o xa Tan Phu Trung, huyen Cu Chi.","Ảnh: TRẦN NGỌC BN thứ 3 là nữ, 11 tuổi, ở xã Tân Phú Trung, huyện Củ Chi."
Don suc cham lo Tet va phat trien doan vien.,Dồn sức chăm lo Tết và phát triển đoàn viên.
"My nhan ""sieu vong mot"" phat cuong vi Tam su.","Mỹ nhân ""siêu vòng một"" phát cuồng vì Tam sư."
Nha van Chu Lai: Phai biet tu bang long.,Nhà văn Chu Lai: Phải biết tự bằng lòng.
23 nam tu cho ke no min muu sat giam doc cong an.,23 năm tù cho kẻ nổ mìn mưu sát giám đốc công an.
Gap me be goc Viet style nhat internet.,Gặp mẹ bé gốc Việt style nhất internet.
VFF chon thay kieu tho.,VFF chọn thầy kiểu thợ.
"VCK giai LT17 QG 2013: Thang HAGL, Ha Noi rong duong vao ban ket.","VCK giải LT17 QG 2013: Thắng HAGL, Hà Nội rộng đường vào bán kết."
Tay Nguyen: Hon 740 sinh vien nguoi dan toc thieu so da duoc bo tri cong tac.,Tây Nguyên: Hơn 740 sinh viên người dân tộc thiểu số đã được bố trí công tác.
"Mariah Carey gay soc vi ""mo mang"".","Mariah Carey gây sốc vì ""mỡ màng""."
Khong doi MBH vi nghi CSGT se nhe tay ngay dau nam.,Không đội MBH vì nghĩ CSGT sẽ nhẹ tay ngày đầu năm.
Gia nong san giam tac dong xau toi kim ngach xuat khau.,Giá nông sản giảm tác động xấu tới kim ngạch xuất khẩu.
"Dieu nay co nghia Chinh phu va cac bo, nganh, to chuc co lien quan can phai pho bien thong tin mot cac kip thoi va chinh xac den cho nguoi dan de dam bao tinh nhat quan va hieu qua trong viec thuc thi chinh sach.","Điều này có nghĩa Chính phủ và các bộ, ngành, tổ chức có liên quan cần phải phổ biến thông tin một các kịp thời và chính xác đến cho người dân để đảm bảo tính nhất quán và hiệu quả trong việc thực thi chính sách."
U23 Viet Nam thang U23 Qatar: 'Nguoi dan an mung co van hoa'.,U23 Việt Nam thắng U23 Qatar: 'Người dân ăn mừng có văn hóa'.
Tham du Hoi thi co 9 thi sinh den tu 7 cong doan co so truc thuoc Cong doan cac khu cong nghiep tinh.,Tham dự Hội thi có 9 thí sinh đến từ 7 công đoàn cơ sở trực thuộc Công đoàn các khu công nghiệp tỉnh.
Cao Thai Son dien tro yeu duong lo bich voi co gai khat danh.,Cao Thái Sơn diễn trò yêu đương lố bịch với cô gái khát danh.
Cac quy co nen mac nhung phien ban dam hoa co nhan eo va co do dai vua phai thoi nhe!,Các quý cô nên mặc những phiên bản đầm hoa có nhấn eo và có độ dài vừa phải thôi nhé!
Nguoi bay tren troi khien dan phat sot.,Người bay trên trời khiến dân phát sốt.
Nghich ly luong nha nuoc.,Nghịch lý lương nhà nước.
Ong Le Hong Anh tham Trung doan Khong quan 940.,Ông Lê Hồng Anh thăm Trung đoàn Không quân 940.
"Gan day, truoc tinh trang gia xang dau tang cao da keo theo chi phi mua thuc an, thuoc thu y nhay vot, lam cho nguoi chan nuoi khong co lai, cuoc song kho khan.","Gần đây, trước tình trạng giá xăng dầu tăng cao đã kéo theo chi phí mua thức ăn, thuốc thú y nhảy vọt, làm cho người chăn nuôi không có lãi, cuộc sống khó khăn."
Hoac Kien Hoa chinh thuc tiet lo ly do khong cuoi trong dam cuoi.,Hoắc Kiến Hoa chính thức tiết lộ lý do không cười trong đám cưới.
"The nhung khi den gan, ban se sung sot vi ho chi la nhung con bup be do mot nguoi phu nu ten Tsukimi Ayano lam ra.","Thế nhưng khi đến gần, bạn sẽ sửng sốt vì họ chỉ là những con búp bê do một người phụ nữ tên Tsukimi Ayano làm ra."
5 nhom giai phap cap bach nham ngan chan suy giam kinh te.,5 nhóm giải pháp cấp bách nhằm ngăn chặn suy giảm kinh tế.
Maradona bi nghi ngo kha nang lanh dao.,Maradona bị nghi ngờ khả năng lãnh đạo.
"Sau do, chung phan huy trong hang trieu, tham chi hang ty nam, tao ra nhung khi quy, bao gom mot luong hydro va heli doi dao.","Sau đó, chúng phân hủy trong hàng triệu, thậm chí hàng tỷ năm, tạo ra những khí quý, bao gồm một lượng hydro và heli dồi dào."
100 ngoi sao sang nhat lich su World Cup.,100 ngôi sao sáng nhất lịch sử World Cup.
Mourinho so sanh hoc tro Sergio Ramos voi vo.,Mourinho so sánh học trò Sergio Ramos với vợ.
Tong thong Nga chung minh kha nang tien tri.,Tổng thống Nga chứng minh khả năng tiên tri.
"Viet Nam - Philippines: Tuyen Viet Nam xuat sac, nuc long nguoi ham mo.","Việt Nam - Philippines: Tuyển Việt Nam xuất sắc, nức lòng người hâm mộ."
Hang thuong gia cua hang hang khong Phap con duoc goi la La Premiere se cung cap cho hanh khach trai nghiem xa xi tu luc ra san bay cho den khi toi dich.,Hạng thương gia của hãng hàng không Pháp còn được gọi là La Première sẽ cung cấp cho hành khách trải nghiệm xa xỉ từ lúc ra sân bay cho đến khi tới đích.
"Peace Wong Wo-ping, Giam doc nghien cuu va van dong chinh sach cua Hoi dong Dich vu xa hoi Hong Kong - lien doan cac co quan dich vu xa hoi phi chinh phu, cho biet su ton tai cua cac don vi chia nho phan anh nhung van de cua thi truong nha o cua thanh pho, bao gom ca su thieu hut cung, thieu dieu tiet va khong co kha nang dap ung nhu cau song cua nguoi co thu nhap thap.","Peace Wong Wo-ping, Giám đốc nghiên cứu và vận động chính sách của Hội đồng Dịch vụ xã hội Hong Kong - liên đoàn các cơ quan dịch vụ xã hội phi chính phủ, cho biết sự tồn tại của các đơn vị chia nhỏ phản ánh những vấn đề của thị trường nhà ở của thành phố, bao gồm cả sự thiếu hụt cung, thiếu điều tiết và không có khả năng đáp ứng nhu cầu sống của người có thu nhập thấp."
Gau truc Trung Quoc co goc gac tu chau Au.,Gấu trúc Trung Quốc có gốc gác từ châu Âu.
TPHCM: Nhieu hoat dong he gan voi moi truong.,TPHCM: Nhiều hoạt động hè gắn với môi trường.
3 bai hoc cua Vinh Phuc trong cong tac phan luong.,3 bài học của Vĩnh Phúc trong công tác phân luồng.
Ha Noi xu phat gan nua ty dong voi mot cong ty da cap.,Hà Nội xử phạt gần nửa tỷ đồng với một công ty đa cấp.
Tong Thanh tra Huynh Phong Tranh lam viec voi lanh dao tinh Quang Ngai.,Tổng Thanh tra Huỳnh Phong Tranh làm việc với lãnh đạo tỉnh Quảng Ngãi.
"Theo cao buoc, so tien ma bi cao Nguyen The Anh (cuu Pho Chanh Van phong Ban chi dao 389 Quoc gia, cuu Pho Cuc Phong chong ma tuy va toi pham Bo doi Bien phong, Chi huy truong Bo Chi huy Bo doi Bien phong tinh Kien Giang) nhan hoi lo duoc xac dinh la 6,2 ty dong va 560 ngan USD.","Theo cáo buộc, số tiền mà bị cáo Nguyễn Thế Anh (cựu Phó Chánh Văn phòng Ban chỉ đạo 389 Quốc gia, cựu Phó Cục Phòng chống ma túy và tội phạm Bộ đội Biên phòng, Chỉ huy trưởng Bộ Chỉ huy Bộ đội Biên phòng tỉnh Kiên Giang) nhận hối lộ được xác định là 6,2 tỷ đồng và 560 ngàn USD."
"Vo do rac bi phan doi, chong xach dao dam nguoi gop y tu vong.","Vợ đổ rác bị phản đối, chồng xách dao đâm người góp ý tử vong."
"Ngoai Italy va Brazil, tham gia chien dich nay co co quan an ninh phong chong toi pham ma tuy Uruguay va My.","Ngoài Italy và Brazil, tham gia chiến dịch này có cơ quan an ninh phòng chống tội phạm ma túy Uruguay và Mỹ."
Trung-My chuan bi cho cuoc Doi thoai vong hai.,Trung-Mỹ chuẩn bị cho cuộc Đối thoại vòng hai.
Dieu tri phi dai tuyen tien liet - Cach nao?.,Điều trị phì đại tuyến tiền liệt - Cách nào?.
Indonesia tang gia xang bat chap bieu tinh phan doi.,Indonesia tăng giá xăng bất chấp biểu tình phản đối.
Cung la van hoa.,Cũng là văn hóa.
Thu quan doi tuyen Ba Lan ghi 6 ban va co 1 kien tao khi doi dau voi doi bong Hoang gia Tay Ban Nha.,Thủ quân đội tuyển Ba Lan ghi 6 bàn và có 1 kiến tạo khi đối đầu với đội bóng Hoàng gia Tây Ban Nha.
Dong Bac A lai tang nhiet.,Đông Bắc Á lại tăng nhiệt.
Ha Noi: Trao danh hieu 'Chien si ao do' cho tinh nguyen vien hien mau.,Hà Nội: Trao danh hiệu 'Chiến sĩ áo đỏ' cho tình nguyện viên hiến máu.
Diem tin: Sir Alex tuc gian sau tran hoa Arsenal.,Điểm tin: Sir Alex tức giận sau trận hòa Arsenal.
Nghi an ba noi sat hai chau be 20 ngay tuoi roi bo o bai rac vi tin loi thay boi?.,Nghi án bà nội sát hại cháu bé 20 ngày tuổi rồi bỏ ở bãi rác vì tin lời thầy bói?.
Carles Puyol se tro lai trong cuoc doi dau AC Milan tai Champions League.,Carles Puyol sẽ trở lại trong cuộc đối đầu AC Milan tại Champions League.
Luong calo nay chua tinh den cac loai hat va mui huong duoc them vao de gia tang huong vi.,Lượng calo này chưa tính đến các loại hạt và mùi hương được thêm vào để gia tăng hương vị.
Da Nang: Thay doi mot loat nhan su cap cao.,Đà Nẵng: Thay đổi một loạt nhân sự cấp cao.
Cao muon oai hum.,Cáo mượn oai hùm.
Tong thong Ammann se la nguyen thu Thuy Si dau tien tham Han.,Tổng thống Ammann sẽ là nguyên thủ Thụy Sĩ đầu tiên thăm Hàn.
"Nganh cong nghiep oto Canada du kien lo 1,8 ty USD nam 2009.","Ngành công nghiệp ôtô Canađa dự kiến lỗ 1,8 tỷ USD năm 2009."
Tui than co bao mau.,Tủi thân cô bảo mẫu.
Duyen Anh: Doi luu vong bi kich.,Duyên Anh: Đời lưu vong bi kịch.
"Smart Tivi NanoCell LG 4K 55 inch 55NANO75TPA Gia ban le de nghi: 16,63 trieu dong So huu gia ban cao nhat danh sach nay, san pham cua LG duoc danh gia cao ve cong nghe NanoCell, mang lai hinh anh chan thuc, mau sac chan thuc, ruc ro.","Smart Tivi NanoCell LG 4K 55 inch 55NANO75TPA Giá bán lẻ đề nghị: 16,63 triệu đồng Sở hữu giá bán cao nhất danh sách này, sản phẩm của LG được đánh giá cao về công nghệ NanoCell, mang lại hình ảnh chân thực, màu sắc chân thực, rực rỡ."
Vut rac tren duong se bi phat mot trieu dong.,Vứt rác trên đường sẽ bị phạt một triệu đồng.
Can danh nhieu thoi gian thao luan hien ke.,Cần dành nhiều thời gian thảo luận hiến kế.
"Lam dung von vay, doanh nghiep tu dao thai.","Lạm dụng vốn vay, doanh nghiệp tự đào thải."
Su sut giam nay cung xuat phat tu noi lo lam phat va suy thoai nen kinh te toan cau.,Sự sụt giảm này cũng xuất phát từ nỗi lo lạm phát và suy thoái nền kinh tế toàn cầu.
"Paltrow vui ve dap lai: ""Yeu anh rat nhieu"". Brad Pitt noi them dao dien, nha san xuat phim Bruce - cha cua Paltrow - la nguoi co anh huong sau sac trong chang duong lam nghe cua anh.","Paltrow vui vẻ đáp lại: ""Yêu anh rất nhiều"". Brad Pitt nói thêm đạo diễn, nhà sản xuất phim Bruce - cha của Paltrow - là người có ảnh hưởng sâu sắc trong chặng đường làm nghề của anh."
My xoay truc chau A hay lam le Bac Kinh?.,Mỹ xoay trục châu Á hay lăm le Bắc Kinh?.
No luc ky dieu cua cap song sinh dinh lien than.,Nỗ lực kỳ diệu của cặp song sinh dính liền thân.
Con sot bat dong san moi tai Dubai.,Cơn sốt bất động sản mới tại Dubai.
Toi dang boi roi truoc tinh yeu cua hoc tro.,Tôi đang bối rối trước tình yêu của học trò.
"Cach day khong lau, da xuat hien thong tin ve viec duong kim vo dich Ligue 1 san sang ban chan sut nguoi Brazil trong He 2022 neu nhan duoc loi de nghi hop ly.","Cách đây không lâu, đã xuất hiện thông tin về việc đương kim vô địch Ligue 1 sẵn sàng bán chân sút người Brazil trong Hè 2022 nếu nhận được lời đề nghị hợp lý."
Nga ban he thong ten lua phong khong cho Belarus.,Nga bán hệ thống tên lửa phòng không cho Belarus.
Chua nen cap phep xay thuy dien Dong Nai 6 va 6A.,Chưa nên cấp phép xây thủy điện Đồng Nai 6 và 6A.
"Cung chung xu huong, thuong hieu thep Viet Duc cung giam lan luot 200.000 dong/tan va 150.000 dong/tan voi hai san pham thep cuon CB240 va thep thanh van D10 CB300, gia ban con 15,86 trieu dong/tan va 16,36 trieu dong/tan.","Cùng chung xu hướng, thương hiệu thép Việt Đức cũng giảm lần lượt 200.000 đồng/tấn và 150.000 đồng/tấn với hai sản phẩm thép cuộn CB240 và thép thanh vằn D10 CB300, giá bán còn 15,86 triệu đồng/tấn và 16,36 triệu đồng/tấn."
"Phat tien tu 10.000.000 dong den 12.000.000 dong, tuoc quyen su dung Giay phep lai xe tu 02 thang den 04 thang doi voi nguoi dieu khien xe o to vuot xe, chuyen huong, chuyen lan duong khong dung quy dinh gay tai nan giao thong.","Phạt tiền từ 10.000.000 đồng đến 12.000.000 đồng, tước quyền sử dụng Giấy phép lái xe từ 02 tháng đến 04 tháng đối với người điều khiển xe ô tô vượt xe, chuyển hướng, chuyển làn đường không đúng quy định gây tai nạn giao thông."
Lien hoan Phim (LHP) Berlin 2008 ton vinh phim bao luc.,Liên hoan Phim (LHP) Berlin 2008 tôn vinh phim bạo lực.
Chinh sach bao mat RSS,Chính sách bảo mật RSS
Von dau tu tu My van chua xung tam.,Vốn đầu tư từ Mỹ vẫn chưa xứng tầm.
Asenal da bay 'Quy do' ra khoi FA Cup.,Asenal đá bay 'Quỷ đỏ' ra khỏi FA Cup.
"""San xuat"" 400 chuot con sau mot lan xong chuong.","""Sản xuất"" 400 chuột con sau một lần xổng chuồng."
Tim ra phuong phap cai tien vat lieu moi de phat trien nang luong nhiet hach.,Tìm ra phương pháp cải tiến vật liệu mới để phát triển năng lượng nhiệt hạch.
Xay dung luc luong hai quan vung manh toan dien.,Xây dựng lực lượng hải quân vững mạnh toàn diện.
Kieu Oanh dung hinh truoc man trinh dien cua ao thuat gia 65 tuoi.,Kiều Oanh đứng hình trước màn trình diễn của ảo thuật gia 65 tuổi.
"Khoan lo cua cong ty uoc tinh vao khoang 3,4 ty USD.","Khoản lỗ của công ty ước tính vào khoảng 3,4 tỷ USD."
"""Rung Na Uy"" chay ve.","""Rừng Na Uy"" cháy vé."
Ngay bam may 22-6 cung la sinh nhat cua co nen ca doan phim da lam tiec sinh nhat cho Minh Hang.,Ngày bấm máy 22-6 cũng là sinh nhật của cô nên cả đoàn phim đã làm tiệc sinh nhật cho Minh Hằng.
"Tham gia doan co cac ong, ba Mai Thanh Phuong – Uy vien Ban chap hanh Tong Lien doan Lao dong Viet Nam, Chu tich Cong doan Duong sat Viet Nam; Do Thanh Ha va Le Bang An – cac thanh vien Hoi dong thanh vien Tong cong ty Duong sat Viet Nam, dai dien Doan Thanh nien Tong cong ty…. Tai Trung tam Dieu duong Thuong binh Kim Bang (Ha Nam), Doan da tham hoi, trao tang 20 trieu dong va 1 tivi.","Tham gia đoàn có các ông, bà Mai Thành Phương – Uỷ viên Ban chấp hành Tổng Liên đoàn Lao động Việt Nam, Chủ tịch Công đoàn Đường sắt Việt Nam; Đỗ Thanh Hà và Lê Bằng An – các thành viên Hội đồng thành viên Tổng công ty Đường sắt Việt Nam, đại diện Đoàn Thanh niên Tổng công ty…. Tại Trung tâm Điều dưỡng Thương binh Kim Bảng (Hà Nam), Đoàn đã thăm hỏi, trao tặng 20 triệu đồng và 1 tivi."
"Ho co nhieu chuong trinh khac nhau, chang han nhu cac chuong trinh danh cho lanh dao hay mo hoi thao tren web chung nham thu hut nhieu nguoi hon va nang cao nhan thuc ve nen kinh te ky thuat so.","Họ có nhiều chương trình khác nhau, chẳng hạn như các chương trình dành cho lãnh đạo hay mở hội thảo trên web chung nhằm thu hút nhiều người hơn và nâng cao nhận thức về nền kinh tế kỹ thuật số."
"Ancelotti: Chelsea xung dang thua, Man City co the VD.","Ancelotti: Chelsea xứng đáng thua, Man City có thể VĐ."
Thiep cuoi doc dao co 1-0-2 cua nguoi dep Ngan Khanh.,Thiệp cưới độc đáo có 1-0-2 của người đẹp Ngân Khánh.
Ha Noi tao chuyen bien manh ve cong tac xay dung Dang.,Hà Nội tạo chuyển biến mạnh về công tác xây dựng Đảng.
"Preston noi: ""Ban than nhung con nhen co the phan huy sinh hoc."" Nhen soi rat pho bien va de thu thap, vi vay se co mot nguon cung cap xac nhen re va doi dao cho cac ky su bien doi thanh nhung con robot lam viec hoan hao.","Preston nói: ""Bản thân những con nhện có thể phân hủy sinh học."" Nhện sói rất phổ biến và dễ thu thập, vì vậy sẽ có một nguồn cung cấp xác nhện rẻ và dồi dào cho các kỹ sư biến đổi thành những con robot làm việc hoàn hảo."
"Federer vao vong hai, Azarenka ra quan thang loi.","Federer vào vòng hai, Azarenka ra quân thắng lợi."
"""Sao lo hang"": ""Tai nan"" hay... nguy bien?.","""Sao lộ hàng"": ""Tai nạn"" hay... ngụy biện?."
Dam phan hat nhan Iran truoc gio G: Doi hoi nhung thoa hiep quyet dinh.,Đàm phán hạt nhân Iran trước giờ G: Đòi hỏi những thỏa hiệp quyết định.
"Cuu danh thu nay noi: ""Hang nam, cau ay quen voi viec canh tranh chuc vo dich va gianh cac giai thuong lon nhat.","Cựu danh thủ này nói: ""Hàng năm, cậu ấy quen với việc cạnh tranh chức vô địch và giành các giải thưởng lớn nhất."
"Phut nguong nghiu giua lanh dao My, Canada va Mexico.","Phút ngượng nghịu giữa lãnh đạo Mỹ, Canada và Mexico."
Nguoi dep HHVN long lay xuat hien cung ca si Dam Vinh Hung.,Người đẹp HHVN lộng lẫy xuất hiện cùng ca sĩ Đàm Vĩnh Hưng.
Nuoc Anh: Tranh nha so 13 nhu tranh ta.,Nước Anh: Tránh nhà số 13 như tránh tà.
Rat may khi pha dut diem cua cau thu Thai Lan dua bong di trung cot va khong di vao luoi.,Rất may khi pha dứt điểm của cầu thủ Thái Lan đưa bóng đi trúng cột và không đi vào lưới.
Triumph va Guy Martin cho thien thoi de lap ki luc toc do o Bonneville.,Triumph và Guy Martin chờ thiên thời để lập kỉ lục tốc độ ở Bonneville.
Ban dung iPhone 6s va iPhone 6c dua tren cac tin don.,Bản dựng iPhone 6s và iPhone 6c dựa trên các tin đồn.
Vietnam Airlines khai truong phong ve hien dai o VN.,Vietnam Airlines khai trương phòng vé hiện đại ở VN.
Noi kho khi chon sua cho con.,Nỗi khổ khi chọn sữa cho con.
"Trao giai van hoc nghe thuat, bao chi ve luc luong vu trang.","Trao giải văn học nghệ thuật, báo chí về lực lượng vũ trang."
Lai suat - con dao hai luoi.,Lãi suất - con dao hai lưỡi.
Bat tam giam bac si trom cap thiet bi nha khoa.,Bắt tạm giam bác sĩ trộm cắp thiết bị nha khoa.
Van nan hooligan o EURO 2016: CDV Duc va Ukraine lai 'choang' nhau.,Vấn nạn hooligan ở EURO 2016: CĐV Đức và Ukraine lại 'choảng' nhau.
Ong Truong Gia Binh tro lai lam TGD FPT.,Ông Trương Gia Bình trở lại làm TGĐ FPT.
Ai Chau ham viec.,Ái Châu ham việc.
TP. Ho Chi Minh: Dep gon lo cot chan duong truoc ngay 31.1.,TP. Hồ Chí Minh: Dẹp gọn lô cốt chắn đường trước ngày 31.1.
Xuat khau gao: Huong den con so 7 trieu tan.,Xuất khẩu gạo: Hướng đến con số 7 triệu tấn.
Thiet bi Thuc pham thuong cp de tang VDL len tren 23 ty dong.,Thiết bị Thực phẩm thưởng cp để tăng VĐL lên trên 23 tỷ đồng.
"Thu tuc (quy trinh, cac giay to can thiet) va dia chi don vi thuc hien dang ky logo.","Thủ tục (quy trình, các giấy tờ cần thiết) và địa chỉ đơn vị thực hiện đăng ký logo."
"Thi tim kiem y tuong chinh trang, phat trien TP Ho Chi Minh.","Thi tìm kiếm ý tưởng chỉnh trang, phát triển TP Hồ Chí Minh."
Le Quyen la 'nguoi tinh' voi 5 'soai ca'.,Lệ Quyên là 'người tình' với 5 'soái ca'.
"Mo dau chuong trinh, Duc Huy the hien ban hit Mot dem say cua Thinh Suy.","Mở đầu chương trình, Đức Huy thể hiện bản hit Một đêm say của Thịnh Suy."
Tiep suc cac tau lam nhiem vu chap phap tai vung bien Hoang Sa.,Tiếp sức các tàu làm nhiệm vụ chấp pháp tại vùng biển Hoàng Sa.
Cac khoi da sa thach va da xanh duoc van chuyen mot quang duong rat xa den vi tri cua Stonehenge.,Các khối đá sa thạch và đá xanh được vận chuyển một quãng đường rất xa đến vị trí của Stonehenge.
Phien quan IS treo xac nguoi tren duong.,Phiến quân IS treo xác người trên đường.
Chay thu US GP: Vettel van nhanh nhat.,Chạy thử US GP: Vettel vẫn nhanh nhất.
Hanh trinh Hoai Lam chinh phuc 'Guong mat than quen'.,Hành trình Hoài Lâm chinh phục 'Gương mặt thân quen'.
Cac bac si dang tich cuc cap va dieu tri cho benh nhan G.,Các bác sĩ đang tích cực cấp và điều trị cho bệnh nhân G.
"Trong khi do, ong Tran Anh Tu cung thong bao  VPF se bat dau tien hanh lich thi dau cua V.League theo xu huong cua bong da chau Au, bat dau tu mua giai 2023-24.","Trong khi đó, ông Trần Anh Tú cũng thông báo  VPF sẽ bắt đầu tiến hành lịch thi đấu của V.League theo xu hướng của bóng đá châu Âu, bắt đầu từ mùa giải 2023-24."
Kham pha quyen nang cua thay co qua cac nhan vat hoat hinh.,Khám phá quyền năng của thầy cô qua các nhân vật hoạt hình.
"""Dai ha gia laptop cao cap hay la chet!"".","""Đại hạ giá laptop cao cấp hay là chết!""."
100 truong dai hoc hang dau cua My nam 2013.,100 trường đại học hàng đầu của Mỹ năm 2013.
"My Van, Mai Giang ""danh le"" tai New York.","Mỹ Vân, Mai Giang ""đánh lẻ"" tại New York."
Nhung ong cung hieu rang cac hoc tro can thoi gian de thich nghi de thuc hien dung y do trong tap luyen.,Nhưng ông cũng hiểu rằng các học trò cần thời gian để thích nghi để thực hiện đúng ý đồ trong tập luyện.
"Toi cung se tao cac de tong hop de cac em on luyen va thi thu, voi muc tieu thanh thao voi cac dang Toan, lam quen voi gioi han thoi gian.","Tôi cũng sẽ tạo các đề tổng hợp để các em ôn luyện và thi thử, với mục tiêu thành thạo với các dạng Toán, làm quen với giới hạn thời gian."
"Truoc do, trong luc cua go, ong T.H.T (42 tuoi, ngu Hau Giang, lam nghe tho moc) khong may bi mot manh go vang trung, dam xuyen vung nguc, hoi huong lech ve ben phai.","Trước đó, trong lúc cưa gỗ, ông T.H.T (42 tuổi, ngụ Hậu Giang, làm nghề thợ mộc) không may bị một mảnh gỗ văng trúng, đâm xuyên vùng ngực, hơi hướng lệch về bên phải."
Cuoc dao choi cua su co doc.,Cuộc dạo chơi của sự cô độc.
San bay Long Thanh - cai gia cho quan ly yeu kem.,Sân bay Long Thành - cái giá cho quản lý yếu kém.
"Dau vay, nhung bat loi nay cung khong anh huong qua nhieu den ket qua anh H.","Dẫu vậy, những bất lợi này cũng không ảnh hưởng quá nhiều đến kết quả anh H."
"Truoc mot tam anh dep, toi dung lai rat lau va duong nhu bi cuon vao do, say me luon.","Trước một tấm ảnh đẹp, tôi dừng lại rất lâu và dường như bị cuốn vào đó, say mê luôn."
Cac chinh sach uu dai cho dong bao dan toc thieu so phat huy hieu qua tot.,Các chính sách ưu đãi cho đồng bào dân tộc thiểu số phát huy hiệu quả tốt.
Muoi Khanh Hoa giao dich UPCoM tu ngay 28/05.,Muối Khánh Hòa giao dịch UPCoM từ ngày 28/05.
Nguon nuoc khong la vo tan.,Nguồn nước không là vô tận.
Anh Nokia 8 lo chop nhoang tren website Nokia.,Ảnh Nokia 8 lộ chớp nhoáng trên website Nokia.
"Xuoi dong Dai Van Ha, kenh dao dai nhat the gioi.","Xuôi dòng Đại Vận Hà, kênh đào dài nhất thế giới."
Lluis Mascaro: Hinh anh cua Barcelona mot lan nua bi cha dap.,Lluis Mascaro: Hình ảnh của Barcelona một lần nữa bị chà đạp.
Hai khu vuon nho o giua va sau tang tret lam cho khong gian ngoi nha them xanh hon.,Hai khu vườn nhỏ ở giữa và sau tầng trệt làm cho không gian ngôi nhà thêm xanh hơn.
Ngam cac nu sinh xinh dep mua khai giang 2011.,Ngắm các nữ sinh xinh đẹp mùa khai giảng 2011.
"Gian hang dac san nem nuong, lap xuong tuoi, nem chua dac san Long An rat hut khach.","Gian hàng đặc sản nem nướng, lạp xưởng tươi, nem chua đặc sản Long An rất hút khách."
Quy dinh moi ve hoat dong tu van phap luat.,Quy định mới về hoạt động tư vấn pháp luật.
Noi tieng vi gia gai de di thi ho nguoi yeu.,Nổi tiếng vì giả gái để đi thi hộ người yêu.
Khong lot duoc '1 cua'.,Không lọt được '1 cửa'.
"Bang cach nay, cac thanh phan trong hat tieu se duoc tha het vao trong nuoc, khi nuoc chuyen sang mau nau sam la ban co the su dung duoc roi.","Bằng cách này, các thành phần trong hạt tiêu sẽ được thả hết vào trong nước, khi nước chuyển sang màu nâu sẫm là bạn có thể sử dụng được rồi."
Le Minh Ngoc bat ngo ran roi voi trang phuc phong cach rock.,Lê Minh Ngọc bất ngờ rắn rỏi với trang phục phong cách rock.
Hoang de Beckenbauer: Trau gia ham gam co non.,Hoàng đế Beckenbauer: Trâu già ham gặm cỏ non.
Giao vien tieu hoc o Anh lo video sex cung chong.,Giáo viên tiểu học ở Anh lộ video sex cùng chồng.
Ha Noi phu mau tang thuong khi tien Tran Lap ve dat me!.,Hà Nội phủ màu tang thương khi tiễn Trần Lập về đất mẹ!.
"Nhung ngay ca khi cac ho dan da co y thuc, no luc phan loai rac tai nguon van co the roi vao be tac neu quy trinh tap ket va van chuyen rac thai van hanh nhu cu; nghia la tui xanh - tui vang lai bi tron lan vao nhau di den bai rac.","Nhưng ngay cả khi các hộ dân đã có ý thức, nỗ lực phân loại rác tại nguồn vẫn có thể rơi vào bế tắc nếu quy trình tập kết và vận chuyển rác thải vận hành như cũ; nghĩa là túi xanh - túi vàng lại bị trộn lẫn vào nhau đi đến bãi rác."
Facebook bo sung mot loat tinh nang quan ly video.,Facebook bổ sung một loạt tính năng quản lý video.
Sao the gioi hoi tu tai Nhat Ban.,Sao thế giới hội tụ tại Nhật Bản.
Trung Quoc dua may bay nem bom vao tinh trang bao dong cao.,Trung Quốc đưa máy bay ném bom vào tình trạng báo động cao.
- 1 muong canh ruou trang.,- 1 muỗng canh rượu trắng.
6 nam cho 1 tinh yeu dep.....,6 năm cho 1 tình yêu đẹp.....
"Khoi to nguoi hat canh sat len noc cabin, chay 22 km.","Khởi tố người hất cảnh sát lên nóc cabin, chạy 22 km."
"Nga khong bao dam 2 linh danh thue My thoat an tu hinh: Phat ngon vien dien Kremlin, Dmitry Peskov, hom 20/6 cho hay phia Nga khong bao dam duoc 2 cuu binh My vua bi bat o Ukraine se khong phai doi dien voi an tu hinh.","Nga không bảo đảm 2 lính đánh thuê Mỹ thoát án tử hình: Phát ngôn viên điện Kremlin, Dmitry Peskov, hôm 20/6 cho hay phía Nga không bảo đảm được 2 cựu binh Mỹ vừa bị bắt ở Ukraine sẽ không phải đối diện với án tử hình."
Chi tiet Sharapova - Makarova: Masha be break ban le (KT).,Chi tiết Sharapova - Makarova: Masha bẻ break bản lề (KT).
Gui hoa don doi khach khong du dam cuoi tra tien.,Gửi hóa đơn đòi khách không dự đám cưới trả tiền.
"Lampard: ""Anelka la mot tien dao xuat sac"".","Lampard: ""Anelka là một tiền đạo xuất sắc""."
Giao luu huu nghi Viet Nam - Lao nhan dip Tet co truyen.,Giao lưu hữu nghị Việt Nam - Lào nhân dịp Tết cổ truyền.
"Co phieu ao at tang gia, VN-Index vuot 400 diem.","Cổ phiếu ào ạt tăng giá, VN-Index vượt 400 điểm."
Nganh ca tra: Cung da vuot cau nghiem trong.,Ngành cá tra: Cung đã vượt cầu nghiêm trọng.
Cong dan danh du cua dat Duy Xuyen.,Công dân danh dự của đất Duy Xuyên.
'Den bo ben kia' khai mac Lien hoan san khau thu nghiem.,'Đến bờ bên kia' khai mạc Liên hoan sân khấu thử nghiệm.
Truy to 6 nhan vien benh vien huyen Vinh Thuan vi tham o vien phi.,Truy tố 6 nhân viên bệnh viện huyện Vĩnh Thuận vì tham ô viện phí.
Tiep tuc cho y kien ve Du thao sua doi Hien phap nam 1992 va Du thao Luat Dat dai (sua doi).,Tiếp tục cho ý kiến về Dự thảo sửa đổi Hiến pháp năm 1992 và Dự thảo Luật Đất đai (sửa đổi).
Quang Ngai kham benh va phat thuoc cho 2.500 nguoi dan.,Quảng Ngãi khám bệnh và phát thuốc cho 2.500 người dân.
"Nang cao y thuc cua nguoi dan, giam ap luc cho CSGT.","Nâng cao ý thức của người dân, giảm áp lực cho CSGT."
CHINH THUC: Arsenal co Xhaka.,CHÍNH THỨC: Arsenal có Xhaka.
To chuc Dem pho co Hoi An 2 tuan 1 lan.,Tổ chức Đêm phố cổ Hội An 2 tuần 1 lần.
Mot hoc sinh tu vong khi tam bien.,Một học sinh tử vong khi tắm biển.
Du an thanh phan 1 dai 16 km thuoc dia phan tinh Dong Thap voi tong muc dau tu khoang 3.640 ty dong.,Dự án thành phần 1 dài 16 km thuộc địa phận tỉnh Đồng Tháp với tổng mức đầu tư khoảng 3.640 tỷ đồng.
Nha Phuong dang yeu tren truong quay.,Nhã Phương đáng yêu trên trường quay.
APEC 2017: Co hoi vang cho doanh nghiep Viet?.,APEC 2017: Cơ hội vàng cho doanh nghiệp Việt?.
Lop hoc Cau Vong - chuong trinh day mau sac danh cho thieu nhi.,Lớp học Cầu Vồng - chương trình đầy màu sắc dành cho thiếu nhi.
"Showbiz Viet ""noi song"" vi... vay ao La Thanh Huyen!.","Showbiz Việt ""nổi sóng"" vì... váy áo Lã Thanh Huyền!."
Ngam chang nguoi mau dien trai Ho Vinh Anh.,Ngắm chàng người mẫu điển trai Hồ Vĩnh Anh.
Vu cung xin y kien Thuong ta Van Bang ve viec phoi hop voi Cuc dieu tra vu sinh pham xet nghiem KT va duoc biet cu tiep tuc theo doi cung dai uy Phong (Xuan Phuc). Vo Tuan se lam gi de doi pho voi nguoi tinh cua chong?,Vũ cũng xin ý kiến Thượng tá Văn Bàng về việc phối hợp với Cục điều tra vụ sinh phẩm xét nghiệm KT và được biết cứ tiếp tục theo dõi cùng đại uý Phong (Xuân Phúc). Vợ Tuấn sẽ làm gì để đối phó với người tình của chồng?
Am ap mua dong voi Color Block..,Ấm áp mùa đông với Color Block..
"Tram thay noi, B. Binh Duong dung HLV Han Quoc.","Trảm thầy nội, B. Bình Dương dùng HLV Hàn Quốc."
Thay doi dien mao va tam trang khi xuan ve.,Thay đổi diện mạo và tâm trạng khi xuân về.
Luong Manh Hai lai manh tay xuong toc.,Lương Mạnh Hải lại mạnh tay xuống tóc.
"""Viec nay nhan vien va can bo don vi co sai sot.","""Việc này nhân viên và cán bộ đơn vị có sai sót."
IS dung bay bom tre em de luyen quan.,IS dùng bẫy bom trẻ em để luyện quân.
Doi tuyen Futsal Viet Nam duoc nguoi ham mo chao don nong nhiet.,Đội tuyển Futsal Việt Nam được người hâm mộ chào đón nồng nhiệt.
Toc tet kieu moi cho co nang toc ngan.,Tóc tết kiểu mới cho cô nàng tóc ngắn.
"VD Champions League, Bayern khong nhan duoc tien thuong.","VĐ Champions League, Bayern không nhận được tiền thưởng."
"Tai san bay, nhieu nguoi ham mo da dung cho, mang theo hoa, tranh ve co vu cho nguoi dep lan thu 2 ra dau truong nhan sac quoc te.","Tại sân bay, nhiều người hâm mộ đã đứng chờ, mang theo hoa, tranh vẽ cổ vũ cho người đẹp lần thứ 2 ra đấu trường nhan sắc quốc tế."
Viet Nam chia buon vu may bay Nga cho 224 nguoi bi roi.,Việt Nam chia buồn vụ máy bay Nga chở 224 người bị rơi.
'Soi' nu hon nong bong cua chan dai Viet voi nguoi tinh.,'Soi' nụ hôn nóng bỏng của chân dài Việt với người tình.
Bo GTVT yeu cau cam xe tai nang qua cau Duong.,Bộ GTVT yêu cầu cấm xe tải nặng qua cầu Đuống.
Thay: Dung.,Thầy: Đúng.
Danh sach cac Cong ty Chung khoan da nop BCTC quy 4/2015 (tinh den het ngay 18/01/2016).,Danh sách các Công ty Chứng khoán đã nộp BCTC quý 4/2015 (tính đến hết ngày 18/01/2016).
Video: Thanh nien dap vo cua xe buyt.,Video: Thanh niên đập vỡ cửa xe buýt.
Khedira chinh thuc tuyen bo roi Real Madrid.,Khedira chính thức tuyên bố rời Real Madrid.
"Ban lanh dao rat muon thanh ly som nhung cai ten ""tuoi bam"" nay nhung Xavi nhat quyet giu cac dong doi cu o lai.","Ban lãnh đạo rất muốn thanh lý sớm những cái tên ""tuổi băm"" này nhưng Xavi nhất quyết giữ các đồng đội cũ ở lại."
Chi Le,Chi Lê
"""Chung toi dang lam viec voi luat su de lap vi bang cac ben dua va lan truyen thong tin sai su that dong thoi nho co quan chuc nang bao ve quyen va loi ich hop phap"", ong Hoang noi.","""Chúng tôi đang làm việc với luật sư để lập vi bằng các bên đưa và lan truyền thông tin sai sự thật đồng thời nhờ cơ quan chức năng bảo vệ quyền và lợi ích hợp pháp"", ông Hoàng nói."
Ngay dau tien Giai dua xe dia hinh Ha Long: Nhieu gian nan thu thach.,Ngày đầu tiên Giải đua xe địa hình Hạ Long: Nhiều gian nan thử thách.
"Du khach do ve Thao Cam Vien, Thu Le vui choi.","Du khách đổ về Thảo Cầm Viên, Thủ Lệ vui chơi."
"Nguoi anh ma Higuain dang noi toi la Federico, nguoi giai nghe trong mau ao Inter Miami hoi cuoi nam ngoai.","Người anh mà Higuain đang nói tới là Federico, người giải nghệ trong màu áo Inter Miami hồi cuối năm ngoái."
Sir Alex tu tin huong toi ngoi vuong.,Sir Alex tự tin hướng tới ngôi vương.
Saint's Row 2.,Saint's Row 2.
Nguon: https://arttimes.vn/giai-tri/my-linh-ve-lam-dau-nha-dai-gia-nghin-ty-theo-got-loat-hoa-hau-a-hau...Nguon: https://arttimes.vn/giai-tri/my-linh-ve-lam-dau-nha-dai-gia-nghin-ty-theo-got-loat-hoa-hau-a-hau-c47a7381.html,Nguồn: https://arttimes.vn/giai-tri/my-linh-ve-lam-dau-nha-dai-gia-nghin-ty-theo-got-loat-hoa-hau-a-hau...Nguồn: https://arttimes.vn/giai-tri/my-linh-ve-lam-dau-nha-dai-gia-nghin-ty-theo-got-loat-hoa-hau-a-hau-c47a7381.html
Nga canh bao My don phuong trung phat Iran.,Nga cảnh báo Mỹ đơn phương trừng phạt Iran.
HLV Mancini thiet quan luat voi sao Man City.,HLV Mancini thiết quân luật với sao Man City.
Indonesia muon la diem den cua cac su kien the thao.,Indonesia muốn là điểm đến của các sự kiện thể thao.
3 quan niem sai bet ve tiet kiem xang xe may.,3 quan niệm sai bét về tiết kiệm xăng xe máy.
Tinh nang moi hap dan nhat cua Windows 8 (P1).,Tính năng mới hấp dẫn nhất của Windows 8 (P1).
"Van Gaal chinh thuc den M.U, Ba chia tay Chelsea.","Van Gaal chính thức đến M.U, Ba chia tay Chelsea."
Suc mua tai Co.opmart tang cao trong dip le.,Sức mua tại Co.opmart tăng cao trong dịp lễ.
9 diem den dep me hon kho long bo qua khi du lich Hong Kong.,9 điểm đến đẹp mê hồn khó lòng bỏ qua khi du lịch Hồng Kông.
"Goi mien phi, coi chung bi moc tui !.","Gọi miễn phí, coi chừng bị móc túi !."
"De dam bao mau xe giu duoc tinh an toan cao trong ca mot so truong hop nguy hiem, INKAS da trang bi cho Lexus kinh dan dao, he thong khung cua kien co va khoang hanh khach duoc bao ve nghiem ngat.","Để đảm bảo mẫu xe giữ được tính an toàn cao trong cả một số trường hợp nguy hiểm, INKAS đã trang bị cho Lexus kính đạn đạo, hệ thống khung cửa kiên cố và khoang hành khách được bảo vệ nghiêm ngặt."
Tang cuong tinh doan ket trong cong dong nguoi Viet Nam tai Nga.,Tăng cường tình đoàn kết trong cộng đồng người Việt Nam tại Nga.
Vui cung thac reo Giang Dien (Dong Nai).,Vui cùng thác reo Giang Điền (Đồng Nai).
Go roi cho diem bang loi.,Gỡ rối cho điểm bằng lời.
Bon ngay nghi Tet: 128 nguoi chet vi TNGT.,Bốn ngày nghỉ Tết: 128 người chết vì TNGT.
Trao Giai thuong Phu nu Viet Nam nam 2013.,Trao Giải thưởng Phụ nữ Việt Nam năm 2013.
Ca hai ban thang cua Dembele o tran nay deu hoi tu day du nhung pham chat can co cua mot chan sut thuong hang.,Cả hai bàn thắng của Dembele ở trận này đều hội tụ đầy đủ những phẩm chất cần có của một chân sút thượng hạng.
Sap to chuc Hoi nghi tai co cau doanh nghiep nha nuoc.,Sắp tổ chức Hội nghị tái cơ cấu doanh nghiệp nhà nước.
Cach ghen de thi vi hoa tinh yeu.,Cách ghen để thi vị hóa tình yêu.
"Oliver Stone, Sean Penn ca ngoi anh hung Chavez.","Oliver Stone, Sean Penn ca ngợi anh hùng Chavez."
"Cho tran dau hom nay, ho chi vang John Stones, con lai cac vi tri khac deu bao dam, tham chi nhieu khu vuc con duoc nang cap.","Cho trận đấu hôm nay, họ chỉ vắng John Stones, còn lại các vị trí khác đều bảo đảm, thậm chí nhiều khu vực còn được nâng cấp."
Phi qua cau Viet Tri moi thap nhat 35.000 dong/ve/luot.,Phí qua cầu Việt Trì mới thấp nhất 35.000 đồng/vé/lượt.
Cha de Avatar kham pha noi sau nhat hanh tinh.,Cha đẻ Avatar khám phá nơi sâu nhất hành tinh.
"Da sau thang tu ngay toi tri anh, anh thay doi han va toi cung thoai mai hon.","Đã sáu tháng từ ngày tôi trị anh, anh thay đổi hẳn và tôi cũng thoải mái hơn."
Giai cuu thanh cong nam sinh bi bat coc doi chuoc 1 ti dong.,Giải cứu thành công nam sinh bị bắt cóc đòi chuộc 1 tỉ đồng.
Bi quyet khien con tre hao hung hoc.,Bí quyết khiến con trẻ hào hứng học.
Lam gia the tin dung de mua ve may bay.,Làm giả thẻ tín dụng để mua vé máy bay.
Nhung cay thong 'khung' o Ha Noi truoc ngay Giang sinh 2017.,Những cây thông 'khủng' ở Hà Nội trước ngày Giáng sinh 2017.
Ky uc cua co Dai tuong Vo Nguyen Giap ve Ly Hoa que toi.,Ký ức của cố Đại tướng Võ Nguyễn Giáp về Lý Hòa quê tôi.
Dell EMC duoc vinh danh dan dau trong Goc phan tu ky dieu nam 2017.,Dell EMC được vinh danh dẫn đầu trong Góc phần tư kỳ diệu năm 2017.
Mot chiec Ferrari 355 mau vang tuoi co gia gan 120.000 USD.,Một chiếc Ferrari 355 màu vàng tươi có giá gần 120.000 USD.
Lo lang lan song nguoi dep nha khoi!.,Lo lắng làn sóng người đẹp nhả khói!.
"Nen mong cho ""xa hoi so"".","Nền móng cho ""xã hội số""."
"Nghi le, phong voi vang tren duong moi mo quanh ho.","Nghỉ lễ, phóng vội vàng trên đường mới mở quanh hồ."
Bin rin tien trai Ha thanh nhap ngu trong mua.,Bịn rịn tiễn trai Hà thành nhập ngũ trong mưa.
Nhung dia diem du lich mien Bac hap dan nhat dip tet At Mui.,Những địa điểm du lịch miền Bắc hấp dẫn nhất dịp tết Ất Mùi.
Uc tim kiem may bay cho sau nguoi mat tich.,Úc tìm kiếm máy bay chở sáu người mất tích.
Apple bi kien vi iPhone gay chay nha.,Apple bị kiện vì iPhone gây cháy nhà.
"Bi hai van hoa phap dinh - Bai 4: Xo do ban ghe, nem dep....","Bi hài văn hóa pháp đình - Bài 4: Xô đổ bàn ghế, ném dép...."
BAN TIN CHIEU 4/7: Milan se vo doi neu....,BẢN TIN CHIỀU 4/7: Milan sẽ vô đối nếu....
Quyen 'beo' chua gia nhap Can Tho vi vuong mac phi lot tay.,Quyến 'béo' chưa gia nhập Cần Thơ vì vướng mắc phí lót tay.
'Tuoi tre khong phai cai co cho su tho o'.,'Tuổi trẻ không phải cái cớ cho sự thờ ơ'.
"Ung tac nuoc thai keo dai, chinh quyen keu kho.","Úng tắc nước thải kéo dài, chính quyền kêu khó."
Hoa hau Thuy Lam tro lai san khau ca nhac.,Hoa hậu Thùy Lâm trở lại sân khấu ca nhạc.
- Den nam 2030: Can doi du nuoc phuc vu dan sinh va phat trien kinh te - xa hoi; 100% ho gia dinh o thanh thi va 80% ho gia dinh o nong thon duoc su dung nuoc sach theo quy chuan.,- Đến năm 2030: Cân đối đủ nước phục vụ dân sinh và phát triển kinh tế - xã hội; 100% hộ gia đình ở thành thị và 80% hộ gia đình ở nông thôn được sử dụng nước sạch theo quy chuẩn.
Dang ngai benh gout.,Đáng ngại bệnh gout.
Trung Quoc phat hien hang chuc trung khung long.,Trung Quốc phát hiện hàng chục trứng khủng long.
Ngoc Oanh vuot giai nhat Sieu mau quoc te 2012.,Ngọc Oanh vuột giải nhất Siêu mẫu quốc tế 2012.
Dien vien Minh Tiep len tieng khi bi che dan lan man o LHP.,Diễn viên Minh Tiệp lên tiếng khi bị chê dẫn lan man ở LHP.
"Hien nay thi san pham du lich tai cac dia phuong chi dung o muc tiem nang, the manh va chua co nhieu nhung san pham cu the.","Hiện nay thì sản phẩm du lịch tại các địa phương chỉ dừng ở mức tiềm năng, thế mạnh và chưa có nhiều những sản phẩm cụ thể."
Phat trien cang Hai Phong thanh cang quoc te loai 1.,Phát triển cảng Hải Phòng thành cảng quốc tế loại 1.
"Trong khi do, cong ty moi gioi tai san ky thuat so Voyager Digital da nop don xin bao ho pha san theo Chuong 11 sau khi 3AC khong the tra lai khoan vay 670 trieu USD.","Trong khi đó, công ty môi giới tài sản kỹ thuật số Voyager Digital đã nộp đơn xin bảo hộ phá sản theo Chương 11 sau khi 3AC không thể trả lại khoản vay 670 triệu USD."
Co duoc thay doi hinh thuc nhan tro cap that nghiep?.,Có được thay đổi hình thức nhận trợ cấp thất nghiệp?.
Hau truong truoc gio G cua chung ket Next Top Model.,Hậu trường trước giờ G của chung kết Next Top Model.
Nui chop chai Thang canh dep Phu Yen.,Núi chóp chài Thắng cảnh đẹp Phú Yên.
"Co phieu Cang Sai gon (SGP) tang 21,7% ngay chao san UPCoM.","Cổ phiếu Cảng Sài gòn (SGP) tăng 21,7% ngày chào sàn UPCoM."
Chua chung tieu dem.,Chữa chứng tiểu đêm.
Nu nghe si gao coi cua nghe thuat tuong mien Bac.,Nữ nghệ sĩ gạo cội của nghệ thuật tuồng miền Bắc.
Tai nan lien hoan gay un tac cuc bo tren Quoc lo 1A.,Tai nạn liên hoàn gây ùn tắc cục bộ trên Quốc lộ 1A.
Hieu nham la ruou vang.,Hiểu nhầm là rượu vang.
Cardiff City vs Chelsea: Phat bieu truoc tran dau.,Cardiff City vs Chelsea: Phát biểu trước trận đấu.
"Du vay, nguoi ham mo van ky vong Quang Hai se co co hoi ra san thi dau trong tran mo man tai Ligue 2 mua giai 2022 - 2023 gap doi thu Guingamp, dien ra vao luc 0h00 ngay 31.7 toi day.","Dù vậy, người hâm mộ vẫn kỳ vọng Quang Hải sẽ có cơ hội ra sân thi đấu trong trận mở màn tại Ligue 2 mùa giải 2022 - 2023 gặp đối thủ Guingamp, diễn ra vào lúc 0h00 ngày 31.7 tới đây."
Can trong khi dung laptop tren giuong hay tren cac be mat soi vai vi vat lieu nay can luong khong khi luu thong giup tan nhiet o may.,Cẩn trọng khi dùng laptop trên giường hay trên các bề mặt sợi vải vì vật liệu này cản luồng không khí lưu thông giúp tản nhiệt ở máy.
Thai Binh muon doi 27.000m2 dat vang lay trung tam hoi nghi?.,Thái Bình muốn đổi 27.000m2 đất vàng lấy trung tâm hội nghị?.
"Na nghe ong ngoai, dung ich ky con nhe!"". - Con khong biet, ong ngoai bao con nen dong y cho me di lay chong!","Na nghe ông ngoại, đừng ích kỷ con nhé!"". - Con không biết, ông ngoại bảo con nên đồng ý cho mẹ đi lấy chồng!"
Nguong mo tien si 8X giup nguoi mu 'nhin' duong.,Ngưỡng mộ tiến sĩ 8X giúp người mù 'nhìn' đường.
Cach lam thit ba chi xao cay thom ngon nuc mui.,Cách làm thịt ba chỉ xào cay thơm ngon nức mũi.
"Goa phu den mang bau, tuong lai cua The Avengers 2 ra sao?.","Góa phụ đen mang bầu, tương lai của The Avengers 2 ra sao?."
Gia vang ngay 13/1: vang SJC mat moc 33 trieu dong/luong.,Giá vàng ngày 13/1: vàng SJC mất mốc 33 triệu đồng/lượng.
"Danh gia, so sanh Nook Tablet va Kindle Fire.","Đánh giá, so sánh Nook Tablet và Kindle Fire."
Tuyen tinh nguyen vien don tau Dong Nam A.,Tuyển tình nguyện viên đón tàu Đông Nam Á.
Thi truong bat dong san va nhung ky vong.,Thị trường bất động sản và những kỳ vọng.
Huyen Nam Tra My co 400 ca bi benh ho hap va sot ret.,Huyện Nam Trà My có 400 ca bị bệnh hô hấp và sốt rét.
Mac du chong moi cuoi cua hoang hau Anne thuc thi quyen luc cua nguoi cai tri o Brittany nhung ong chinh thuc cong nhan quyen cua ba doi voi danh hieu nu cong tuoc Brittany va ban hanh cac quyet dinh nhan danh ba.,Mặc dù chồng mới cưới của hoàng hậu Anne thực thi quyền lực của người cai trị ở Brittany nhưng ông chính thức công nhận quyền của bà đối với danh hiệu nữ công tước Brittany và ban hành các quyết định nhân danh bà.
"Hai cuon sach cua Tran Trong Kim va Dao Duy Anh khong chi chua dung ham luong tri thuc gia tri ma con don dau xu huong, nhu cau van hoa thoi bay gio.","Hai cuốn sách của Trần Trọng Kim và Đào Duy Anh không chỉ chứa đựng hàm lượng tri thức giá trị mà còn đón đầu xu hướng, nhu cầu văn hoá thời bấy giờ."
Ban se mua duoc iPhone 6 trong thang 9.,Bạn sẽ mua được iPhone 6 trong tháng 9.
"Kiem tra nha nghi, phat hien nu sinh trao than cho ban.","Kiểm tra nhà nghỉ, phát hiện nữ sinh trao thân cho bạn."
Doanh thu quy II cua Google tang thap hon ky vong.,Doanh thu quý II của Google tăng thấp hơn kỳ vọng.
Nhung sieu xe khung nhat tai Top Marques Monaco 2015.,Những siêu xe khủng nhất tại Top Marques Monaco 2015.
"De thi dai hoc, cao dang 2013 trong chuong trinh pho thong.","Đề thi đại học, cao đẳng 2013 trong chương trình phổ thông."
Bong ban Viet Nam thang tran dau o Giai the gioi 2014.,Bóng bàn Việt Nam thắng trận đầu ở Giải thế giới 2014.
"K+, SCTV va VTVcab dua nhau khuyen mai tang them thang su dung.","K+, SCTV và VTVcab đua nhau khuyến mãi tặng thêm tháng sử dụng."
Tinh yeu thuong tu trung tam dieu duong thuong binh.,Tình yêu thương từ trung tâm điều dưỡng thương binh.
Ashton Kutcher va Mila Kunis hen ho o Bali.,Ashton Kutcher và Mila Kunis hẹn hò ở Bali.
Phu thuy teen.,Phù thủy teen.
My dieu F-35 den chau A truoc chuyen cong du cua TT Trump.,Mỹ điều F-35 đến châu Á trước chuyến công du của TT Trump.
Huan luyen dat hieu qua cao ngay tu tuan dau.,Huấn luyện đạt hiệu quả cao ngay từ tuần đầu.
Ho tro chuyen giao cong nghe che bien go cho VN.,Hỗ trợ chuyển giao công nghệ chế biến gỗ cho VN.
Lam gi voi xu huong sa thai lao dong tren 35 tuoi?.,Làm gì với xu hướng sa thải lao động trên 35 tuổi?.
"Ong Dempsey nhan manh: ""Da den luc nuoc Anh tang luong.","Ông Dempsey nhấn mạnh: ""Đã đến lúc nước Anh tăng lương."
NS Hoang Thang: Vai 'cau Troi' van mai trong long khan gia.,NS Hoàng Thắng: Vai 'cậu Trời' vẫn mãi trong lòng khán giả.
Kien quyet khong de dich chong dich.,Kiên quyết không để dịch chồng dịch.
Nghiep vu tu doanh cua cong ty chung khoan.,Nghiệp vụ tự doanh của công ty chứng khoán.
Day la mot diem moi rat dang de cho doi duoi trieu dai cua HLV Gong Oh-kyun.,Đây là một điểm mới rất đáng để chờ đợi dưới triều đại của HLV Gong Oh-kyun.
Thong so pin cua iPhone 6 va 6 Plus.,Thông số pin của iPhone 6 và 6 Plus.
Truc tiep Campuchia 1-1 DT Viet Nam: 'Messi Campuchia' go hoa.,Trực tiếp Campuchia 1-1 ĐT Việt Nam: 'Messi Campuchia' gỡ hòa.
HTC HD2 co loi chup anh... hong.,HTC HD2 có lỗi chụp ảnh... hồng.
"Binh Dinh 'trai tham' thu hut bac si, duoc si.","Bình Định 'trải thảm' thu hút bác sĩ, dược sĩ."
"Nam 2010, PHR van giu ke hoach on dinh.","Năm 2010, PHR vẫn giữ kế hoạch ổn định."
Xuc tien hop tac vien/truong-doanh nghiep: Thanh cong den tu hai phia.,Xúc tiến hợp tác viện/trường-doanh nghiệp: Thành công đến từ hai phía.
Hot boy BB Tran gia gai gay shock tren tham do.,Hot boy BB Trần giả gái gây shock trên thảm đỏ.
Diem tin Bongda24h toi 18/8: Joe Hart dat hang tren TTCN.,Điểm tin Bongda24h tối 18/8: Joe Hart đắt hàng trên TTCN.
Khanh My diu dang dam tham trong ta ao dai truyen thong.,Khánh My dịu dàng đằm thắm trong tà áo dài truyền thống.
Tham sat kinh hoang o Ben Tre: Vac dao cat co nan nhan ngay giua duong.,Thảm sát kinh hoàng ở Bến Tre: Vác dao cắt cổ nạn nhân ngay giữa đường.
"Chuyen ""tho dai"" noi can choi o vuon chuoi.","Chuyện ""thở dài"" nơi căn chòi ở vườn chuối."
Dam bao ATGT trong dip dien ra Lien hoan Tra.,Đảm bảo ATGT trong dịp diễn ra Liên hoan Trà.
TRUC TIEP: Real Madrid 2-0 Espanyol (Hiep 2): Chu nha chi con 10 nguoi tren san.,TRỰC TIẾP: Real Madrid 2-0 Espanyol (Hiệp 2): Chủ nhà chỉ còn 10 người trên sân.
"Duc Trung (Theo SCMP, National Thailand)","Đức Trung (Theo SCMP, National Thailand)"
Tim thay thi the 3 sinh vien tinh nguyen bi nuoc lu cuon.,Tìm thấy thi thể 3 sinh viên tình nguyện bị nước lũ cuốn.
Sap co duong bay thang Dai Bac - Da Nang.,Sắp có đường bay thẳng Đài Bắc - Đà Nẵng.
Sinh gioi da phuc hoi the nao sau dai tuyet chung?.,Sinh giới đã phục hồi thế nào sau đại tuyệt chủng?.
"Giong hat Viet nhi 2014 dem Chung ket: Tuong thuat truc tiep tren VTV3, 21h10.","Giọng hát Việt nhí 2014 đêm Chung kết: Tường thuật trực tiếp trên VTV3, 21h10."
Bat khan cap lanh dao MB24 Thanh Hoa.,Bắt khẩn cấp lãnh đạo MB24 Thanh Hóa.
Cuoc chien de lai hau qua dau thuong cho cac the he hau sinh voi uoc tinh 5 trieu nguoi o Viet Nam mac cac di tat tu chat doc nay khi chien tranh da ket thuc cach day gan 50 nam.,Cuộc chiến để lại hậu quả đau thương cho các thế hệ hậu sinh với ước tính 5 triệu người ở Việt Nam mắc các dị tật từ chất độc này khi chiến tranh đã kết thúc cách đây gần 50 năm.
Va cham tau thuy do suong mu che khuat tam nhin.,Va chạm tàu thủy do sương mù che khuất tầm nhìn.
Du thoi tiet nang nong nhung anh chang van rat nhiet tinh ban hang va gioi thieu nong san.,Dù thời tiết nắng nóng nhưng anh chàng vẫn rất nhiệt tình bán hàng và giới thiệu nông sản.
Ngan hang tinh trung khon don vi suy thoai.,Ngân hàng tinh trùng khốn đốn vì suy thoái.
"""Hien nay nguoi mang danh nha bao xuat hien hoi nhieu"".","""Hiện nay người mang danh nhà báo xuất hiện hơi nhiều""."
"Nhung mot so quoc gia, ho su dung vaccine bai liet uong co chua phien ban virus song da duoc lam suy yeu.","Nhưng một số quốc gia, họ sử dụng vaccine bại liệt uống có chứa phiên bản virus sống đã được làm suy yếu."
Ve xuan thi cua ban gai sao Barcelona.,Vẻ xuân thì của bạn gái sao Barcelona.
"Tuy nhieu nguoi khen Van Hugo ""hop de"", nhung cung co vai me nhan xet trong co ""la the"" vi gay va hoc hac.","Tuy nhiều người khen Vân Hugo ""hợp đẻ"", nhưng cũng có vài mẹ nhận xét trông cô ""lạ thế"" vì gầy và hốc hác."
Ra mat Windows XP SP3.,Ra mắt Windows XP SP3.
Samsung trien khai hanh trinh ket noi nhung uoc mo cho tre nho.,Samsung triển khai hành trình kết nối những ước mơ cho trẻ nhỏ.
Gia dinh mong nhan duoc thong tin ve phan mo liet si Nguyen Van Dong.,Gia đình mong nhận được thông tin về phần mộ liệt sĩ Nguyễn Văn Động.
Hari Won va nam 2017 'song cham' nhung khong 'im hoi lang tieng'.,Hari Won và năm 2017 'sống chậm' nhưng không 'im hơi lặng tiếng'.
Vu ngo doc sua o Hau Giang: Dinh chi hoat dong phat sua Cty M.C.,Vụ ngộ độc sữa ở Hậu Giang: Đình chỉ hoạt động phát sữa Cty M.C.
Sai pham lon tai Tap doan Dau khi Viet Nam.,Sai phạm lớn tại Tập đoàn Dầu khí Việt Nam.
'10 khong' con gai tuyet doi tranh mac phai sau khi chia tay.,'10 không' con gái tuyệt đối tránh mắc phải sau khi chia tay.
"HLV Tran Minh Chien nhan dinh chua the danh gia het ve 2 cau thu nay chi trong 1 tran, nhung cong nhan su nang no, tich cuc cua ho.","HLV Trần Minh Chiến nhận định chưa thể đánh giá hết về 2 cầu thủ này chỉ trong 1 trận, nhưng công nhận sự năng nổ, tích cực của họ."
"Lien hoan du lich ""Do Son bien goi - 2011"".","Liên hoan du lịch ""Đồ Sơn biển gọi - 2011""."
"Lanh dao cac nuoc EU tu thang truoc da nhat tri tang cuong chuan bi cho kich ban khong co khi dot Nga, tang cuong tim nguon nang luong thay the tu cac nuoc nhu My, Na Uy, Azerbaijan va Algeria.","Lãnh đạo các nước EU từ tháng trước đã nhất trí tăng cường chuẩn bị cho kịch bản không có khí đốt Nga, tăng cường tìm nguồn năng lượng thay thế từ các nước như Mỹ, Na Uy, Azerbaijan và Algeria."
"""Nga se dat duoc cac muc tieu bat chap viec My va phuong Tay cung cap ho tro quan su cho Ukraine"", ong Patrushev noi trong mot cuoc hop.","""Nga sẽ đạt được các mục tiêu bất chấp việc Mỹ và phương Tây cung cấp hỗ trợ quân sự cho Ukraine"", ông Patrushev nói trong một cuộc họp."
Xe qua tai giam dang ke tren tuyen cao toc Noi Bai Lao Cai.,Xe quá tải giảm đáng kể trên tuyến cao tốc Nội Bài Lào Cai.
Nguoi Viet giup tai thiet khu pho o thu do cua Ukraina.,Người Việt giúp tái thiết khu phố ở thủ đô của Ukraina.
"Cac loai ten lua doi khong va doi dat se duoc lap dat tren UCAV va viec cap doi xuat hien se ""lam nong"" doi phuong duoi mat dat.","Các loại tên lửa đối không và đối đất sẽ được lắp đặt trên UCAV và việc cặp đôi xuất hiện sẽ ""làm nóng"" đối phương dưới mặt đất."
"Qua trinh dieu tra, Cong an phat hien Nham Hoang Khang tong tien va nhan 400 trieu dong.","Quá trình điều tra, Công an phát hiện Nhâm Hoàng Khang tống tiền và nhận 400 triệu đồng."
Nhung thoi quen tuong lanh manh nhung lai co the gay tang can.,Những thói quen tưởng lành mạnh nhưng lại có thể gây tăng cân.
Minh Tu luon ung ho va dong hanh cung Tran Dai trong hanh trinh chinh phuc vuong mien quoc te.,Minh Tú luôn ủng hộ và đồng hành cùng Trân Đài trong hành trình chinh phục vương miện quốc tế.
"Google ra mat Chrome 3.0, nhanh hon 25%.","Google ra mắt Chrome 3.0, nhanh hơn 25%."
"Hoi Nong dan huyen cung da to chuc giai ngan Quy Ho tro nong dan cho 5 du an, voi tong so tien 930 trieu dong, nang tong so Quy Ho tro nong dan cua huyen den nay len tren 2 ty dong.","Hội Nông dân huyện cũng đã tổ chức giải ngân Quỹ Hỗ trợ nông dân cho 5 dự án, với tổng số tiền 930 triệu đồng, nâng tổng số Quỹ Hỗ trợ nông dân của huyện đến nay lên trên 2 tỷ đồng."
Ti phu giau nhat Nhat Ban: 'Toi rat tham that bai'.,Tỉ phú giàu nhất Nhật Bản: 'Tôi rất thấm thất bại'.
Albania tan cong quy mo lon voi nan trom cap nang luong.,Albania tấn công quy mô lớn với nạn trộm cắp năng lượng.
"Dau tuan, gia vang o muc 47,08 trieu dong/luong.","Đầu tuần, giá vàng ở mức 47,08 triệu đồng/lượng."
Nga o at san xuat tau ngam tan cong khung.,Nga ồ ạt sản xuất tàu ngầm tấn công khủng.
"Ve su than thiet voi nhung nguoi dong doi o DTQG hien thi dau cho SLNA, Que Ngoc Hai cho biet: ""Ai cung vay thoi, Hai nghi minh se lam het kha nang khi o tren san.","Về sự thân thiết với những người đồng đội ở ĐTQG hiện thi đấu cho SLNA, Quế Ngọc Hải cho biết: ""Ai cũng vậy thôi, Hải nghĩ mình sẽ làm hết khả năng khi ở trên sân."
Italy lo ngai tinh trang bao luc voi phu nu ngay cang gia tang.,Italy lo ngại tình trạng bạo lực với phụ nữ ngày càng gia tăng.
"""Vi vay, cha toi quyet dinh roi khach san de bat dau kinh doanh ca phe trung va tao thuong hieu cho rieng minh"". Khi de cap den cong thuc, ong Dao bat dau dem ngon tay liet ke cac thanh phan.","""Vì vậy, cha tôi quyết định rời khách sạn để bắt đầu kinh doanh cà phê trứng và tạo thương hiệu cho riêng mình"". Khi đề cập đến công thức, ông Đạo bắt đầu đếm ngón tay liệt kê các thành phần."
Hang phat thanh hang dau cua My xin bao ho pha san.,Hãng phát thanh hàng đầu của Mỹ xin bảo hộ phá sản.
TRUC TIEP Duc Italia: Dai chien dinh cao (KT).,TRỰC TIẾP Đức Italia: Đại chiến đỉnh cao (KT).
Luc tuoi tho uoc lam chu bo doi....,Lúc tuổi thơ ước làm chú bộ đội....
May bay Vietnam Airlines bi cat lop:Giai oan san bay Da Nang.,Máy bay Vietnam Airlines bị cắt lốp:Giải oan sân bay Đà Nẵng.
Colombia bat giu trum ma tuy khet tieng Sebastian.,Colombia bắt giữ trùm ma túy khét tiếng Sebastian.
Cham dut tinh trang quan 'tham' nha cong vu.,Chấm dứt tình trạng quan 'tham' nhà công vụ.
Trong truong hop benh nhan duoc cuu song van co the doi mat voi cac di chung.,Trong trường hợp bệnh nhân được cứu sống vẫn có thể đối mặt với các di chứng.
"Theo hang tin Reuters, vang ghi nhan chuoi giam gia lien tiep trong nhieu tuan, giam xuong 1% so voi ket thuc phien cuoi tuan truo, do dong USD manh len va trien vong lai suat cao hon lam xoi mon suc hap dan cua vang.","Theo hãng tin Reuters, vàng ghi nhận chuỗi giảm giá liên tiếp trong nhiều tuần, giảm xuống 1% so với kết thúc phiên cuối tuần trướ, do đồng USD mạnh lên và triển vọng lãi suất cao hơn làm xói mòn sức hấp dẫn của vàng."
Trien khai cac giai phap nang cao chat luong cong tac tieu chuan-do luong-chat luong.,Triển khai các giải pháp nâng cao chất lượng công tác tiêu chuẩn-đo lường-chất lượng.
'Chang ai co the dua Neymar roi PSG'.,'Chẳng ai có thể đưa Neymar rời PSG'.
Nu quai lua dao hang tram ty chan dong Quang Ninh hau toa.,Nữ quái lừa đảo hàng trăm tỷ chấn động Quảng Ninh hầu tòa.
"Nhat Kim Anh chia se bi quyet giam 20 kg ""than toc"" sau sinh.","Nhật Kim Anh chia sẻ bí quyết giảm 20 kg ""thần tốc"" sau sinh."
Ky nu Serena.,Kỳ nữ Serena.
Bang Louisiana lai cho phep hoat dong toi sang.,Bang Louisiana lại cho phép hoạt động tới sáng.
Miss Teen dep long lay tren du thuyen nam sao.,Miss Teen đẹp lộng lẫy trên du thuyền năm sao.
Neu biet nam bat nhung co hoi thi uoc mo cua ho se tro thanh hieu thuc.,Nếu biết nắm bắt những cơ hội thì ước mơ của họ sẽ trở thành hiệu thực.
Thi phan iPhone bi BlackBerry chiem doat.,Thị phần iPhone bị BlackBerry chiếm đoạt.
"Indonesia: May bay bi ban, 5 nguoi thuong vong.","Indonesia: Máy bay bị bắn, 5 người thương vong."
"Yeu to tri an con qua it Bohemian Rhapsody (2018) gay xuc dong nguoi ham mo nhom nhac Queen khi tai hien buoi dien Live Aid (1985), lan bieu dien cuoi cua co ca si Freddie Mercury o ket phim.","Yếu tố tri ân còn quá ít Bohemian Rhapsody (2018) gây xúc động người hâm mộ nhóm nhạc Queen khi tái hiện buổi diễn Live Aid (1985), lần biểu diễn cuối của cố ca sĩ Freddie Mercury ở kết phim."
Cuoc chay dua vu trang toan cau dang nong len.,Cuộc chạy đua vũ trang toàn cầu đang nóng lên.
"Luot tran thu tu vong bang UEFA Champions League: Real Madrid, Dortmund di tiep.","Lượt trận thứ tư vòng bảng UEFA Champions League: Real Madrid, Dortmund đi tiếp."
Tong tu lenh Thai Binh Duong cua My canh bao Trung Quoc dang tinh toan sai.,Tổng tư lệnh Thái Bình Dương của Mỹ cảnh báo Trung Quốc đang tính toán sai.
Cay kem gay soc gia 21 ty dong.,Cây kem gây sốc giá 21 tỷ đồng.
Lai suat ky han ngan tiep tuc tang.,Lãi suất kỳ hạn ngắn tiếp tục tăng.
Bi quyet cham soc toc mua kho.,Bí quyết chăm sóc tóc mùa khô.
Nga bat ngo rut khoi dao Ran Bo Quoc phong Nga ngay 30/6 thong bao quan doi Nga da roi khoi Dao Ran o Bien Den va nhan manh day la mot cu chi thien chi cua Moscow giua boi canh chien dich quan su dac biet van tiep dien o Ukraine.,Nga bất ngờ rút khỏi đảo Rắn Bộ Quốc phòng Nga ngày 30/6 thông báo quân đội Nga đã rời khỏi Đảo Rắn ở Biển Đen và nhấn mạnh đây là một cử chỉ thiện chí của Moscow giữa bối cảnh chiến dịch quân sự đặc biệt vẫn tiếp diễn ở Ukraine.
Dieu hoa bo tui tien loi cua Sony duoc ra mat hoi dau thang 7/2020.,Điều hòa bỏ túi tiện lợi của Sony được ra mắt hồi đầu tháng 7/2020.
BAN TIN The thao 19H: HLV Graechen tin U19 Viet Nam vo dich.,BẢN TIN Thể thao 19H: HLV Graechen tin U19 Việt Nam vô địch.
Khoi to 5 doi tuong khai thac gan 200m3 go trai phep.,Khởi tố 5 đối tượng khai thác gần 200m3 gỗ trái phép.
Tong thong Aquino: Thuc day thuong tu hoi Trung Quoc dang san duoi gi?.,Tổng thống Aquino: Thức dậy thường tự hỏi Trung Quốc đang săn đuổi gì?.
Giam beo sau ky nghi Tet.,Giảm béo sau kỳ nghỉ Tết.
Muon chung minh thu cua em dau de di may bay.,Mượn chứng minh thư của em dâu để đi máy bay.
'Lac loi' trong hang dong tu nhien dep quen duong ve.,'Lạc lối' trong hang động tự nhiên đẹp quên đường về.
"27 tuoi con zin , que that!.","27 tuổi còn zin , quê thật!."
"""Zoom can canh"" mot buoi dua cho tai Vung Tau.","""Zoom cận cảnh"" một buổi đua chó tại Vũng Tàu."
Mariah Carey: Leona Lewis khong bao gio la Mariah moi !.,Mariah Carey: Leona Lewis không bao giờ là Mariah mới !.
Khong noi lung tung.,Không nói lung tung.
Nhan dinh chung khoan 12-16/10: Van trong xu the tang.,Nhận định chứng khoán 12-16/10: Vẫn trong xu thế tăng.
"Ha Tinh (ao hong) khong ngan dai gia V-League, chu dong day cao doi hinh don ep doi khach ngay sau khai cuoc.","Hà Tĩnh (áo hồng) không ngán đại gia V-League, chủ động đẩy cao đội hình dồn ép đội khách ngay sau khai cuộc."
Xon xao vu ty phu My kiem loi nho giao dich noi gian.,Xôn xao vụ tỷ phú Mỹ kiếm lời nhờ giao dịch nội gián.
Von ngoai vao TTCK Dong Nam A giam nhe.,Vốn ngoại vào TTCK Đông Nam Á giảm nhẹ.
Chung tich chien tranh bi mat trom.,Chứng tích chiến tranh bị mất trộm.
LDLD tinh Lai Chau: Rat mong tinh to chuc hoi thi sang tao ky thuat hang nam.,LĐLĐ tỉnh Lai Châu: Rất mong tỉnh tổ chức hội thi sáng tạo kỹ thuật hằng năm.
Tiet lo chon nghi duong cua nha giau pho Wall.,Tiết lộ chốn nghỉ dưỡng của nhà giàu phố Wall.
"Anh da danh hon 20 nam de co gang xay dung phan ung hieu qua cua canh sat doi voi tham hoa nhan quyen ma cho den nam 2010, tham chi chua xuat hien trong bo luat hinh su cua Tay Ban Nha.","Anh đã dành hơn 20 năm để cố gắng xây dựng phản ứng hiệu quả của cảnh sát đối với thảm họa nhân quyền mà cho đến năm 2010, thậm chí chưa xuất hiện trong bộ luật hình sự của Tây Ban Nha."
Den luot sao Man City bi lang ma.,Đến lượt sao Man City bị lăng mạ.
Ban se dua ra nhung quyet dinh mua sam nhieu hon.,Bạn sẽ đưa ra những quyết định mua sắm nhiều hơn.
Khong khi soi noi tai hoi cho sach va san pham giao duc 2011.,Không khí sôi nổi tại hội chợ sách và sản phẩm giáo dục 2011.
Le Khanh tao bao khoe vong mot.,Lê Khánh táo bạo khoe vòng một.
Chuyen sinh no.,Chuyện sinh nở.
Da tim ra nguyen nhan song Amazon thay dong chay.,Đã tìm ra nguyên nhân sông Amazon thay dòng chảy.
"Dieu tra ""nha may san xuat tre em"" gay chan dong Thai Lan.","Điều tra ""nhà máy sản xuất trẻ em"" gây chấn động Thái Lan."
Dam cuoi cua cap sao tro thanh su kien noi bat cua lang giai tri Han Quoc trong 6 thang dau nam 2022.,Đám cưới của cặp sao trở thành sự kiện nổi bật của làng giải trí Hàn Quốc trong 6 tháng đầu năm 2022.
"Hien, MV duoc dua ve che do khong cong khai, chi nhung nguoi co duong link moi xem duoc.","Hiện, MV được đưa về chế độ không công khai, chỉ những người có đường link mới xem được."
"Trong do, dong luc cho muc tang truong nay chu yeu den tu thu nhap lai thuan (lai tu hoat dong tin dung) du bao tang 14% trong quy.","Trong đó, động lực cho mức tăng trưởng này chủ yếu đến từ thu nhập lãi thuần (lãi từ hoạt động tín dụng) dự báo tăng 14% trong quý."
"Vi vay, gia dinh cu Nguyen Thi Mui da keu cuu den Doan DBQH tinh Thai Nguyen.","Vì vậy, gia đình cụ Nguyễn Thị Mùi đã kêu cứu đến Đoàn ĐBQH tỉnh Thái Nguyên."
Cham soc ba me sinh mo.,Chăm sóc bà mẹ sinh mổ.
"Nga khong kich ngay thu 2 o Syria, san phang so chi huy IS.","Nga không kích ngày thứ 2 ở Syria, san phẳng sở chỉ huy IS."
"Nghe An: Be boi bo khong da duoc tu sua, nang cap.","Nghệ An: Bể bơi bỏ không đã được tu sửa, nâng cấp."
Viec mang luoi duong sat day dac tai Donbas cung gop phan vao loi the cua Moscow.,Việc mạng lưới đường sắt dày đặc tại Donbas cũng góp phần vào lợi thế của Moscow.
Van trong ke hoach.,Vẫn trong kế hoạch.
Ha Noi T&T; se danh bai doi bong manh nhat V.League.,Hà Nội T&T; sẽ đánh bại đội bóng mạnh nhất V.League.
Dan do hang tram ky ca chet truoc cong cong ty che bien hai san.,Dân đổ hàng trăm ký cá chết trước cổng công ty chế biến hải sản.
"Trung tam y te huyen Phu My (Binh Dinh): Tac trach, 1 tre so sinh chet oan.","Trung tâm y tế huyện Phù Mỹ (Bình Định): Tắc trách, 1 trẻ sơ sinh chết oan."
"Do xo mua vua smartphone sac 10 phut dung 5,5h, Ram 3Gb.","Đổ xô mua vua smartphone sạc 10 phút dùng 5,5h, Ram 3Gb."
Vo chong tre phong nang vi an lau bep con.,Vợ chồng trẻ phỏng nặng vì ăn lẩu bếp cồn.
10 buc anh dep kinh ngac chup may bay Nga tren bau troi.,10 bức ảnh đẹp kinh ngạc chụp máy bay Nga trên bầu trời.
Chuyen tinh co tich giua Paris cua cap du hoc sinh Viet.,Chuyện tình cổ tích giữa Paris của cặp du học sinh Việt.
"Theo giai trinh, VDSC cho biet dien bien thi truong chung khoan khong thuan loi da anh huong manh den ket qua kinh doanh cua cong ty dac biet la hoat dong tu doanh va moi gioi.","Theo giải trình, VDSC cho biết diễn biến thị trường chứng khoán không thuận lợi đã ảnh hưởng mạnh đến kết quả kinh doanh của công ty đặc biệt là hoạt động tự doanh và môi giới."
"Bo Giao duc va Dao tao phan hoi ve hoc phi 50,5 trieu dong.","Bộ Giáo dục và Đào tạo phản hồi về học phí 50,5 triệu đồng."
Abu Dhabi thanh pho cua nhung cai nhat.,Abu Dhabi thành phố của những cái nhất.
"Gia vang tiep tuc ""phat"" len gan 30,4 trieu dong/luong.","Giá vàng tiếp tục ""phất"" lên gần 30,4 triệu đồng/lượng."
Cac quan ly cap khu vuc phan doi vi viec lay thu nhap tu tai xe co the se phan tac dung.,Các quản lý cấp khu vực phản đối vì việc lấy thu nhập từ tài xế có thể sẽ phản tác dụng.
"Tren tay 3 tan, duoi chan 1 ta ruoi.","Trên tay 3 tấn, dưới chân 1 tạ rưỡi."
Thu tuong bo nhiem lai 3 Thu truong.,Thủ tướng bổ nhiệm lại 3 Thứ trưởng.
Benh nhan nhap vien do ran can tang cao.,Bệnh nhân nhập viện do rắn cắn tăng cao.
Canh bao nan ban hang dom tren truyen hinh.,Cảnh báo nạn bán hàng dởm trên truyền hình.
Tang cuong quang ba du lich mien song nuoc.,Tăng cường quảng bá du lịch miền sông nước.
Thi sinh lam bai trong thoi gian 90 phut theo hinh thuc trac nghiem.,Thí sinh làm bài trong thời gian 90 phút theo hình thức trắc nghiệm.
"""Ngay da cam"" lan dau tien tai Viet Nam.","""Ngày da cam"" lần đầu tiên tại Việt Nam."
HLV Wenger: Walcott se toa sang giup Arsenal danh bai Tottenham.,HLV Wenger: Walcott sẽ tỏa sáng giúp Arsenal đánh bại Tottenham.
Thu ngan sach nha nuoc: 5 thang nam 2011 uoc dat 277.160 ty dong.,Thu ngân sách nhà nước: 5 tháng năm 2011 ước đạt 277.160 tỷ đồng.
"Dung phi tien mua quan ao moi, hay mac lai do cu va bien tau.","Đừng phí tiền mua quần áo mới, hãy mặc lại đồ cũ và biến tấu."
Lu tai DBSCL lam 10 nguoi chet.,Lũ tại ĐBSCL làm 10 người chết.
Xuat phat diem phi cuoi cua nhung thuong hieu lon.,Xuất phát điểm phì cười của những thương hiệu lớn.
Bac sy Viet kham benh cho 6.000 nguoi Campuchia.,Bác sỹ Việt khám bệnh cho 6.000 người Campuchia.
NSUT Thanh Thanh Hien giai nghe lam kinh doanh?.,NSƯT Thanh Thanh Hiền giải nghệ làm kinh doanh?.
Nga len ke hoach mua may bay the he nam tu 2016.,Nga lên kế hoạch mua máy bay thế hệ năm từ 2016.
Huan luyen vien Dinh The Nam da trieu tap 30 cau thu U20 Viet Nam nham chuan bi cho vong loai Cup bong da U20 Chau A 2023.,Huấn luyện viên Đinh Thế Nam đã triệu tập 30 cầu thủ U20 Việt Nam nhằm chuẩn bị cho vòng loại Cúp bóng đá U20 Châu Á 2023.
Bi an va cuon hut voi thoi trang Elise..,Bí ẩn và cuốn hút với thời trang Elise..
CSGT Ha Noi: Trao tra 3 xe may cho chu so huu bi trom cap.,CSGT Hà Nội: Trao trả 3 xe máy cho chủ sở hữu bị trộm cắp.
"Sound Taxi, chiec xe co kha nang bien doi tap am tren duong pho London thanh nhung bai nhac.","Sound Taxi, chiếc xe có khả năng biến đổi tạp âm trên đường phố London thành những bài nhạc."
Microsoft hop tac cung iFixit mo chuong trinh dao tao sua chua thiet bi dien tu mien phi.,Microsoft hợp tác cùng iFixit mở chương trình đào tạo sửa chữa thiết bị điện tử miễn phí.
"The moi thay nhu cau cua khach doi voi loai qua nay rat lon"", chi Nhi cho hay.","Thế mới thấy nhu cầu của khách đối với loại quả này rất lớn"", chị Nhi cho hay."
Dich nam nay den som hon 10 tuan so voi moi nam ty le nang va tu vong deu tang cao.,Dịch năm nay đến sớm hơn 10 tuần so với mọi năm tỷ lệ nặng và tử vong đều tăng cao.
Sony tiep tuc ra mat bo ba may nghe nhac di dong.,Sony tiếp tục ra mắt bộ ba máy nghe nhạc di động.
Nhung nguoi co benh gan man nay can di kham dinh ky gan 6 thang mot lan de co co hoi chan doan benh o giai doan som.,Những người có bệnh gan mạn này cần đi khám định kỳ gan 6 tháng một lần để có cơ hội chẩn đoán bệnh ở giai đoạn sớm.
"Chay phong tro, sinh vien khoc rong.","Cháy phòng trọ, sinh viên khóc ròng."
Quynh Nga tre trung voi phong cach Han Quoc.,Quỳnh Nga trẻ trung với phong cách Hàn Quốc.
Putin: Khong doi nao Nga de mat chu quyen lanh tho.,Putin: Không đời nào Nga để mất chủ quyền lãnh thổ.
Phe binh ban nhu la cach de bao che cho hanh vi dang nghi ngo cua ban than.,Phê bình bạn như là cách để bao che cho hành vi đáng nghi ngờ của bản thân.
Dao tao chung 3 chuc danh tu phap: Mo hinh moi can duoc Nha nuoc quan tam.,Đào tạo chung 3 chức danh tư pháp: Mô hình mới cần được Nhà nước quan tâm.
Sieu ngua o Ford Mustang do ky niem 25 nam Hennessey.,Siêu ngựa ô Ford Mustang độ kỷ niệm 25 năm Hennessey.
"Nhu vay, co the du doan diem chuan tuyen sinh lop 10 nam nay se giam nhe o cac truong top dau, giam o cac truong top 2 so voi cac nam truoc tu 1-1,5 diem va cac truong top cuoi se giam manh.","Như vậy, có thể dự đoán điểm chuẩn tuyển sinh lớp 10 năm nay sẽ giảm nhẹ ở các trường tốp đầu, giảm ở các trường tốp 2 so với các năm trước từ 1-1,5 điểm và các trường tốp cuối sẽ giảm mạnh."
"Bat chap dai dich COVID-19 khien nhom nhac phai han che toi da cac buoi dien, cong ty chu quan cua BTS van co loi nhuan tang vot nho 7 chang trai vang nay.","Bất chấp đại dịch COVID-19 khiến nhóm nhạc phải hạn chế tối đa các buổi diễn, công ty chủ quản của BTS vẫn có lợi nhuận tăng vọt nhờ 7 chàng trai vàng này."
"Doi phuong gioi thieu gioi tinh nam, la bac si tham my, tung di du hoc va con kinh doanh.","Đối phương giới thiệu giới tính nam, là bác sĩ thẩm mỹ, từng đi du học và còn kinh doanh."
Le Minh Son voi album Mot khuc song Hong : Net dan da rat Ha Noi.,Lê Minh Sơn với album Một khúc sông Hồng : Nét dân dã rất Hà Nội.
"Theo camera hanh trinh cua xe container, truoc khi xay ra tai nan co nguoi duoi theo xe may cua 2 thanh nien bi nan.","Theo camera hành trình của xe container, trước khi xảy ra tai nạn có người đuổi theo xe máy của 2 thanh niên bị nạn."
Co gai tim an nhan qua Facebook lan duoc manh moi dau tien.,Cô gái tìm ân nhân qua Facebook lần được manh mối đầu tiên.
Dung nang quan diem chuyen loai mot cau thu tre.,Đừng nâng quan điểm chuyện loại một cầu thủ trẻ.
30% mat hang se duoc giam gia trong Thang khuyen mai Ha Noi.,30% mặt hàng sẽ được giảm giá trong Tháng khuyến mại Hà Nội.
Cuu sao nhi Abigail Breslin tung bi cuong buc nhung khong the keu cuu.,Cựu sao nhí Abigail Breslin từng bị cưỡng bức nhưng không thể kêu cứu.
Singapore miet mai bien bien thanh dat.,Singapore miệt mài biến biển thành đất.
"Truoc day, benh chu yeu gap o nhom tren 50 tuoi, hien ghi nhan truong hop tren 30 tuoi mac benh.","Trước đây, bệnh chủ yếu gặp ở nhóm trên 50 tuổi, hiện ghi nhận trường hợp trên 30 tuổi mắc bệnh."
Trieu Tien de nghi Han Quoc cung dieu tra vu chim tau Cheonan.,Triều Tiên đề nghị Hàn Quốc cùng điều tra vụ chìm tàu Cheonan.
Thanh khoan chung khoan thap nhat tu dau nam.,Thanh khoản chứng khoán thấp nhất từ đầu năm.
De thi va dap an mon Lich su la chinh xac.,Đề thi và đáp án môn Lịch sử là chính xác.
"Ho thang 5-0 moi tuan, chi mot doi co the vo dich giai dau.","Họ thắng 5-0 mỗi tuần, chỉ một đội có thể vô địch giải đấu."
Khong de duoc con gai doi khong ne.,Không đẻ được con gái đời không nể.
"Cu the, nhieu doanh nghiep bi giam nhan hang khoang 10%-20% so voi tong so luong san pham da dat, con don dat hang o thi truong My giam 30%, thi truong chau Au giam 20%. Mot kho khan khac nua la viec van chuyen, giao hang vuong o khau logistics, do hang tau cham chuyen nen mot so doanh nghiep bi keo dai thoi gian giao hang lam chi phi cua doanh nghiep tang len.","Cụ thể, nhiều doanh nghiệp bị giảm nhận hàng khoảng 10%-20% so với tổng số lượng sản phẩm đã đặt, còn đơn đặt hàng ở thị trường Mỹ giảm 30%, thị trường châu Âu giảm 20%. Một khó khăn khác nữa là việc vận chuyển, giao hàng vướng ở khâu logistics, do hãng tàu chậm chuyến nên một số doanh nghiệp bị kéo dài thời gian giao hàng làm chi phí của doanh nghiệp tăng lên."
Hop tac voi doanh nghiep Nhat Ban cung cap giai phap cong nghe cao.,Hợp tác với doanh nghiệp Nhật Bản cung cấp giải pháp công nghệ cao.
Vu tham sat o Binh Phuoc: Tuoi tho khon kho cua nghi can Vu Van Tien.,Vụ thảm sát ở Bình Phước: Tuổi thơ khốn khó của nghi can Vũ Văn Tiến.
Cu dup noi.,Cú đúp nội.
Tin moi nhat ve bao MUJIGAE: Co kha nang doi huong di chuyen.,Tin mới nhất về bão MUJIGAE: Có khả năng đổi hướng di chuyển.
Vietstock Daily 18/09: Dong luc tang truong dang suy yeu?.,Vietstock Daily 18/09: Động lực tăng trưởng đang suy yếu?.
Danh thuc tiem nang che co thu tren cao nguyen da.,Đánh thức tiềm năng chè cổ thụ trên cao nguyên đá.
Rat may khong co ai bi thuong.,Rất may không có ai bị thương.
"Thoi diem nay, phan lon tau ND 3525 da bi chim duoi nuoc.","Thời điểm này, phần lớn tàu ND 3525 đã bị chìm dưới nước."
"Hon 9,8 ty dong tu bo thanh nha Mac.","Hơn 9,8 tỷ đồng tu bổ thành nhà Mạc."
"Moi ban doc chia se video, thong tin toi Ban O to xe may theo email: otoxemay@vietnamnet.vn.","Mời bạn đọc chia sẻ video, thông tin tới Ban Ô tô xe máy theo email: otoxemay@vietnamnet.vn."
"Nguyen Thi My Ha doat giai nhat cuoc thi Bien dao que huong"".","Nguyễn Thị Mỹ Hà đoạt giải nhất cuộc thi Biển đảo quê hương""."
Bi quyet sap xep do dac theo phong thuy cai thien suc khoe gia dinh.,Bí quyết sắp xếp đồ đạc theo phong thủy cải thiện sức khỏe gia đình.
Trien lam Giao duc quoc te Vieca.,Triển lãm Giáo dục quốc tế Vieca.
"Duoc biet, Subeo hien duoc bo me dau tu kha nhieu cho viec hoc tap va trai nghiem.","Được biết, Subeo hiện được bố mẹ đầu tư khá nhiều cho việc học tập và trải nghiệm."
"Va cham voi tau hoa khi sang duong, mot nguoi tu vong tai cho.","Va chạm với tàu hỏa khi sang đường, một người tử vong tại chỗ."
"Duoi vo ra khoi nha vi bao cao su trong thung rac, cuoi cung su that lai khien toi hoi han.","Đuổi vợ ra khỏi nhà vì bao cao su trong thùng rác, cuối cùng sự thật lại khiến tôi hối hận."
Toby Keith: Vua nhac dong que.,Toby Keith: Vua nhạc đồng quê.
"LRT TV cho biet nhung chiec xe tai bi buoc quay dau tro lai thuong cho phu tung o to, go va san pham go, do dac, thuy tinh va ruou - nhung san pham trong danh sach cam van cua Litva./. Nguon tham khao: RT, Reuters, LRT, AFP, TASS","LRT TV cho biết những chiếc xe tải bị buộc quay đầu trở lại thường chở phụ tùng ô tô, gỗ và sản phẩm gỗ, đồ đạc, thủy tinh và rượu - những sản phẩm trong danh sách cấm vận của Litva./. Nguồn tham khảo: RT, Reuters, LRT, AFP, TASS"
Lap dam dau tien o cau vuot Lang Cha Ca.,Lắp dầm đầu tiên ở cầu vượt Lăng Cha Cả.
"Messi bi CDV ""tra tan"" bang cach goi ten Ronaldo.","Messi bị CĐV ""tra tấn"" bằng cách gọi tên Ronaldo."
Sau 30 giay day la anh mau hay den trang?.,Sau 30 giây đây là ảnh màu hay đen trắng?.
Fan nu me man anh em sinh doi giong Kim Hyun Joong.,Fan nữ mê mẩn anh em sinh đôi giống Kim Hyun Joong.
Tong thong Obama nhan thu co chat doc chet nguoi.,Tổng thống Obama nhận thư có chất độc chết người.
"Khong su dung quat lien tuc ma nen co nhung quang nghi khoang 15 – 20 phut, va chi su dung lien tuc tu 30 – 60 phut.","Không sử dụng quạt liên tục mà nên có những quãng nghỉ khoảng 15 – 20 phút, và chỉ sử dụng liên tục từ 30 – 60 phút."
Mazda 3 bat ngo boc chay tren cao toc khien 1 nguoi bat tinh.,Mazda 3 bất ngờ bốc cháy trên cao tốc khiến 1 người bất tỉnh.
Chuyen o toa nha tai dinh cu: Noi kho thang may.,Chuyện ở tòa nhà tái định cư: Nỗi khổ thang máy.
Chau Tan thanh lich va tao nha voi vay trang co dien.,Châu Tấn thanh lịch và tao nhã với váy trắng cổ điển.
"Day tre noi chuyen, di cho, nau com.","Dạy trẻ nói chuyện, đi chợ, nấu cơm."
Tuyen sinh vao 10 chuyen nam 2016: Bi quyet lam tot bai thi Sinh hoc.,Tuyển sinh vào 10 chuyên năm 2016: Bí quyết làm tốt bài thi Sinh học.
"Anh khoi hanh vao ngay 2/4/2015, ngay truoc sinh nhat lan thu 26, mang theo xe day tre em chua do di bo duong dai, tui ngu, may tinh xach tay, may anh va mot chiec thung nhua dung de dung thuc an.","Anh khởi hành vào ngày 2/4/2015, ngay trước sinh nhật lần thứ 26, mang theo xe đẩy trẻ em chứa đồ đi bộ đường dài, túi ngủ, máy tính xách tay, máy ảnh và một chiếc thùng nhựa dùng để đựng thức ăn."
"Video: 'Chi Bay' Phuong My Chi nau che, phu me ban quan.","Video: 'Chị Bảy' Phương Mỹ Chi nấu chè, phụ mẹ bán quán."
"Ong Agrawal giai thich: ""Vi cau be khong the noi hay nghe nen chung toi gap thach thuc lon"". Ngoai ra, luc luong cuu ho con dua xuong gieng mot ong oxy de cung cap duong khi cho Rahul Sahu.","Ông Agrawal giải thích: ""Vì cậu bé không thể nói hay nghe nên chúng tôi gặp thách thức lớn"". Ngoài ra, lực lượng cứu hộ còn đưa xuống giếng một ống oxy để cung cấp dưỡng khí cho Rahul Sahu."
Khoi to chi vi mua ban dieu cham tra?.,Khởi tố chỉ vì mua bán điều chậm trả?.
Diem lai nhung hinh anh trang mau an tuong nhat.,Điểm lại những hình ảnh trăng máu ấn tượng nhất.
"Vao ngay 15/6 vua qua, vong chung ket ""Best barber Viet Nam"" 2022 da dien ra vo cung thanh cong, khi tro thanh noi bay bien hang loat tac pham du thi an tuong dang gay bao trong cong dong mang va duoc du doan se tro thanh xu huong toc nam he 2022.","Vào ngày 15/6 vừa qua, vòng chung kết ""Best barber Việt Nam"" 2022 đã diễn ra vô cùng thành công, khi trở thành nơi bày biện hàng loạt tác phẩm dự thi ấn tượng đang gây bão trong cộng đồng mạng và được dự đoán sẽ trở thành xu hướng tóc nam hè 2022."
Djokovic va S. Williams nhan giai Tay vot cua nam 2015.,Djokovic và S. Williams nhận giải Tay vợt của năm 2015.
Be mac Hoi giang giao vien day nghe toan quoc nam 2009.,Bế mạc Hội giảng giáo viên dạy nghề toàn quốc năm 2009.
Tung bung mo hoi bong da Larue Cup 2015 o Ca Mau.,Tưng bừng mở hội bóng đá Larue Cup 2015 ở Cà Mau.
Phillippines: 180 nguoi thiet mang vi bao Washi.,Phillippines: 180 người thiệt mạng vì bão Washi.
Dien Bien: Cau treo Chieng Xom rat can lam lai.,Điện Biên: Cầu treo Chiềng Xôm rất cần làm lại.
SCIC co quyen gui ngan hang nghin ty.,SCIC có quyền gửi ngân hàng nghìn tỷ.
"Phuong va Lien sinh ra trong gia dinh co hoan canh kho khan, bo me di lam cong nhan.","Phương và Liên sinh ra trong gia đình có hoàn cảnh khó khăn, bố mẹ đi làm công nhân."
Cap bo me cho em be bo sat mep vuc de chup anh bi len an du doi.,Cặp bố mẹ cho em bé bò sát mép vực để chụp ảnh bị lên án dữ dội.
"Dam nghi, dam lam....","Dám nghĩ, dám làm...."
Noi thanh cong ban tay bi may cat lia.,Nối thành công bàn tay bị máy cắt lìa.
"Mot so nguoi vi cong viec ma luon phai lam viec vao ban dem, nhung nguoi nay co nguy co mac benh gan kha cao va he thong mien dich cung se bi giam sut nhieu.","Một số người vì công việc mà luôn phải làm việc vào ban đêm, những người này có nguy cơ mắc bệnh gan khá cao và hệ thống miễn dịch cũng sẽ bị giảm sút nhiều."
Sinh vien ghep chu 'sex' gay tranh cai.,Sinh viên ghép chữ 'sex' gây tranh cãi.
Hoi nghi Tu phap cac tinh duong bien Viet - Lao lan thu 2.,Hội nghị Tư pháp các tỉnh đường biên Việt - Lào lần thứ 2.
"Luc luong canh sat giao thong tap trung xu phat vi pham hanh chinh qua thiet bi ky thuat nghiep vu la hinh anh, qua do trich xuat de xu phat qua thong bao vi pham de nang cao y thuc chap hanh cua nguoi dan"", ong Duc noi them.","Lực lượng cảnh sát giao thông tập trung xử phạt vi phạm hành chính qua thiết bị kỹ thuật nghiệp vụ là hình ảnh, qua đó trích xuất để xử phạt qua thông báo vi phạm để nâng cao ý thức chấp hành của người dân"", ông Đức nói thêm."
"Bo sung vitamin C‏ ‏Phu nu Nhat Ban thuong xuyen bo sung vitamin C thong qua thuc pham, chat bo sung, do uong va cac loai my pham.","Bổ sung vitamin C‏ ‏Phụ nữ Nhật Bản thường xuyên bổ sung vitamin C thông qua thực phẩm, chất bổ sung, đồ uống và các loại mỹ phẩm."
Lo buoc danh phai dua chan.,Lỡ bước đành phải đưa chân.
"Tau duoc dieu khien bang cong nghe tri tue nhan tao, voi 20 dong co chay bang phan ung tong hop hat nhan va duoc thiet ke de luon bay tren bau troi.","Tàu được điều khiển bằng công nghệ trí tuệ nhân tạo, với 20 động cơ chạy bằng phản ứng tổng hợp hạt nhân và được thiết kế để luôn bay trên bầu trời."
Co Bo truong Tran Quoc Hoan: Tan tuy anh minh.,Cố Bộ trưởng Trần Quốc Hoàn: Tận tụy anh minh.
"19h hom nay, hop bao ve vu ca chet hang loat tai mien Trung.","19h hôm nay, họp báo về vụ cá chết hàng loạt tại miền Trung."
"Audi cung dang kham pha nhung lua chon, nhung qua trinh duong nhu khong tien trien nhanh nhu Porsche.","Audi cũng đang khám phá những lựa chọn, nhưng quá trình dường như không tiến triển nhanh như Porsche."
Khong viec gi phai that vong voi Rooney....,Không việc gì phải thất vọng với Rooney....
Nga: Dung xe cuu thuong de doi pho tac duong.,Nga: Dùng xe cứu thương để đối phó tắc đường.
Van kho truy xuat nguon goc rau o cho dau moi.,Vẫn khó truy xuất nguồn gốc rau ở chợ đầu mối.
"Chu tich Ha Noi: Sau 45 ngay, dich than toi se ve cong bo ket qua thanh tra.","Chủ tịch Hà Nội: Sau 45 ngày, đích thân tôi sẽ về công bố kết quả thanh tra."
KSQ: Ong Nguyen Hong Quang khong con la co dong lon.,KSQ: Ông Nguyễn Hồng Quang không còn là cổ đông lớn.
"Thi dau thieu trung thuc, HPN Phu Nhuan va Casanco nhan an ky luat tu VFF.","Thi đấu thiếu trung thực, HPN Phú Nhuận và Casanco nhận án kỷ luật từ VFF."
Festival Gom su Viet Nam Binh Duong lan thu 1.,Festival Gốm sứ Việt Nam Bình Dương lần thứ 1.
"Theo thong tin ma PV Dan Viet thu thap, vao ngay 14/3/2022, sau khi tien hanh thanh tra dot xuat tai UBND xa Duc Hiep ve quan ly, su dung ngan sach; dau tu xay dung co ban; cac khoan dong gop cua nhan dan; cac khoan Nha nuoc ho tro truc tiep cho nguoi dan…; Doan Thanh tra huyen Mo Duc da co ket luat cu the.","Theo thông tin mà PV Dân Việt thu thập, vào ngày 14/3/2022, sau khi tiến hành thanh tra đột xuất tại UBND xã Đức Hiệp về quản lý, sử dụng ngân sách; đầu tư xây dựng cơ bản; các khoản đóng góp của nhân dân; các khoản Nhà nước hỗ trợ trực tiếp cho người dân…; Đoàn Thanh tra huyện Mộ Đức đã có kết luật cụ thể."
Ho buoc phai tiet kiem toi da trong boi canh lam phat gia tang.,Họ buộc phải tiết kiệm tối đa trong bối cảnh lạm phát gia tăng.
Da Lat ruc sac mai anh dao nhung ngay dau xuan.,Đà Lạt rực sắc mai anh đào những ngày đầu xuân.
Quan chuc Trung Quoc bi dieu tra vi so huu biet thu.,Quan chức Trung Quốc bị điều tra vì sở hữu biệt thự.
"Tuy muc do truc trac ve giay to tuy than, co the mot so truong hop hanh khach duoc hang hang khong linh hoat xem xet, giai quyet.","Tùy mức độ trục trặc về giấy tờ tùy thân, có thể một số trường hợp hành khách được hãng hàng không linh hoạt xem xét, giải quyết."
Con so nay cao hon gap doi so voi muc 20.286 ca ghi nhan truoc do mot tuan.,Con số này cao hơn gấp đôi so với mức 20.286 ca ghi nhận trước đó một tuần.
"Vu kien doi 55,5 trieu USD nay sinh tinh tiet moi.","Vụ kiện đòi 55,5 triệu USD nảy sinh tình tiết mới."
Ngam Jennifer Lawrence dep tung centimet.,Ngắm Jennifer Lawrence đẹp từng centimét.
"Tuy nhien, sau su giam sat cua Co quan Canh tranh va Thi truong Vuong quoc Anh va Bo Tu phap My, cong ty nay da thong bao tri hoan den giua nam 2023 vao nam ngoai.","Tuy nhiên, sau sự giám sát của Cơ quan Cạnh tranh và Thị trường Vương quốc Anh và Bộ Tư pháp Mỹ, công ty này đã thông báo trì hoãn đến giữa năm 2023 vào năm ngoái."
Co hoi du lich Hawaii mien phi cho khach hang VietinBank.,Cơ hội du lịch Hawaii miễn phí cho khách hàng VietinBank.
"Ngoai truong Nhat Ban tham Jerusalem, thuc day giai phap 2 nha nuoc.","Ngoại trưởng Nhật Bản thăm Jerusalem, thúc đẩy giải pháp 2 nhà nước."
"Tim diem can bang nham duy tri tang truong dong thoi kiem soat lam phat dang la bai toan nan giai doi voi Ngan hang Trung uong chau Au, cung nhu doi voi moi quoc gia trong khoi cac nuoc su dung dong tien chung Euro.","Tìm điểm cân bằng nhằm duy trì tăng trưởng đồng thời kiểm soát lạm phát đang là bài toán nan giải đối với Ngân hàng Trung ương châu Âu, cũng như đối với mỗi quốc gia trong khối các nước sử dụng đồng tiền chung Euro."
Tin van ngay 9.9.2012.,Tin vắn ngày 9.9.2012.
"Benh la khien cua quy teo lai, hoai tu.","Bệnh lạ khiến của quý teo lại, hoại tử."
"Trung Quoc giam tau, lien tuc giang bay vu khong tau Viet Nam.","Trung Quốc giảm tàu, liên tục giăng bẫy vu khống tàu Việt Nam."
Truy bat cac doi tuong tan cong luc luong bao ve rung.,Truy bắt các đối tượng tấn công lực lượng bảo vệ rừng.
Doi moi voi nhung guong mat cu?.,Đổi mới với những gương mặt cũ?.
Tai sao chung ta thich ngam o to.,Tại sao chúng ta thích ngắm ô tô.
"Nhiet do cao nhat 32-34 do C, co noi tren 34 do C.","Nhiệt độ cao nhất 32-34 độ C, có nơi trên 34 độ C."
Nha dau tu nuoc ngoai chi gan 3 ty USD mua co phan o Viet Nam.,Nhà đầu tư nước ngoài chi gần 3 tỷ USD mua cổ phần ở Việt Nam.
V.Hai Phong dinh an phat nang sau su co doi danh trong tai.,V.Hải Phòng dính án phạt nặng sau sự cố đòi đánh trọng tài.
"""Phim ngan 2010"" chinh thuc khoi dong tren VTV6.","""Phim ngắn 2010"" chính thức khởi động trên VTV6."
"Dai dien nha san xuat, ong Luong Cong Hieu, CEO cua Galaxy EE, chinh thuc len tieng vao trua 27.6: ""Chung toi rat tiec va thanh that xin loi neu su sang tao cua bo phim co lam phien long den nhan vat co that hay nguoi than.","Đại diện nhà sản xuất, ông Lương Công Hiếu, CEO của Galaxy EE, chính thức lên tiếng vào trưa 27.6: ""Chúng tôi rất tiếc và thành thật xin lỗi nếu sự sáng tạo của bộ phim có làm phiền lòng đến nhân vật có thật hay người thân."
"Thanh Hoa: Dau tu 7 ty dong chong xuong cap cac di tich lich su, van hoa.","Thanh Hóa: Đầu tư 7 tỷ đồng chống xuống cấp các di tích lịch sử, văn hóa."
Tai sao Trieu Tien doa dung ten lua tan cong dao Guam?.,Tại sao Triều Tiên dọa dùng tên lửa tấn công đảo Guam?.
Cong Phuong bi cac tuyen thu dan anh 'cham soc' ky.,Công Phượng bị các tuyển thủ đàn anh 'chăm sóc' kỹ.
"Khong minh bach gia dien, nen kinh te phai tra gia dat.","Không minh bạch giá điện, nền kinh tế phải trả giá đắt."
Dam phan thanh lap Chinh phu o Hy Lap.,Đàm phán thành lập Chính phủ ở Hy Lạp.
"Loi nhuan ban smartphone, Samsung gap kho.","Lợi nhuận bán smartphone, Samsung gặp khó."
Tru so cua Toa an Toi cao Ai Cap lai bi tan cong.,Trụ sở của Tòa án Tối cao Ai Cập lại bị tấn công.
Du lieu cua ho tiet lo nhung dau moi moi ve su tien hoa cua virus trong tuong lai va su thich nghi tiem nang o nguoi.,Dữ liệu của họ tiết lộ những đầu mối mới về sự tiến hóa của virus trong tương lai và sự thích nghi tiềm năng ở người.
Tong thong Ukraine neu ly do cuu pho thu tuong Nga bi sat hai.,Tổng thống Ukraine nêu lý do cựu phó thủ tướng Nga bị sát hại.
Nguoi Trung Quoc se thong tri IMF?.,Người Trung Quốc sẽ thống trị IMF?.
"Tuan sau, Roma duoc sang ten cho nguoi My.","Tuần sau, Roma được sang tên cho người Mỹ."
Hai hung nguoi phu nu lang lo bi nguoi tinh thieu song.,Hãi hùng người phụ nữ lẳng lơ bị người tình thiêu sống.
"Du kien, dot giao hang cho nhung khach hang dau tien se vao quy 4 nam nay.","Dự kiến, đợt giao hàng cho những khách hàng đầu tiên sẽ vào quý 4 năm nay."
Ve mo hinh tang truong cua Viet Nam.,Về mô hình tăng trưởng của Việt Nam.
Cap song sinh cua Jolie tung tang dao pho.,Cặp song sinh của Jolie tung tăng dạo phố.
DTA du kien thu ve hon 8 ty dong tu chuyen nhuong du an.,DTA dự kiến thu về hơn 8 tỷ đồng từ chuyển nhượng dự án.
He lo danh muc du an khung cua HD Mon Holdings.,Hé lộ danh mục dự án khủng của HD Mon Holdings.
"Minh dang du dinh se kinh doanh them, nho thoi nhung minh thich lam la duoc.","Mình đang dự định sẽ kinh doanh thêm, nhỏ thôi nhưng mình thích làm là được."
Giai bong da U 21 quoc te Bao Thanh Nien: U-21 Bao Thanh Nien tao bat ngo thu vi.,Giải bóng đá U 21 quốc tế Báo Thanh Niên: U-21 Báo Thanh Niên tạo bất ngờ thú vị.
Truong hop vi pham dau tien.,Trường hợp vi phạm đầu tiên.
Ngoc Trinh loi the voi bikini.,Ngọc Trinh lợi thế với bikini.
Thua Thien - Hue: Toa dam phat dong bao ve moi truong du lich.,Thừa Thiên - Huế: Tọa đàm phát động bảo vệ môi trường du lịch.
Le hoi dem nguoc chao nam 2012.,Lễ hội đếm ngược chào năm 2012.
Ty le no tren GDP cua dat nuoc len gan 90% con chi phi no dat hon khoang 5% moi nam.,Tỷ lệ nợ trên GDP của đất nước lên gần 90% còn chi phí nợ đắt hơn khoảng 5% mỗi năm.
Khi nao co giay bao diem thi Dai hoc 2014.,Khi nào có giấy báo điểm thi Đại học 2014.
Viet tu trai tim chau Au rom mau.,Viết từ trái tim châu Âu rớm máu.
"Viec khai sinh, thua ke cua hai be sinh sau khi cha qua doi se nhu the nao?.","Việc khai sinh, thừa kế của hai bé sinh sau khi cha qua đời sẽ như thế nào?."
Khuyen khich xa hoi hoa co trong diem nganh Y te.,Khuyến khích xã hội hóa có trọng điểm ngành Y tế.
Tin tuc tai nan giao thong moi nhat hom nay 11/8/2017.,Tin tức tai nạn giao thông mới nhất hôm nay 11/8/2017.
Yeu cau cac ngan hang cho vay cac linh vuc uu tien.,Yêu cầu các ngân hàng cho vay các lĩnh vực ưu tiên.
"Nguoi Nga van tin tuong bo doi ""Medvedev - Putin"".","Người Nga vẫn tin tưởng bộ đôi ""Medvedev - Putin""."
"Thong thuong, truong hop bi cao thanh khan nhan toi, an nan hoi cai, tu nguyen boi thuong khac phuc hau qua o cap phuc tham, toa an se xem xet giam nhe mot phan trach nhiem hinh su do co tinh tiet moi la bi cao da an nan ve hanh vi cua minh nen khong can phai co mot muc hinh phat nghiem khac nhu o cap so tham, rut ngan thoi han chap hanh hinh phat tu cung du de cai tao, giao duc bi cao.","Thông thường, trường hợp bị cáo thành khẩn nhận tội, ăn năn hối cải, tự nguyện bồi thường khắc phục hậu quả ở cấp phúc thẩm, tòa án sẽ xem xét giảm nhẹ một phần trách nhiệm hình sự do có tình tiết mới là bị cáo đã ăn năn về hành vi của mình nên không cần phải có một mức hình phạt nghiêm khắc như ở cấp sơ thẩm, rút ngắn thời hạn chấp hành hình phạt tù cũng đủ để cải tạo, giáo dục bị cáo."
"Mot nhom hacker da tan cong ngan hang Viet Nam, Bangladesh, Philippines?.","Một nhóm hacker đã tấn công ngân hàng Việt Nam, Bangladesh, Philippines?."
Duong Tu Quynh ho henh phu kien noi y truoc ong kinh.,Dương Tử Quỳnh hớ hênh phụ kiện nội y trước ống kính.
Bup be may man Miss La Sen - qua tang mang ban sac Viet.,Búp bê may mắn Miss La Sen - quà tặng mang bản sắc Việt.
Djokovic 1-2 Wawrinka (0-0 Set 4): Nole bi dan nguoc.,Djokovic 1-2 Wawrinka (0-0 Set 4): Nole bị dẫn ngược.
"Tat nhien, tap vo cung dot chay nhieu calo de co co dang nguoi thanh manh.","Tất nhiên, tập võ cũng đốt cháy nhiều calo để cô có dáng người thanh mảnh."
"Ben canh do, cha cua Yanzi o nha mot minh duoi que nen ba luon lo lang.","Bên cạnh đó, cha của Yanzi ở nhà một mình dưới quê nên bà luôn lo lắng."
"Nha phan tich Krish Sankar cua ngan hang dau tu Cowen nhan dinh iPhone 13 se duy tri da tang truong doanh so trong giia doan cuoi vong doi, mot phan do ""nhu cau tu nguoi dung Trung Quoc phuc hoi manh"". Trang ET News cua Han Quoc cho biet Samsung Display, nha cung ung man hinh chinh cho iPhone se san xuat khoang 80 trieu man hinh cho 4 mau iPhone 14 trong quy III nam nay.","Nhà phân tích Krish Sankar của ngân hàng đầu tư Cowen nhận định iPhone 13 sẽ duy trì đà tăng trưởng doanh số trong giia đoạn cuối vòng đời, một phần do ""nhu cầu từ người dùng Trung Quốc phục hồi mạnh"". Trang ET News của Hàn Quốc cho biết Samsung Display, nhà cung ứng màn hình chính cho iPhone sẽ sản xuất khoảng 80 triệu màn hình cho 4 mẫu iPhone 14 trong quý III năm nay."
"2 xe may va cham cuc manh, nguoi va xe vang len via he.","2 xe máy va chạm cực mạnh, người và xe văng lên vỉa hè."
"Song Joong Ki: 'Dau nam 2016, chung toi da hua se cung nhau buoc di den cuoi cuoc doi nay'.","Song Joong Ki: 'Đầu năm 2016, chúng tôi đã hứa sẽ cùng nhau bước đi đến cuối cuộc đời này'."
"De tran an cong chung, nam dien vien cho biet do la nhung tam hinh duoc chup trong thoi gian ong tu tap va dam dao ve vo hoc truyen thong o Tay Tang, nhung xuat hien qua nhieu tin don that thiet noi ong benh tat sap qua doi.","Để trấn an công chúng, nam diễn viên cho biết đó là những tấm hình được chụp trong thời gian ông tu tập và đàm đạo về võ học truyền thống ở Tây Tạng, nhưng xuất hiện quá nhiều tin đồn thất thiệt nói ông bệnh tật sắp qua đời."
Thuy Vi len tieng ve dong ho hon nua ty: 'Toi tu bo tien mua'.,Thúy Vi lên tiếng về đồng hồ hơn nửa tỷ: 'Tôi tự bỏ tiền mua'.
Trung Quoc se dieu tau chien den Philippines?.,Trung Quốc sẽ điều tàu chiến đến Philippines?.
"Khoang ba thang nay, ""vang tac"" dung leu bat tren dinh doi, canh duong DH 5, cach trung tam xa khoang 2 km, to chuc khai thac vang trai phep.","Khoảng ba tháng nay, ""vàng tặc"" dựng lều bạt trên đỉnh đồi, cạnh đường ĐH 5, cách trung tâm xã khoảng 2 km, tổ chức khai thác vàng trái phép."
Quan he doi tac chien luoc Viet Nam Duc: Mot so dinh huong lon.,Quan hệ đối tác chiến lược Việt Nam Đức: Một số định hướng lớn.
Xay 725 can ho chung cu cho nguoi thu nhap thap.,Xây 725 căn hộ chung cư cho người thu nhập thấp.
Dap an chinh thuc cac mon thi cao dang cua Bo Giao duc va Dao tao.,Đáp án chính thức các môn thi cao đẳng của Bộ Giáo dục và Đào tạo.
Cho vay tieu dung: Kich thich thi truong ban le.,Cho vay tiêu dùng: Kích thích thị trường bán lẻ.
"Dua vao nhung dieu ke tren, nha bao Ramdani Bur nhan dinh PSSI co kha nang se roi AFF, theo de nghi cua CDV nuoc nha, de gia nhap Lien doan Bong da Dong A (EAFF), voi hy vong bong da Indonesia se co the nang cao trinh do khi thuong xuyen thi dau voi cac doi bong nhu Han Quoc, Nhat Ban.","Dựa vào những điều kể trên, nhà báo Ramdani Bur nhận định PSSI có khả năng sẽ rời AFF, theo đề nghị của CĐV nước nhà, để gia nhập Liên đoàn Bóng đá Đông Á (EAFF), với hy vọng bóng đá Indonesia sẽ có thể nâng cao trình độ khi thường xuyên thi đấu với các đội bóng như Hàn Quốc, Nhật Bản."
Barca BATE: Nhay mua.,Barca BATE: Nhảy múa.
Chiem nguong nhung thu vien tuyet dep tren khap nuoc Anh.,Chiêm ngưỡng những thư viện tuyệt đẹp trên khắp nước Anh.
TIN CHUYEN NHUONG 11/7: PSG sap hoan tat thuong vu Cavani.,TIN CHUYỂN NHƯỢNG 11/7: PSG sắp hoàn tất thương vụ Cavani.
Samsung Galaxy Tab 2 chay Android 4.0 ra mat.,Samsung Galaxy Tab 2 chạy Android 4.0 ra mắt.
"An Do nang nong, dep chay dinh chat xuong mat duong.","Ấn Độ nắng nóng, dép chảy dính chặt xuống mặt đường."
"Thong tin them, ong To Tu Hung - Truong phong An ninh hang khong (Cuc Hang khong VN) cho hay: Theo quy dinh hien hanh, dao lam, dao roc giay, cac loai dao co luoi (khong bao gom can dao) dai tren 6cm hoac tong chieu dai can va luoi tren 10 cm se khong duoc mang vao khu vuc han che, khoang khach cua tau bay ""Can cu hinh anh tren mang xa hoi, nhieu kha nang con dao ma hanh khach mang len tau bay thuoc danh muc bi cam nay"", ong Hung noi va cho biet: De co duoc cau tra loi chinh xac ve viec xu ly, se can thoi gian de dieu tra, xac minh cu the hanh vi vi pham o khau nao, vi pham den dau, co co y hay khong, co uy hiep an toan, an ninh hang khong hay khong.","Thông tin thêm, ông Tô Tử Hùng - Trưởng phòng An ninh hàng không (Cục Hàng không VN) cho hay: Theo quy định hiện hành, dao lam, dao rọc giấy, các loại dao có lưỡi (không bao gồm cán dao) dài trên 6cm hoặc tổng chiều dài cán và lưỡi trên 10 cm sẽ không được mang vào khu vực hạn chế, khoang khách của tàu bay ""Căn cứ hình ảnh trên mạng xã hội, nhiều khả năng con dao mà hành khách mang lên tàu bay thuộc danh mục bị cấm này"", ông Hùng nói và cho biết: Để có được câu trả lơi chính xác về việc xử lý, sẽ cần thời gian để điều tra, xác minh cụ thể hành vi vi phạm ở khâu nào, vi phạm đến đâu, có cố ý hay không, có uy hiếp an toàn, an ninh hàng không hay không."
Ra mat cong ty cho thue xe hoi cao cap tai VN.,Ra mắt công ty cho thuê xe hơi cao cấp tại VN.
Video cat toc nhu mua keo gay to mo.,Video cắt tóc như múa kéo gây tò mò.
Tu mot ke dao tau tro thanh nguoi hung cua nuoc Phap Ky 5: Doi ngu tham tu.,Từ một kẻ đào tẩu trở thành người hùng của nước Pháp Kỳ 5: Đội ngũ thám tử.
"(VnMedia) - Thuy Linh oi, hay dung day tu nhung cam thong cua doc gia.","(VnMedia) - Thùy Linh ơi, hãy đứng dậy từ những cảm thông của độc giả."
"Chuong Tu Di, Chau Tan: 'Gai e' noi tieng nhat showbiz Hoa ngu.","Chương Tử Di, Châu Tấn: 'Gái ế' nổi tiếng nhất showbiz Hoa ngữ."
Cuoc chuyen minh cua doanh nghiep.,Cuộc chuyển mình của doanh nghiệp.
"Dap lai de nghi cua Ramos, Chu tich Lien doan Bong da Tay Ban Nha Luis Rubiales khang dinh trung ve 34 tuoi rat xung dang voi Qua Bong Vang.","Đáp lại đề nghị của Ramos, Chủ tịch Liên đoàn Bóng đá Tây Ban Nha Luis Rubiales khẳng định trung vệ 34 tuổi rất xứng đáng với Quả Bóng Vàng."
"Trong doan video do Chanh Van phong Tong thong Ukraine, ong Andriy Yermak dang tai, 3 binh sy dang dung gan mot la co Ukraine lon, duoc dung len gan mot ngoi nha bi pha huy do phao kich.","Trong đoạn video do Chánh Văn phòng Tổng thống Ukraine, ông Andriy Yermak đăng tải, 3 binh sỹ đang đứng gần một lá cờ Ukraine lớn, được dựng lên gần một ngôi nhà bị phá hủy do pháo kích."
Viec do luong nay se mang toi su that la ban da chi tieu qua nhieu vao muc dich nao va co the khien nhieu nguoi bi soc.,Việc đo lường này sẽ mang tới sự thật là bạn đã chi tiêu quá nhiều vào mục đích nào và có thể khiến nhiều người bị sốc.
"Xoai, thanh long, vai tuoi co co hoi vao Nhat Ban.","Xoài, thanh long, vải tươi có cơ hội vào Nhật Bản."
Ngay thi dau thu 7: Doan Viet Nam tam xep hang 13.,Ngày thi đấu thứ 7: Đoàn Việt Nam tạm xếp hạng 13.
Khoe dep nho an chay.,Khỏe đẹp nhờ ăn chay.
Trien lam quoc te may moc thiet bi 2015 khai mac tai TPHCM.,Triển lãm quốc tế máy móc thiết bị 2015 khai mạc tại TPHCM.
5 buoc tao nen thanh cong cua thuong hieu Apple.,5 bước tạo nên thành công của thương hiệu Apple.
"Da Lat: Cuop giat tao ton tien, vang truoc cua quy tin dung.","Đà Lạt: Cướp giật táo tợn tiền, vàng trước cửa quỹ tín dụng."
Ung thu la nguyen nhan hang dau de doa suc khoe cong dong.,Ung thư là nguyên nhân hàng đầu đe dọa sức khỏe cộng đồng.
Nguoi nang long voi dia dao Vinh Moc.,Người nặng lòng với địa đạo Vịnh Mốc.
Sap co quy dau tu Bitcoin?.,Sắp có quỹ đầu tư Bitcoin?.
Con bup be co hinh anh khuon mat cua Tong thong Nga Putin voi mot dong chu tren nguc cau mong cai chet den voi nha lanh dao Nga.,Con búp bê có hình ảnh khuôn mặt của Tổng thống Nga Putin với một dòng chữ trên ngực cầu mong cái chết đến với nhà lãnh đạo Nga.
'Quyen luc mem' that bai lon cua My duoi thoi Obama.,'Quyền lực mềm' thất bại lớn của Mỹ dưới thời Obama.
Mot su co ngoai tinh toan cua BTC da xay ra.,Một sự cố ngoài tính toán của BTC đã xảy ra.
Bai tho xuc dong ve nguoi me ung thu nhuong con su song.,Bài thơ xúc động về người mẹ ung thư nhường con sự sống.
"Cong viec, ban se co mot trang thai lam viec kem hieu qua.","Công việc, bạn sẽ có một trạng thái làm việc kém hiệu quả."
Phat hien ung thu som de co the chua tot.,Phát hiện ung thư sớm để có thể chữa tốt.
Quang Ngai: Truong tuyen sinh ma So khong biet.,Quảng Ngãi: Trường tuyển sinh mà Sở không biết.
Sieu vong 1 Anh quoc tham gia tu van ca cuoc.,Siêu vòng 1 Anh quốc tham gia tư vấn cá cược.
Suc song Denim voi phu nu hien dai!.,Sức sống Denim với phụ nữ hiện đại!.
"Phat bieu truoc toan quoc, ong Boris Johnson cho biet se tu chuc lanh dao dang Bao thu, dong thoi se tu chuc thu tuong sau khi dang chon ra nguoi ke nhiem.","Phát biểu trước toàn quốc, ông Boris Johnson cho biết sẽ từ chức lãnh đạo đảng Bảo thủ, đồng thời sẽ từ chức thủ tướng sau khi đảng chọn ra người kế nhiệm."
"Lam sao de ""Gia dinh tre"" den cai tao nha giup?.","Làm sao để ""Gia đình trẻ"" đến cải tạo nhà giúp?."
Nhac Viet: Chuyen hai qua & trong cay.,Nhạc Việt: Chuyện hái quả & trồng cây.
BIDV khai truong chi nhanh moi.,BIDV khai trương chi nhánh mới.
"Lay tien ngan hang choi vang, bau Kien thua hang tram ty.","Lấy tiền ngân hàng chơi vàng, bầu Kiên thua hàng trăm tỷ."
"Kinh phi cho GD&DT la 1.647,265 ty dong.","Kinh phí cho GD&ĐT là 1.647,265 tỷ đồng."
"Duc, Ao, Thuy Dien keu goi chau Au doan ket ve khung hoang di cu.","Đức, Áo, Thụy Điển kêu gọi châu Âu đoàn kết về khủng hoảng di cư."
"Phuot bui Huyen Chip noi, khoe than Ba Tung chim.","Phượt bụi Huyền Chip nổi, khoe thân Bà Tưng chìm."
Hung thu dung sung giet tai xe xe tai da bi bat.,Hung thủ dùng súng giết tài xế xe tải đã bị bắt.
Lai bat gap G-Dragon (BigBang) va Kiko bi mat hen ho.,Lại bắt gặp G-Dragon (BigBang) và Kiko bí mật hẹn hò.
"Ronaldo sut hong phat den, Marcelo giai cuu Real Madrid.","Ronaldo sút hỏng phạt đền, Marcelo giải cứu Real Madrid."
Nguoi nuoc ngoai dau tu vao bat dong san Australia tang 75%.,Người nước ngoài đầu tư vào bất động sản Australia tăng 75%.
"""Dich Nhan Kiet"" - doi thu nang ky tai Venice.","""Địch Nhân Kiệt"" - đối thủ nặng ký tại Venice."
Di choi cho Vieng.,Đi chơi chợ Viềng.
Minh Phuong se ra san doi dau Frankfurt.,Minh Phương sẽ ra sân đối đầu Frankfurt.
Lay xe tai di trom cap.,Lấy xe tải đi trộm cắp.
Xem kich cam mien phi.,Xem kịch câm miễn phí.
Gan 20 ngan du khach tham di tich tai Hue.,Gần 20 ngàn du khách thăm di tích tại Huế.
"Pho Thu tuong yeu cau dieu tra, lam ro vu tai nan tren cao toc lam 7 nguoi thuong vong.","Phó Thủ tướng yêu cầu điều tra, làm rõ vụ tai nạn trên cao tốc làm 7 người thương vong."
Bo sung doi tuong duoc huong chinh sach uu tien trong tuyen sinh.,Bổ sung đối tượng được hưởng chính sách ưu tiên trong tuyển sinh.
"Nhieu nguoi mang tre, truc, tham chi chat pha rung duoc de cam coc, quay luoi tha nuoi sia, cua o tang day.","Nhiều người mang tre, trúc, thậm chí chặt phá rừng đước để cắm cọc, quây lưới thả nuôi sìa, cua ở tầng đáy."
Khi dan ong chan vo.,Khi đàn ông chán vợ.
Hang tram xe o to thoat truy thu thue.,Hàng trăm xe ô tô thoát truy thu thuế.
"Bai cuoi: Quyet liet giai ""bai toan kho"".","Bài cuối: Quyết liệt giải ""bài toán khó""."
Hai vo chong thiet mang duoi gam xe ben o Sai Gon.,Hai vợ chồng thiệt mạng dưới gầm xe ben ở Sài Gòn.
Samsung mo rong dau tu se duoc huong uu dai cao.,Samsung mở rộng đầu tư sẽ được hưởng ưu đãi cao.
"Muon kieu cai bang ""dai nao"" le hoi tai Phu Day.","Muôn kiểu cái bang ""đại náo"" lễ hội tại Phủ Dầy."
Nhung ngay hoi danh cho ban tre cong nhan.,Những ngày hội dành cho bạn trẻ công nhân.
Pep Guardiola se dan dat Milan nam 2013.,Pep Guardiola sẽ dẫn dắt Milan năm 2013.
Vinachem don nhan Huan chuong Ho Chi Minh.,Vinachem đón nhận Huân chương Hồ Chí Minh.
Mot thoi va mai mai.,Một thời và mãi mãi.
Nhung mon qua Giang sinh xa xi cua 'sao'.,Những món quà Giáng sinh xa xỉ của 'sao'.
Cac nha dau tu tren toan the gioi lai hoi ha mua vang.,Các nhà đầu tư trên toàn thế giới lại hối hả mua vàng.
"Hang tram nguoi tien dua hai nan nhan vu no ga, sap nha.","Hàng trăm người tiễn đưa hai nạn nhân vụ nổ ga, sập nhà."
Dai hoi dai bieu Dang bo tinh Kon Tum lan thu 15.,Đại hội đại biểu Đảng bộ tỉnh Kon Tum lần thứ 15.
"Cac dong doi o CLB noi voi toi rang toi va Haaland rat giong nhau, dac biet la ve toc do.","Các đồng đội ở CLB nói với tôi rằng tôi và Haaland rất giống nhau, đặc biệt là về tốc độ."
"CAESAR la luu phao tu hanh co nong 155 mm do Phap che tao, dat tren than xe tai 6x6 hoac 8x8.","CAESAR là lựu pháo tự hành cỡ nòng 155 mm do Pháp chế tạo, đặt trên thân xe tải 6x6 hoặc 8x8."
Loi ke gia dinh be trai bi cho nha can mat mui.,Lời kể gia đình bé trai bị chó nhà cắn mất mũi.
"Sao phim truyen hinh chuoc ruou, cuong hiep dan em!.","Sao phim truyền hình chuốc rượu, cưỡng hiếp đàn em!."
Than dong Rashford khong duoc phep thay do cung dan anh tai M.U.,Thần đồng Rashford không được phép thay đồ cùng đàn anh tại M.U.
"Xac dinh trong tam sua doi, bo sung Luat Luat su.","Xác định trọng tâm sửa đổi, bổ sung Luật Luật sư."
Co suc xay chua nho khoi benh khop.,Có sức xây chùa nhờ khỏi bệnh khớp.
"Cong an dang kham nghiem hien truong, lam ro nguyen nhan vu viec"", vi lanh dao dia phuong thong tin.","Công an đang khám nghiệm hiện trường, làm rõ nguyên nhân vụ việc"", vị lãnh đạo địa phương thông tin."
Viet Nam noi chuyen Bien Dong voi Campuchia.,Việt Nam nói chuyện Biển Đông với Campuchia.
Cam on Kep!.,Cảm ơn Kep!.
Han-Trung-Nhat se ra tuyen bo chung ve van de hat nhan Trieu Tien.,Hàn-Trung-Nhật sẽ ra tuyên bố chung về vấn đề hạt nhân Triều Tiên.
HCV Pencak Silat Viet Nam: 'Thang thuyet phuc de trong tai muon cung khong ep duoc'.,HCV Pencak Silat Việt Nam: 'Thắng thuyết phục để trọng tài muốn cũng không ép được'.
"Ben Tre: Chay nha thieu rui tai san, chu nhan trang tay.","Bến Tre: Cháy nhà thiêu rụi tài sản, chủ nhân trắng tay."
"Cu the, voi cac loai xang o muc 950 dong/lit va dau diesel o muc 550 dong/lit, dau hoa 800 dong/lit, dau mazut 950 dong/kg.","Cụ thể, với các loại xăng ở mức 950 đồng/lít và dầu diesel ở mức 550 đồng/lít, dầu hỏa 800 đồng/lít, dầu mazut 950 đồng/kg."
Cac nha may loc dau cung ngan ngai dau tu de tang cong suat.,Các nhà máy lọc dầu cũng ngần ngại đầu tư để tăng công suất.
Yeu cau giam dinh tam than ba me ep con uong thuoc sau.,Yêu cầu giám định tâm thần bà mẹ ép con uống thuốc sâu.
Kham pha hon da Sa Pa.,Khám phá hồn đá Sa Pa.
Thoi gian mua tap trung chu yeu vao chieu toi va dem.,Thời gian mưa tập trung chủ yếu vào chiều tối và đêm.
"Cac thong tin khac nhu man hinh, camera hay gia ban van chua duoc tiet lo.","Các thông tin khác như màn hình, camera hay giá bán vẫn chưa được tiết lộ."
Gai mai dam Gia Xuyen tu nhien hon dan ban xu.,Gái mại dâm Gia Xuyên tự nhiên hơn dân bản xứ.
Hoa Binh: Phat hien tiep dau mon loi di co 21 ngan nam.,Hòa Bình: Phát hiện tiếp dấu mòn lối đi cổ 21 ngàn năm.
"""Mo xe"" cac van de bao mat di dong nam 2015.","""Mổ xẻ"" các vấn đề bảo mật di động năm 2015."
Ra mat cong nghe mo phong ket qua nang nguc chinh xac nhat hien nay.,Ra mắt công nghệ mô phỏng kết quả nâng ngực chính xác nhất hiện nay.
San phu dao Ly Son vuot gio giat cap 7 vao dat lien vuot can.,Sản phụ đảo Lý Sơn vượt gió giật cấp 7 vào đất liền vượt cạn.
Bat 15 ten moc tui trong dem Noel.,Bắt 15 tên móc túi trong đêm Noel.
"Se cap the hanh nghe cho ca si, nguoi mau vao thang 4/2014.","Sẽ cấp thẻ hành nghề cho ca sĩ, người mẫu vào tháng 4/2014."
phat hien minh bi lua nen de nghi cham dut hop dong va yeu cau Nha chuyen tra 114 trieu.,phát hiện mình bị lừa nên đề nghị chấm dứt hợp đồng và yêu cầu Nhã chuyển trả 114 triệu.
Nguoi dung di dong toan cau van khong man ma voi 4G.,Người dùng di động toàn cầu vẫn không mặn mà với 4G.
Noi nong noi nguoi.,Nơi nóng nơi nguội.
Dung vay ca nhu the nao tot cho suc khoe?,Dùng vảy cá như thế nào tốt cho sức khỏe?
Quyen duoc nghi.,Quyền được nghỉ.
Becks & dan VIP du khan CK Wimbledon.,Becks & dàn VIP dự khán CK Wimbledon.
Chuan bi cho tre khi lan dau tien di hoc.,Chuẩn bị cho trẻ khi lần đầu tiên đi học.
"Tuy nhien, den toi ngay 13.11.2020, lan luot 28 doi tuong deu duoc tha cho ve nha.","Tuy nhiên, đến tối ngày 13.11.2020, lần lượt 28 đối tượng đều được thả cho về nhà."
On dinh an ninh trat tu de phat trien.,Ổn định an ninh trật tự để phát triển.
Hy Lap se uu tien thanh toan cac khoan vay cuu tro cua IMF.,Hy Lạp sẽ ưu tiên thanh toán các khoản vay cứu trợ của IMF.
Goc Man Utd: Lay gi de chieu mo Ibrahimovic.,Góc Man Utd: Lấy gì để chiêu mộ Ibrahimovic.
Dung bua dap dau em dau vi mau thuan no nan.,Dùng búa đập đầu em dâu vì mâu thuẫn nợ nần.
HLV Emery phai chong lai 'bang nhom' Brazil tai PSG.,HLV Emery phải chống lại 'băng nhóm' Brazil tại PSG.
Ba luu y khi mang laptop di du lich.,Ba lưu ý khi mang laptop đi du lịch.
Diem lai thi truong nong san tuan qua.,Điểm lại thị trường nông sản tuần qua.
Con mai tinh than Nelson Mandela.,Còn mãi tinh thần Nelson Mandela.
Chelsea khong mua them cau thu.,Chelsea không mua thêm cầu thủ.
‏ ‏Duoi day la 7 meo giup co the luon toa huong trong mua he nay.‏ ‏1.,‏ ‏Dưới đây là 7 mẹo giúp cơ thể luôn tỏa hương trong mùa hè này.‏ ‏1.
"Kinh te, tai chinh 24h: Moody s, S&P; va Fitch lam mua lam gio tai chau Au.","Kinh tế, tài chính 24h: Moody s, S&P; và Fitch làm mưa làm gió tại châu Âu."
Vinmec Nha Trang hoi tu he thong trang thiet bi hien dai.,Vinmec Nha Trang hội tụ hệ thống trang thiết bị hiện đại.
"Voi Cong ty CP Dream Republic, so tien tra vao tai khoan cua co quan thue la 115 ti dong (la so tien trich tu tai khoan cua trung tam dau gia chuyen sang) va so tien trich tu tai khoan cua cong ty la 820.000 dong.","Với Công ty CP Dream Republic, số tiền trả vào tài khoản của cơ quan thuế là 115 tỉ đồng (là số tiền trích từ tài khoản của trung tâm đấu giá chuyển sang) và số tiền trích từ tài khoản của công ty là 820.000 đồng."
"Chi 7,6 ty USD cho du an du bao bao My.","Chi 7,6 tỷ USD cho dự án dự báo bão Mỹ."
Thi sinh Nhan Dan.,Thí sinh Nhân Dân.
2NE1 khien nguoi ham mo chen lan den bat khoc.,2NE1 khiến người hâm mộ chen lấn đến bật khóc.
Nen them nghe vao mon an de ngua nhieu benh.,Nên thêm nghệ vào món ăn để ngừa nhiều bệnh.
"Chu toa phien toa thong bao, tam nghi phien xet xu buoi sang.","Chủ toạ phiên toà thông báo, tạm nghỉ phiên xét xử buổi sáng."
Toi co day som de ngoi ban cong thi ho cung hut thuoc tu som.,Tôi cố dậy sớm để ngồi ban công thì họ cũng hút thuốc từ sớm.
Kagawa quyet tim lai cho dung o M.U.,Kagawa quyết tìm lại chỗ đứng ở M.U.
Quang Ninh: Bat giu gan 1000 chai ruou Chivas 18 nhap lau.,Quảng Ninh: Bắt giữ gần 1000 chai rượu Chivas 18 nhập lậu.
[Photo] Ngam nhin nhung nu canh sat xinh dep cua cac quoc gia.,[Photo] Ngắm nhìn những nữ cảnh sát xinh đẹp của các quốc gia.
Nhieu smartphone Lumia dong loat giam gia ca trieu dong.,Nhiều smartphone Lumia đồng loạt giảm giá cả triệu đồng.
Bo Dao Nha 2-1 Ghana: Qua muon cho Ronaldo.,Bồ Đào Nha 2-1 Ghana: Quá muộn cho Ronaldo.
Thu hut dau tu sau 6 ky Dien dan MDEC: Con khiem ton.,Thu hút đầu tư sau 6 kỳ Diễn đàn MDEC: Còn khiêm tốn.
Anh 1-1 Ukraine: 'Tam su' thoat thua hu via ngay tai Wembley.,Anh 1-1 Ukraine: 'Tam sư' thoát thua hú vía ngay tại Wembley.
Gia dinh Brangelina tat bat cho le Halloween.,Gia đình Brangelina tất bật cho lễ Halloween.
"Ve xe tet nam 2015 tai TP.HCM: Mua bao nhieu, co bay nhieu.","Vé xe tết năm 2015 tại TP.HCM: Mua bao nhiêu, có bấy nhiêu."
"Dang chu y, Julia Fox sap tham gia mot bo phim ma Madonna dam nhiem vai tro dao dien.","Đáng chú ý, Julia Fox sắp tham gia một bộ phim mà Madonna đảm nhiệm vai trò đạo diễn."
Thoi su trong ngay: Dieu dac biet trong Le dieu binh.,Thời sự trong ngày: Điều đặc biệt trong Lễ diễu binh.
"Theo thong ke cua Savills Viet Nam, gia nha tai thi truong Ha Noi dang lien tuc keo dai da tang truong.","Theo thống kê của Savills Việt Nam, giá nhà tại thị trường Hà Nội đang liên tục kéo dài đà tăng trưởng."
Khong chi Sat thu.,Không chỉ Sát thủ.
"Toi nghi, moi nguoi deu co mot so menh va do la dieu da duoc cai dat san tu luc sinh ra.","Tôi nghĩ, mỗi người đều có một số mệnh và đó là điều đã được cài đặt sẵn từ lúc sinh ra."
Dan My kho khan do cat giam chi tieu cong.,Dân Mỹ khó khăn do cắt giảm chi tiêu công.
Chum anh doc: Sir Alex Ferguson - 25 nam nhin lai (P4).,Chùm ảnh độc: Sir Alex Ferguson - 25 năm nhìn lại (P4).
Nguoi hung Demba Ba.,Người hùng Demba Ba.
Giai thuong Cong hien khoi dong.,Giải thưởng Cống hiến khởi động.
"Cu the truoc U23 Malaysia, U23 Viet Nam cam bong len den 77%. Day la thong so cao nhat thuoc ty le kiem soat bong tai VCK U23 chau A 2022.","Cụ thể trước U23 Malaysia, U23 Việt Nam cầm bóng lên đến 77%. Đây là thông số cao nhất thuộc tỷ lệ kiểm soát bóng tại VCK U23 châu Á 2022."
"Ly do tuong tu la cham nop bao cao tai chinh nam 2021 duoc kiem toan, qua 45 ngay ke tu ngay ket thuc nien do.","Lý do tương tự là chậm nộp báo cáo tài chính năm 2021 được kiểm toán, quá 45 ngày kể từ ngày kết thúc niên độ."
Say dam nu cuoi ngot ngao toa nang cua Nu hoang Doanh nhan Ngo Thi Kim Chi.,Say đắm nụ cười ngọt ngào tỏa nắng của Nữ hoàng Doanh nhân Ngô Thị Kim Chi.
Mat troi lan o huong dong.,Mặt trời lặn ở hướng đông.
Dieu tra ke dung kim tiem co mau tran lot tien tren xe khach.,Điều tra kẻ dùng kim tiêm có máu trấn lột tiền trên xe khách.
Nho thuong mua bao.,Nhớ thương mùa bão.
"Tho Nhi Ky: No co so san xuat phao hoa, 20 nguoi chet.","Thổ Nhĩ Kỳ: Nổ cơ sở sản xuất pháo hoa, 20 người chết."
"Hien, co quan chuc nang da vao cuoc de ho tro cac gia dinh.","Hiện, cơ quan chức năng đã vào cuộc để hỗ trợ các gia đình."
"Chia se clip nu sinh bi danh hoi dong, thieu nien 16 tuoi bi 'tra thu'.","Chia sẻ clip nữ sinh bị đánh hội đồng, thiếu niên 16 tuổi bị 'trả thù'."
Bi kich chuyen bo chong ruot chem nang dau phai nhap vien.,Bi kịch chuyện bố chồng rượt chém nàng dâu phải nhập viện.
Phat hien vu van chuyen hang hoa trai phep voi so luong lon.,Phát hiện vụ vận chuyển hàng hóa trái phép với số lượng lớn.
500 nam lich su New York chi trong 47 giay.,500 năm lịch sử New York chỉ trong 47 giây.
"Bat ke ban ban nhau, co 4 khau sung.","Bắt kẻ bắn bạn nhậu, có 4 khẩu súng."
Nhung diem khong the bo qua khi den Manila.,Những điểm không thể bỏ qua khi đến Manila.
Soi nha my nam Viet chuong mot khoe than.,Soi nhà mỹ nam Việt chuộng mốt khoe thân.
(Tin van bong da sang 28/2).,(Tin vắn bóng đá sáng 28/2).
5 sieu moto manh nhat the gioi nam 2015.,5 siêu môtô mạnh nhất thế giới năm 2015.
Buon vui chuyen sinh con nam rong cua nguoi Trung Quoc.,Buồn vui chuyện sinh con năm rồng của người Trung Quốc.
Ha Tinh phan dau den 2013 hoan thanh xay dung nong thon moi o cac xa diem.,Hà Tĩnh phấn đấu đến 2013 hoàn thành xây dựng nông thôn mới ở các xã điểm.
Mua sao bang vao sang 18-11.,Mưa sao băng vào sáng 18-11.
3 cach phan chia ly tuong cho phong khach va phong an 24m2.,3 cách phân chia lý tưởng cho phòng khách và phòng ăn 24m2.
Nu cau thu mac bikini ra san.,Nữ cầu thủ mặc bikini ra sân.
Xem tu vi thu Sau ngay 08/4/2016 cho 12 con giap.,Xem tử vi thứ Sáu ngày 08/4/2016 cho 12 con giáp.
"Nam 2009, VTV4 tiep tuc mo rong tam phu song.","Năm 2009, VTV4 tiếp tục mở rộng tầm phủ sóng."
Nga ngua khi biet GPLX cua minh la gia.,Ngã ngửa khi biết GPLX của mình là giả.
"De co the giup ban co duoc cach nau lau ga la giang ngon nhat, hay chu y mot so dieu sau day: - Vo nat la giang truoc khi cho vao noi nau.","Để có thể giúp bạn có được cách nấu lẩu gà lá giang ngon nhất, hãy chú ý một số điều sau đây: - Vò nát lá giang trước khi cho vào nồi nấu."
"Piaggio Liberty ABS nhieu mau sac tre trung, gia hap dan.","Piaggio Liberty ABS nhiều màu sắc trẻ trung, giá hấp dẫn."
+ Hat giong duoc rac len lop tro nay va ben tren lop hat se lai duoc phu mot lop tro trau day tam 1cm.,+ Hạt giống được rắc lên lớp tro này và bên trên lớp hạt sẽ lại được phủ một lớp tro trấu dày tầm 1cm.
Son Tung M-TP chinh thuc rut lui khoi san choi The Remix.,Sơn Tùng M-TP chính thức rút lui khỏi sân chơi The Remix.
"Sau do, cac canh sat nhanh chong cat vu khi ngung lai viec luc soat.","Sau đó, các cảnh sát nhanh chóng cất vũ khí ngừng lại việc lục soát."
Kinh nghiem... dao duong!.,Kinh nghiệm... đào đường!.
"Noi ve van de nay, ba Nhung cho biet: ""Do la vu tai nan, ong ay dam chet nguoi roi thue nguoi di tu thay.","Nói về vấn đề này, bà Nhung cho biết: ""Đó là vụ tai nạn, ông ấy đâm chết người rồi thuê người đi tù thay."
Ly coktail cho dem Halloween.,Ly coktail cho đêm Halloween.
Mourinho tra thu Dortmund vu Lewandowski.,Mourinho trả thù Dortmund vụ Lewandowski.
Thuy Lien va sen.,Thùy Liên và sen.
"Gia vang SJC tai thi truong Ha Noi duoc Cong ty Vang bac da quy Sai Gon niem yet o muc 68,2 - 68,82 trieu dong/luong (mua vao - ban ra), khong doi so voi chot phien cuoi tuan qua.","Giá vàng SJC tại thị trường Hà Nội được Công ty Vàng bạc đá quý Sài Gòn niêm yết ở mức 68,2 - 68,82 triệu đồng/lượng (mua vào - bán ra), không đổi so với chốt phiên cuối tuần qua."
Trang diem nhanh khi du tiec toi.,Trang điểm nhanh khi dự tiệc tối.
Bo truong tham va chuc Tet truong DH Cong nghiep Ha Noi.,Bộ trưởng thăm và chúc Tết trường ĐH Công nghiệp Hà Nội.
Ky luc the gioi - qua sinh nhat cua Usain Bolt.,Kỷ lục thế giới - quà sinh nhật của Usain Bolt.
"Song Cong, Thai Nguyen.","Sông Công, Thái Nguyên."
Trao chung nhan dau tu cho 27 du an voi tong von hon 35.000 ty dong..,Trao chứng nhận đầu tư cho 27 dự án với tổng vốn hơn 35.000 tỷ đồng..
Trien lam - Giao thuong san pham Han Quoc tai Viet Nam: Nhieu co hoi he mo.,Triển lãm - Giao thương sản phẩm Hàn Quốc tại Việt Nam: Nhiều cơ hội hé mở.
"Tiet lo con giap van do nhu son, tien bac rung rinh nhat thang 1/2018.","Tiết lộ con giáp vận đỏ như son, tiền bạc rủng rỉnh nhất tháng 1/2018."
- Chuan bi 1 it hanh phi de nuoc lau chao thom ngon hap dan hon.,- Chuẩn bị 1 ít hành phi để nước lẩu cháo thơm ngon hấp dẫn hơn.
"Luy ke 6 thang dau nam, doanh nghiep dat tong doanh thu hon 18.210 ty dong.","Lũy kế 6 tháng đầu năm, doanh nghiệp đạt tổng doanh thu hơn 18.210 tỷ đồng."
Cong Tri ngoi ghe nong Project Runway Vietnam.,Công Trí ngồi ghế nóng Project Runway Vietnam.
Ban giao thiet bi dieu khien camera quan sat cho Canh sat PCCC.,Bàn giao thiết bị điều khiển camera quan sát cho Cảnh sát PCCC.
Cau chuyen ve bien Dong.,Câu chuyện về biển Đông.
"Neu duoc xac nhan, day se la khoan phat lon nhat cua chinh quyen Trung Quoc doi voi mot cong ty cong nghe trong nam qua.","Nếu được xác nhận, đây sẽ là khoản phạt lớn nhất của chính quyền Trung Quốc đối với một công ty công nghệ trong năm qua."
Dai tuong Vo Nguyen Giap qua cac tac pham nghe thuat.,Đại tướng Võ Nguyên Giáp qua các tác phẩm nghệ thuật.
San pham bi an cua Microsoft xuat hien tren Internet.,Sản phẩm bí ẩn của Microsoft xuất hiện trên Internet.
"Khong trong cay, hoa co doc trong truong hoc.","Không trồng cây, hoa có độc trong trường học."
"Xe may chay tat dau, xe ben lat giua duong.","Xe máy chạy tạt đầu, xe ben lật giữa đường."
"Yoon Ji-hye, sinh vien dai hoc o Seoul, khong thay ""can phai dau tu nhieu thoi gian"" de hen ho voi mau nguoi khong phu hop.","Yoon Ji-hye, sinh viên đại học ở Seoul, không thấy ""cần phải đầu tư nhiều thời gian"" để hẹn hò với mẫu người không phù hợp."
Giai dap thac mac ve kho dich khop.,Giải đáp thắc mắc về khô dịch khớp.
Nhung nguoi co the di bo 50 m voi toc do binh thuong hoac leo cau thang khong bi kho tho se chiu duoc moi truong khong khi khi di may bay.,Những người có thể đi bộ 50 m với tốc độ bình thường hoặc leo cầu thang không bị khó thở sẽ chịu được môi trường không khí khi đi máy bay.
"Khi Ho Bich Tram mo spa kinh doanh, gia dinh va dac biet la chong ban da phan ung the nao?","Khi Hồ Bích Trâm mở spa kinh doanh, gia đình và đặc biệt là chồng bạn đã phản ứng thế nào?"
HAX: Ke toan truong ban toan bo co phieu tu 29/10.,HAX: Kế toán trưởng bán toàn bộ cổ phiếu từ 29/10.
"Va nam 1288 Hung Dao vuong Tran Quoc Tuan da lan thu ba su dung ke hiem nay danh bai chien thuyen cua quan Nguyen, cham dut mong xam lang nuoc Dai Viet cua doi quan hung hau nhat the gioi thoi bay gio.","Và năm 1288 Hưng Đạo vương Trần Quốc Tuấn đã lần thứ ba sử dụng kế hiểm này đánh bại chiến thuyền của quân Nguyên, chấm dứt mộng xâm lăng nước Đại Việt của đội quân hùng hậu nhất thế giới thời bây giờ."
Lieu Ninh - Tau san bay khong may bay cua Trung Quoc.,Liêu Ninh - Tàu sân bay không máy bay của Trung Quốc.
"Lai xe khi su dung dien thoai, nguy hiem kho luong?.","Lái xe khi sử dụng điện thoại, nguy hiểm khó lường?."
Bang ghi diem thi tuyen sinh vao lop 10 nam hoc 2022-2023 duoc niem yet tai bang tin nha truong va dang tai tren cong thong tin dien tu/trang thong dien tu nha truong.,Bảng ghi điểm thi tuyển sinh vào lớp 10 năm học 2022-2023 được niêm yết tại bảng tin nhà trường và đăng tải trên cổng thông tin điện tử/trang thông điện tử nhà trường.
Nguy co vo bong bong bat dong san cao cap o Anh.,Nguy cơ vỡ bong bóng bất động sản cao cấp ở Anh.
Rau muong xao mam ruoc xanh muot hap dan.,Rau muống xào mắm ruốc xanh mướt hấp dẫn.
Goi thau Quoc lo 1 cham tien do: Thay nha thau va ban quan ly.,Gói thầu Quốc lộ 1 chậm tiến độ: Thay nhà thầu và ban quản lý.
"Trong vai thang, nguoi dan dau ve so gay cua Tour da dat duoc khong phai la Scottie Scheffler hay Jon Rahm hoac Rory McIlroy.","Trong vài tháng, người dẫn đầu về số gậy của Tour đã đạt được không phải là Scottie Scheffler hay Jon Rahm hoặc Rory McIlroy."
Viet ve dao Ly Son.,Viết về đảo Lý Sơn.
10 goi y qua Valentine y nghia ma tiet kiem.,10 gợi ý quà Valentine ý nghĩa mà tiết kiệm.
Bo dien.,Bò điên.
David Beckham khong ngai nhan la cau thu xom.,David Beckham không ngại nhận là cầu thủ xóm.
"""Co nhieu nguoi om ho so chay qua xa khac ky cho nhanh"", ba Thao noi.","""Có nhiều người ôm hồ sơ chạy qua xã khác ký cho nhanh"", bà Thảo nói."
Don nha don Tet - Don Qua khu.,Dọn nhà đón Tết - Dọn Quá khứ.
Ho Ngoc Ha say me tap luyen cung Duc Tri.,Hồ Ngọc Hà say mê tập luyện cùng Đức Trí.
Kiem diem trach nhiem can bo xac nhan ly lich cong dan sai quy dinh.,Kiểm điểm trách nhiệm cán bộ xác nhận lý lịch công dân sai quy định.
Vi sao nhieu hang hang khong ngung bay toi Nga?.,Vì sao nhiều hãng hàng không ngừng bay tới Nga?.
Chinh thuc thu phi duong bo doan Dong Ha Quang Tri.,Chính thức thu phí đường bộ đoạn Đông Hà Quảng Trị.
"Roi may bay, 7 nguoi thiet mang.","Rơi máy bay, 7 người thiệt mạng."
Viec tam nuoc qua lanh se tao ra su chenh lech nhiet do lon giua co the va moi truong.,Việc tắm nước quá lạnh sẽ tạo ra sự chênh lệch nhiệt độ lớn giữa cơ thể và môi trường.
Tieu thu xuong pho cuoi tuan.,Tiểu thư xuống phố cuối tuần.
Nang cao chat luong giao duc mam non can day manh xa hoi hoa.,Nâng cao chất lượng giáo dục mầm non cần đẩy mạnh xã hội hóa.
"Tuy vay, Dembele sau do da ky hop dong moi.","Tuy vậy, Dembele sau đó đã ký hợp đồng mới."
Kho chan nguoi vi pham lam bang lai moi.,Khó chặn người vi phạm làm bằng lái mới.
"Voi ve ngoai dien trai, vo anh da yeu anh Vuong ngay tu cai nhin dau tien va ca hai nhanh chong xac dinh moi quan he yeu duong.","Với vẻ ngoài điển trai, vợ anh đã yêu anh Vương ngay từ cái nhìn đầu tiên và cả hai nhanh chóng xác định mối quan hệ yêu đương."
"Khong nhung vay, tren tam bien hieu trong phim con ghi ro ten ""nuoc sam"" kem theo muc gia la 1.000d/ ly.","Không những vậy, trên tấm biển hiệu trong phim còn ghi rõ tên ""nuoc sam"" kèm theo mức giá là 1.000đ/ ly."
Vy Anh,Vy Anh
Tu su cua Johnny Tri Nguyen.,Tự sự của Johnny Trí Nguyễn.
'Nguoi phu nu dep nhat the gioi' khoe ve dep tu nhien khong phau thuat.,'Người phụ nữ đẹp nhất thế giới' khoe vẻ đẹp tự nhiên không phẫu thuật.
Nam dien vien Hong Kong Ton Vi Luan chia se ve nghi an hen ho Kha Ngan.,Nam diễn viên Hồng Kông Tôn Vĩ Luân chia sẻ về nghi án hẹn hò Khả Ngân.
Eurowindow - Su lua chon toi uu cho ngoi nha cua ban.,Eurowindow - Sự lựa chọn tối ưu cho ngôi nhà của bạn.
Viec cuong che hoa don thue gay lo ngai cho hoat dong cua Khu lien hop cung nhu San van dong Quoc gia My Dinh.,Việc cưỡng chế hoá đơn thuế gây lo ngại cho hoạt động của Khu liên hợp cũng như Sân vận động Quốc gia Mỹ Đình.
TQ: Dap dau vao bon rua toilet may bay tu tu.,TQ: Đập đầu vào bồn rửa toilet máy bay tự tử.
Smartphone gia re danh bai Apple o Trung Quoc.,Smartphone giá rẻ đánh bại Apple ở Trung Quốc.
Giai phau tham my.,Giải phẫu thẩm mỹ.
Bao cao moi truong quoc gia to thuy dien.,Báo cáo môi trường quốc gia tố thủy điện.
"Tren thuc te, loi de nghi cua Chelsea da duoc Sevilla chap nhan.","Trên thực tế, lời đề nghị của Chelsea đã được Sevilla chấp nhận."
"Tuy nhien, Son Tung thuong kin tieng va it khi chia se truc tiep ve cuoc song va cong viec.","Tuy nhiên, Sơn Tùng thường kín tiếng và ít khi chia sẻ trực tiếp về cuộc sống và công việc."
Dai TNVN nhan ky niem chuong Vi su nghiep phat trien cac dan toc Viet Nam.,Đài TNVN nhận kỷ niệm chương Vì sự nghiệp phát triển các dân tộc Việt Nam.
"Toi se tap trung nhieu hon vao cu ly 42km trong tuong lai, boi day la cu ly phu hop khi toi buoc sang tuoi 'bam'. Diem manh cua toi la su ben bi.","Tôi sẽ tập trung nhiều hơn vào cự ly 42km trong tương lai, bởi đây là cự ly phù hợp khi tôi bước sang tuổi 'băm'. Điểm mạnh của tôi là sự bền bỉ."
"(cung la salon lam dep) tren duong NJ15 (phuong My Phuoc, thi xa Ben Cat) de tim.","(cũng là salon làm đẹp) trên đường NJ15 (phường Mỹ Phước, thị xã Bến Cát) để tìm."
"Coutinho hanh phuc o Liverpool, khong toi Barca hoac Real.","Coutinho hạnh phúc ở Liverpool, không tới Barca hoặc Real."
iPhone 6s se co 2GB RAM DDR4?.,iPhone 6s sẽ có 2GB RAM DDR4?.
West Ham United 3-3 Arsenal (Vong 33 giai Ngoai Hang Anh).,West Ham United 3-3 Arsenal (Vòng 33 giải Ngoại Hạng Anh).
Than gui chi em phu nu Viet Nam!.,Thân gửi chị em phụ nữ Việt Nam!.
Ky Duyen moc mac sau khi chim nghim giua 2 A hau.,Kỳ Duyên mộc mạc sau khi chìm nghỉm giữa 2 Á hậu.
So sanh iPod Touch 4 va Galaxy Player 5.0.,So sánh iPod Touch 4 và Galaxy Player 5.0.
Tin vao nhung nguoi tre.,Tin vào những người trẻ.
'Zoolander 2' tiep tuc vach tran bong toi lang giai tri.,'Zoolander 2' tiếp tục vạch trần bóng tối làng giải trí.
No sung ban chet hai canh sat o California.,Nổ súng bắn chết hai cảnh sát ở California.
5 meo de toa sang cung toc.,5 mẹo để tỏa sáng cùng tóc.
"Hinh anh chu S khong lo cung cum bien dao thieng lieng cua To quoc duoc xep boi 1.700 chiec o to, trong do co khoang 1.000 xe thuong hieu Viet, tao nen khoanh khac dang nho chua tung co voi rat nhieu nguoi.","Hình ảnh chữ S khổng lồ cùng cụm biển đảo thiêng liêng của Tổ quốc được xếp bởi 1.700 chiếc ô tô, trong đó có khoảng 1.000 xe thương hiệu Việt, tạo nên khoảnh khắc đáng nhớ chưa từng có với rất nhiều người."
BMW i3 2017 ra mat voi noi luc hon xa the he truoc.,BMW i3 2017 ra mắt với nội lực hơn xa thế hệ trước.
Giam gia cuoc van tai phu hop voi giam gia xang dau.,Giảm giá cước vận tải phù hợp với giảm giá xăng dầu.
Do la nhung chien si ma nay mot so thanh ra thuong binh.,Đó là những chiến sĩ mà nay một số thành ra thương binh.
Vi pham giao thong tai Ha Noi va Tp.HCM se bi phat nang nhat.,Vi phạm giao thông tại Hà Nội và Tp.HCM sẽ bị phạt nặng nhất.
"Lo dien may tinh bang do net cao, gia re.","Lộ diện máy tính bảng độ nét cao, giá rẻ."
"Sau nghi an ban do, V. Ninh Binh ""cam cua"" bao chi.","Sau nghi án bán độ, V. Ninh Bình ""cấm cửa"" báo chí."
Day la cach Goldman Sachs thuyet phuc nhung tai nang cong nghe ngo lo Google.,Đây là cách Goldman Sachs thuyết phục những tài năng công nghệ ngó lơ Google.
Xbox 360 se co ban dac biet Halo: Reach.,Xbox 360 sẽ có bản đặc biệt Halo: Reach.
Cam on SEA Games.,Cảm ơn SEA Games.
Chuc Xuan 2018 - Diem hen dac sac dip Tet Nguyen dan Mau Tuat tren VTV.,Chúc Xuân 2018 - Điểm hẹn đặc sắc dịp Tết Nguyên đán Mậu Tuất trên VTV.
Su that sau nhung man ao thuat dang cap nhat the gioi.,Sự thật sau những màn ảo thuật đẳng cấp nhất thế giới.
Gioi tre chuyen tay clip 'Song tron mot ngay'.,Giới trẻ chuyền tay clip 'Sống trọn một ngày'.
Frank Lampard hon bo giua pho dong.,Frank Lampard hôn bồ giữa phố đông.
Nguoi phu nu co trai tim nguoc.,Người phụ nữ có trái tim ngược.
Hoa tam giac mach Ha Giang se 'do bo' Ha Noi tuan nay.,Hoa tam giác mạch Hà Giang sẽ 'đổ bộ' Hà Nội tuần này.
Nguoi Hoi giao nem 12 nguoi ti nan Thien Chua giao xuong bien.,Người Hồi giáo ném 12 người tị nạn Thiên Chúa giáo xuống biển.
Hoa hau Ngoc Diem khoe da trang non.,Hoa hậu Ngọc Diễm khoe da trắng nõn.
Jang Geun Suk duoc bo nhiem lam Dai Su Thien Chi cua Han Quoc.,Jang Geun Suk được bổ nhiệm làm Đại Sứ Thiện Chí của Hàn Quốc.
Sac thai son moi nao hop voi ban?.,Sắc thái son môi nào hợp với bạn?.
"Doanh nghiep khong duoc xoa bo hoac cat giam che do tien luong khi lao dong lam them gio, lam viec ban dem, che do boi duong bang hien vat va phuc loi khac theo quy dinh cua luat lao dong.","Doanh nghiệp không được xóa bỏ hoặc cắt giảm chế độ tiền lương khi lao động làm thêm giờ, làm việc ban đêm, chế độ bồi dưỡng bằng hiện vật và phúc lợi khác theo quy định của luật lao động."
"Ha Noi: Hang loat bat on tai KDT Van Khe, Ha Dong"": Nhieu cong trinh cong cong bi ho bien !.","Hà Nội: Hàng loạt bất ổn tại KĐT Văn Khê, Hà Đông"": Nhiều công trình công cộng bị hô biến !."
Du an Tay Nam Kim Giang I: Nguoi dan mon moi cho nhan tien boi thuong.,Dự án Tây Nam Kim Giang I: Người dân mòn mỏi chờ nhận tiền bồi thường.
Tuan tu 19 - 23/5: NHNN bom rong 823 ty dong tren OMO.,Tuần từ 19 - 23/5: NHNN bơm ròng 823 tỷ đồng trên OMO.
Nem rac tai dam cuoi dong tinh cua dao dien Han Quoc.,Ném rác tại đám cưới đồng tính của đạo diễn Hàn Quốc.
Ca si Hiphop tre Minh Anh: 'Dung am nhac de hoa nhap cong dong'.,Ca sĩ Hiphop trẻ Minh Anh: 'Dùng âm nhạc để hòa nhập cộng đồng'.
Bao so 5 se gay mua lon o Bac Bo.,Bão số 5 sẽ gây mưa lớn ở Bắc Bộ.
Kham pha nhung dieu thu vi tai cac cong vien noi tieng tren the gioi.,Khám phá những điều thú vị tại các công viên nổi tiếng trên thế giới.
Arsenal - Everton: Het co hoi!.,Arsenal - Everton: Hết cơ hội!.
Binh Dinh: Bat tau cho 150 con so tai tuong.,Bình Định: Bắt tàu chở 150 con sò tai tượng.
"Trai qua hai nam COVID-19, ho gan nhu kiet que nguon tai chinh.","Trải qua hai năm COVID-19, họ gần như kiệt quệ nguồn tài chính."
Hanh cong nhan du duong.,Hành công nhân đủ đường.
Tap doan Tan Tao chat vat vi du an nghin ty o Quang Ngai.,Tập đoàn Tân Tạo chật vật vì dự án nghìn tỷ ở Quảng Ngãi.
Tuan Hung giat toc My Tam.,Tuấn Hưng giật tóc Mỹ Tâm.
"Ngay 1-12, ga Sai Gon ban ve tau Tet 2013.","Ngày 1-12, ga Sài Gòn bán vé tàu Tết 2013."
Nhung cap doi quyen luc nhat lang tuc cau nam 2011.,Những cặp đôi quyền lực nhất làng túc cầu năm 2011.
JJJ (Nguoiduatin.vn) https://doisongphapluat.nguoiduatin.vn/docbaovn/vuong-be-boi-tron-thue-nhung-khong-bi-phong-sat-netizen-nghi-ngo-vien-bang-nghien-co-nguoi-chong-lung-cung-gia-the-khung-tintuc830951 Trang Thong tin dien tu Docbao.vn Cong ty Co phan Quang Minh Viet Nam Giay phep thiet lap Trang thong tin dien tu tong hop tren Internet so 2372/GP-STTTT cap ngay 29/8/2014.,JJJ (Nguoiduatin.vn) https://doisongphapluat.nguoiduatin.vn/docbaovn/vuong-be-boi-tron-thue-nhung-khong-bi-phong-sat-netizen-nghi-ngo-vien-bang-nghien-co-nguoi-chong-lung-cung-gia-the-khung-tintuc830951 Trang Thông tin điện tử Docbao.vn Công ty Cổ phần Quang Minh Việt Nam Giấy phép thiết lập Trang thông tin điện tử tổng hợp trên Internet số 2372/GP-STTTT cấp ngày 29/8/2014.
"Chiec vay co gia 3,75 USD.","Chiếc váy có giá 3,75 USD."
HP Pavilion dv4-1200 series - Bo tu hoan hao.,HP Pavilion dv4-1200 series - Bộ tứ hoàn hảo.
The he thu ba cua Galaxy S lo dien.,Thế hệ thứ ba của Galaxy S lộ diện.
Southampton 0-3 Man City: Man xanh leo len vi tri thu 2.,Southampton 0-3 Man City: Man xanh leo lên vị trí thứ 2.
Bao chi Anh dua tin ban than CR7 san sang giam 30% luong de gia nhap nua do thanh Madrid he nay.,Báo chí Anh đưa tin bản thân CR7 sẵn sàng giảm 30% lương để gia nhập nửa đỏ thành Madrid hè này.
Cach chan quang cao tren Skype.,Cách chặn quảng cáo trên Skype.
"Ben canh do, ve dep nhu tranh ve cua ngoi lang nay con den tu kien truc dam hoi huong Trung Hoa do co nhieu nguoi goc Hoa sinh song.","Bên cạnh đó, vẻ đẹp như tranh vẽ của ngôi làng này còn đến từ kiến trúc đậm hơi hướng Trung Hoa do có nhiều người gốc Hoa sinh sống."
Viec lap Cong dong kinh te ASEAN co the bi tri hoan.,Việc lập Cộng đồng kinh tế ASEAN có thể bị trì hoãn.
Vinh 'sung'!.,Vinh 'súng'!.
Ong Obama: Moi de doa khung bo doi voi My da buoc vao giai doan moi.,Ông Obama: Mối đe dọa khủng bố đối với Mỹ đã bước vào giai đoạn mới.
Dem nghe chop be mua nguon....,Đêm nghe chớp bể mưa nguồn....
Anh cuoi lang man cua cap doi yeu 5 thang la cuoi.,Ảnh cưới lãng mạn của cặp đôi yêu 5 tháng là cưới.
"Tuong TQ ngang nguoc tuyen bo ""dua vu khi ra Truong Sa la chuyen binh thuong"".","Tướng TQ ngang ngược tuyên bố ""đưa vũ khí ra Trường Sa là chuyện bình thường""."
"Theo do, cac cap CD tich cuc phoi hop voi chinh quyen va chuyen mon dong cap trien khai thuc hien chinh sach phap luat co lien quan truc tiep den NLD, dac biet chu trong to chuc tap huan Bo luat Lao dong nam 2019.","Theo đó, các cấp CĐ tích cực phối hợp với chính quyền và chuyên môn đồng cấp triển khai thực hiện chính sách pháp luật có liên quan trực tiếp đến NLĐ, đặc biệt chú trọng tổ chức tập huấn Bộ luật Lao động năm 2019."
Nhung nguoi bieu tinh yeu cau Tong thong Gotabaya Rajapaksa tu chuc vi quan ly yeu kem./.,Những người biểu tình yêu cầu Tổng thống Gotabaya Rajapaksa từ chức vì quản lý yếu kém./.
"Raphinha muon den Nou Camp he nay, nhung thanh bai o thuong vu nay phu thuoc vao so tien chuyen nhuong ma Barca dua ra.","Raphinha muốn đến Nou Camp hè này, nhưng thành bại ở thương vụ này phụ thuộc vào số tiền chuyển nhượng mà Barca đưa ra."
Quy hoach phai di truoc voi chat luong tot.,Quy hoạch phải đi trước với chất lượng tốt.
Cac vu sap khan dai o cac vung nong thon cua Colombia la hiem nhung khong phai la chua tung xay ra.,Các vụ sập khán đài ở các vùng nông thôn của Colombia là hiếm nhưng không phải là chưa từng xảy ra.
Ngoai truong My cam ket bao ve Nhat truoc Trieu Tien.,Ngoại trưởng Mỹ cam kết bảo vệ Nhật trước Triều Tiên.
Phat hien them duoc 2 thi the tai bai vang Sa Phin.,Phát hiện thêm được 2 thi thể tại bãi vàng Sa Phìn.
Cristiano Ronaldo gap go BHL MU.,Cristiano Ronaldo gặp gỡ BHL MU.
'Muc so thi' 'xuong do choi tinh duc lon nhat the gioi.,'Mục sở thị' 'xưởng đồ chơi tình dục lớn nhất thế giới.
Cuu Bo truong Quoc phong My: Qua sai lam khi can thiep quan su o Iraq.,Cựu Bộ trưởng Quốc phòng Mỹ: Quá sai lầm khi can thiệp quân sự ở Iraq.
Thu sau cua ban (25/12).,Thứ sáu của bạn (25/12).
Mark Zuckerberg chi xem Facebook vai phut moi sang.,Mark Zuckerberg chỉ xem Facebook vài phút mỗi sáng.
Truy cuu hinh su nguoi dung dau neu gay lang phi.,Truy cứu hình sự người đứng đầu nếu gây lãng phí.
Giao ban cong tac tuyen giao cac dang uy truc thuoc T.U.,Giao ban công tác tuyên giáo các đảng ủy trực thuộc T.Ư.
Giam doc benh vien lap khong hon 13.000 ho so 'ma' de truc loi.,Giám đốc bệnh viện lập khống hơn 13.000 hồ sơ 'ma' để trục lợi.
Nhan sac Lam Chi Khanh va my nhan chuyen gioi Nong Poy.,Nhan sắc Lâm Chi Khanh và mỹ nhân chuyển giới Nong Poy.
Tong Bi thu Nguyen Phu Trong chuc Tet TTXVN va Van phong TW Dang.,Tổng Bí thư Nguyễn Phú Trọng chúc Tết TTXVN và Văn phòng TW Đảng.
"""Toi den tung nha, roi quan sat, ghi nhan.","""Tôi đến từng nhà, rồi quan sát, ghi nhận."
Binh Dinh ky luat ca nhan sai pham trong vu san phu tu vong o Phu My.,Bình Định kỷ luật cá nhân sai phạm trong vụ sản phụ tử vong ở Phù Mỹ.
"Ha Noi: Dung xe kiem tra, phat hien lung tai xe day vet mau.","Hà Nội: Dừng xe kiểm tra, phát hiện lưng tài xế đầy vết máu."
Ngam Hoa hau Pham Huong dep noi bat va toa sang giua dam dong.,Ngắm Hoa hậu Phạm Hương đẹp nổi bật và tỏa sáng giữa đám đông.
DT nu Viet Nam - Han Quoc: Dang cap chenh lech.,ĐT nữ Việt Nam - Hàn Quốc: Đẳng cấp chênh lệch.
Anh em nha ech tro thanh sinh vat canh.,Anh em nhà ếch trở thành sinh vật cảnh.
Giam doc cong ty Duoc nhap thuoc tri ung thu 'dom' hau toa.,Giám đốc công ty Dược nhập thuốc trị ung thư 'dỏm' hầu tòa.
"So voi cuoi thang 4, tien gui cua nhom khach hang dan cu tai cac to chuc tin dung trong thang 5 tang toi gan 40.000 ty dong.","So với cuối tháng 4, tiền gửi của nhóm khách hàng dân cư tại các tổ chức tín dụng trong tháng 5 tăng tới gần 40.000 tỷ đồng."
Co vua dam nhan vai tro MC cung nhu trinh dien tai su kien Dai nhac hoi - Nguoi dep Bien.,Cô vừa đảm nhận vai trò MC cũng như trình diễn tại sự kiện Đại nhạc hội - Người đẹp Biển.
"Ngay mai, Tong Thu ky Lien doan Arab tham Trung Quoc.","Ngày mai, Tổng Thư ký Liên đoàn Arab thăm Trung Quốc."
Cong bo ket qua dau thau trai phieu do thi Tp.HCM.,Công bố kết quả đấu thầu trái phiếu đô thị Tp.HCM.
"Bao so 10 co 9 lan doi huong, manh 'hiem thay'.","Bão số 10 có 9 lần đổi hướng, mạnh 'hiếm thấy'."
PV Bo truong Tai Chinh Vuong Dinh Hue ve viec gia xang giam them 600 dong moi lit.,PV Bộ trưởng Tài Chính Vương Đình Huệ về việc giá xăng giảm thêm 600 đồng mỗi lít.
Ngo nghinh voi sieu mau nhi dom dang.,Ngộ nghĩnh với siêu mẫu nhí đỏm dáng.
Tieu doi cun con vay meo.,Tiểu đội cún con vây mèo.
Khong su dung thuoc misoprostol gay chuyen da tren thai phu du thang.,Không sử dụng thuốc misoprostol gây chuyển dạ trên thai phụ đủ tháng.
Khoi to nhom chuyen cuop tien cac doi tinh nhan.,Khởi tố nhóm chuyên cướp tiền các đôi tình nhân.
"Thai Lan ban lenh gioi nghiem, dinh chi hien phap sau dao chinh.","Thái Lan ban lệnh giới nghiêm, đình chỉ hiến pháp sau đảo chính."
Can mo rong quyen khoi kien hanh chinh tai Toa an.,Cần mở rộng quyền khởi kiện hành chính tại Tòa án.
Chet do ca do bong da.,Chết do cá độ bóng đá.
Khanh Hoa dieu hanh tuyen truyen phong chong tac hai thuoc la.,Khánh Hòa diễu hành tuyên truyền phòng chống tác hại thuốc lá.
"Bao so 15 vao Bien Dong, cach dao Song Tu Tay 530km.","Bão số 15 vào Biển Đông, cách đảo Song Tử Tây 530km."
Arsenal phai canh tranh voi Bayern trong thuong vu Guillermo Cuadrado.,Arsenal phải cạnh tranh với Bayern trong thương vụ Guillermo Cuadrado.
LDLD Hai Ba Trung ton vinh cong nhan vien chuc lao dong.,LĐLĐ Hai Bà Trưng tôn vinh công nhân viên chức lao động.
"Chiem nguong tai nang cua tan binh Bayern Munich, Joshua Kimmich.","Chiêm ngưỡng tài năng của tân binh Bayern Munich, Joshua Kimmich."
Dao dien Naofumi Higuchi chia se bi soc vi tin tuc.,Đạo diễn Naofumi Higuchi chia sẻ bị sốc vì tin tức.
Luat su can duoc bao ve.,Luật sư cần được bảo vệ.
Coi chung ngo doc voi mon dua muoi.,Coi chừng ngộ độc với món dưa muối.
Thai Thanh Loan - Hoa khoi Duyen dang SV DH Quoc gia TP.HCM 2013.,Thái Thanh Loan - Hoa khôi Duyên dáng SV ĐH Quốc gia TP.HCM 2013.
Thai Lan truy na nghi pham thu 14 lien quan vu danh bom.,Thái Lan truy nã nghi phạm thứ 14 liên quan vụ đánh bom.
"Tan dung van hoi ""co cau dan so vang"" dua dat nuoc di len.","Tận dụng vận hội ""cơ cấu dân số vàng"" đưa đất nước đi lên."
Kham pha ngoi lang toan 'nguoi ngoai hanh tinh'.,Khám phá ngôi làng toàn 'người ngoài hành tinh'.
Mon moi cho xe vao Nam.,Mòn mỏi chờ xe vào Nam.
Napoleon van nhan duoc thu dieu tra cua chinh phu Phap.,Napoleon vẫn nhận được thư điều tra của chính phủ Pháp.
Viet Nam sam 'sat thu nao sau khi My do bo cam van vu khi.,Việt Nam sắm 'sát thủ nào sau khi Mỹ dỡ bỏ cấm vận vũ khí.
Chi 2 trieu USD lam xalo.vn.,Chi 2 triệu USD làm xalo.vn.
"Tuy nhien, nguoi ta cho rang do chi la phat bieu tao 'be noi', con thuc te Barca rat muon ban cuu tien ve Ajax.","Tuy nhiên, người ta cho rằng đó chỉ là phát biểu tạo 'bề nổi', còn thực tế Barca rất muốn bán cựu tiền vệ Ajax."
Phat dong cuoc thi y tuong quy hoach va thiet ke do thi khu vuc Ho Guom.,Phát động cuộc thi ý tưởng quy hoạch và thiết kế đô thị khu vực Hồ Gươm.
Giup ban khong ngai kho khan.,Giúp bạn không ngại khó khăn.
"'Cay' Atletico, Messi khong cho Simeone len tuyen.","'Cay' Atletico, Messi không cho Simeone lên tuyển."
"Dam xa beng xuyen cua phong ve sinh quan nhau, sat hai doi phuong.","Đâm xà beng xuyên cửa phòng vệ sinh quán nhậu, sát hại đối phương."
Tu 1/7 thu nhap 9 trieu dong/thang phai nop thue TNCN.,Từ 1/7 thu nhập 9 triệu đồng/tháng phải nộp thuế TNCN.
Cong nhan bi may xuc de chet.,Công nhân bị máy xúc đè chết.
Vi mot moi truong xa hoi lanh manh cho tuoi tre (bai 1).,Vì một môi trường xã hội lành mạnh cho tuổi trẻ (bài 1).
Du an Tricon Towers: Canh bao quan ly du an xay dung.,Dự án Tricon Towers: Cảnh báo quản lý dự án xây dựng.
Gio lua tron hoa chat gay phat sang?.,Giò lụa trộn hóa chất gây phát sáng?.
Nuoc mat sau tam huy chuong (2): Noi buon 'ba ban rau' tung sang Hy Lap.,Nước mắt sau tấm huy chương (2): Nỗi buồn 'bà bán rau' từng sang Hy Lạp.
Don cho non bao hiem dom via he.,Dọn chợ nón bảo hiểm dỏm vỉa hè.
Vuon thu tan doc nhat the gioi giet dan cac dong vat.,Vườn thú tàn độc nhất thế giới giết dần các động vật.
Gia vang gan nhu khong doi.,Giá vàng gần như không đổi.
PVN se tiep tuc ho tro cho PET.,PVN sẽ tiếp tục hỗ trợ cho PET.
Gia xe o to giam manh do cat giam thue.,Giá xe ô tô giảm mạnh do cắt giảm thuế.
"Ngay ay, chung toi lam phim vui lam"". Va voi dao dien - NSUT Nguyen Huu Phan, Le Cong Tuan Anh thuc su la mot dien vien dac biet, la nguoi nghe si ong an tuong nhat trong cuoc doi lam phim cua minh.","Ngày ấy, chúng tôi làm phim vui lắm"". Và với đạo diễn - NSƯT Nguyễn Hữu Phần, Lê Công Tuấn Anh thực sự là một diễn viên đặc biệt, là người nghệ sĩ ông ấn tượng nhất trong cuộc đời làm phim của mình."
Pham toi vi mang theo dao.,Phạm tội vì mang theo dao.
Duoi ngua dai nhat the gioi.,Đuôi ngựa dài nhất thế giới.
Ki luc the gioi: Gui 566.607 tin nhan mot thang.,Kỉ lục thế giới: Gửi 566.607 tin nhắn một tháng.
Thu mon Rustu gia tu su nghiep thi dau quoc te.,Thủ môn Rustu giã từ sự nghiệp thi đấu quốc tế.
Dung hang rao ngan loi di cua nguoi khac.,Dựng hàng rào ngăn lối đi của người khác.
Trung binh moi hec-ta che o Tra Van co the cho thu nhap khoang 100 trieu dong/nam.,Trung bình mỗi héc-ta chè ở Trà Vân có thể cho thu nhập khoảng 100 triệu đồng/năm.
Vo moi cuoi cua sao Barcelona khoe dang nuot na cung bikini.,Vợ mới cưới của sao Barcelona khoe dáng nuột nà cùng bikini.
"Ngay 9/6, ong Dang Van Minh, Chu tich UBND tinh Quang Ngai, kien nghi Tong cong ty Dau tu phat trien Duong cao toc Viet Nam (VEC) giai quyet dut diem cac ton tai cua du an lien quan den duong cao toc Da Nang - Quang Ngai.","Ngày 9/6, ông Đặng Văn Minh, Chủ tịch UBND tỉnh Quảng Ngãi, kiến nghị Tổng công ty Đầu tư phát triển Đường cao tốc Việt Nam (VEC) giải quyết dứt điểm các tồn tại của dự án liên quan đến đường cao tốc Đà Nẵng - Quảng Ngãi."
Dong gia nha su di quyen gop tien.,Đóng giả nhà sư đi quyên góp tiền.
Hi vong ve vac-xin phong AIDS voi cac khang the moi.,Hi vọng về vắc-xin phòng AIDS với các kháng thể mới.
"Noi thanh bi buc, do thi sinh thai ven do len ngoi.","Nội thành bí bức, đô thị sinh thái ven đô lên ngôi."
Giua bon be va uoc vong.,Giữa bộn bề và ước vọng.
"""Do la van hoa cua nguoi Indonesia goc Hoa.","""Đó là văn hóa của người Indonesia gốc Hoa."
Thai Lan bo phieu bat tin nhiem Chinh phu.,Thái Lan bỏ phiếu bất tín nhiệm Chính phủ.
"Tuy vay, nguoi tiem vaccine COVID-19 du lieu neu nhiem benh cung se khong co trieu chung hoac trieu chung nhe, cang ngay cang giong nhu cam cum.","Tuy vậy, người tiêm vaccine COVID-19 đủ liều nếu nhiễm bệnh cũng sẽ không có triệu chứng hoặc triệu chứng nhẹ, càng ngày càng giống như cảm cúm."
Tiger Woods: Loi sam hoi cong khai.,Tiger Woods: Lời sám hối công khai.
"Cu the, xang giam tu 2.000 dong/lit xuong muc san 1.000 dong/lit; Nhien lieu bay giam tu 1.500 dong/lit xuong muc san 1.000 dong/lit; Dau diesel giam tu 1.000 dong/lit xuong muc san 500 dong/lit; Dau mazut, dau nhon giam tu 1.000 dong/lit xuong muc san 300 dong/lit; Mo nhon giam tu 1.000 dong/kg xuong muc san 300 dong/kg; Dau hoa giu muc 300 dong/lit vi day la muc san trong khung muc thue.","Cụ thể, xăng giảm từ 2.000 đồng/lít xuống mức sàn 1.000 đồng/lít; Nhiên liệu bay giảm từ 1.500 đồng/lít xuống mức sàn 1.000 đồng/lít; Dầu diesel giảm từ 1.000 đồng/lít xuống mức sàn 500 đồng/lít; Dầu mazut, dầu nhờn giảm từ 1.000 đồng/lít xuống mức sàn 300 đồng/lít; Mỡ nhờn giảm từ 1.000 đồng/kg xuống mức sàn 300 đồng/kg; Dầu hỏa giữ mức 300 đồng/lít vì đây là mức sàn trong khung mức thuế."
Di du lich quoc te chi voi 1.690.000 dong.,Đi du lịch quốc tế chỉ với 1.690.000 đồng.
"Tien dao nay hua hen co nhieu dat dien hon khi chi canh tranh voi hai ""ong lao"" la Ibrahimovic va Giroud.","Tiền đạo này hứa hẹn có nhiều đất diễn hơn khi chỉ cạnh tranh với hai ""ông lão"" là Ibrahimovic và Giroud."
Nhung ban cover 'day song' cac cuoc thi am nhac.,Những bản cover 'dậy sóng' các cuộc thi âm nhạc.
"Ben canh cac nhan vat dai dien cho cong ly, tuyen nhan vat ""phan dien"" cung khien khan gia to mo.","Bên cạnh các nhân vật đại diện cho công lý, tuyến nhân vật ""phản diện"" cũng khiến khán giả tò mò."
"De giai thich cho cai ten Ba Hon Dam, nguoi dan dia phuong cho rang do ba hon dao nam doi cheo nhau va tao thanh mot hinh tam giac.","Để giải thích cho cái tên Ba Hòn Đầm, người dân địa phương cho rằng do ba hòn đảo nằm đối chéo nhau và tạo thành một hình tam giác."
"Thanh lap mang luoi an toan, ve sinh vien tai doanh nghiep… Ngoai ra, de dam bao an toan ve sinh lao dong ba Thuan dua ra mot so nhiem vu can thuc hien nhu day manh cong tac tuyen truyen den nguoi lao dong.","Thành lập mạng lưới an toàn, vệ sinh viên tại doanh nghiệp… Ngoài ra, để đảm bảo an toàn vệ sinh lao động bà Thuận đưa ra một số nhiệm vụ cần thực hiện như đẩy mạnh công tác tuyên truyền đến người lao động."
O mot goc nhin khac.,Ở một góc nhìn khác.
Hai nut that cua san xuat lua gao.,Hai nút thắt của sản xuất lúa gạo.
Choang voi do giau co va 'chiu choi' cua Huong Tram.,Choáng với độ giàu có và 'chịu chơi' của Hương Tràm.
"Container lat, tai xe ket cung trong cabin.","Container lật, tài xế kẹt cứng trong cabin."
Khong bat tay se chet chac !.,Không bắt tay sẽ chết chắc !.
Gio To Hung Vuong - Niem tin thieng lieng tro ve coi nguon dan toc.,Giỗ Tổ Hùng Vương - Niềm tin thiêng liêng trở về cội nguồn dân tộc.
Bao cao thuc hien loi hua sau chat van thieu nhung gi?.,Báo cáo thực hiện lời hứa sau chất vấn thiếu những gì?.
"Than hinh chuan muc cung voi viec theo duoi phong cach goi cam, “da nu” 23 tuoi rat dat show o cac chuong trinh truyen hinh tai My.","Thân hình chuẩn mực cùng với việc theo đuổi phong cách gợi cảm, “đả nữ” 23 tuổi rất đắt show ở các chương trình truyền hình tại Mỹ."
"Lai ""soi suc"" clip hat che ""Ha Noi mua nay pho cung nhu song"".","Lại ""sôi sục"" clip hát chế ""Hà Nội mùa này phố cũng như sông""."
Phat trien nha o xa hoi: Chon phuong an nao?.,Phát triển nhà ở xã hội: Chọn phương án nào?.
Thuong thuc banh dam huong vi Latinh.,Thưởng thức bánh đậm hương vị Latinh.
'Doanh nghiep con chay y se yeu cau cong an xu ly hinh su'.,'Doanh nghiệp còn chây ỳ sẽ yêu cầu công an xử lý hình sự'.
"Tung duoc danh gia co tiem nang phat trien vuot bac nho vao vai ""pha cach"", sao nhi 9X nay lai tu tay huy hoai su nghiep cua minh o lua tuoi ""thanh xuan"". Gio day khi nhin lai, chang con ai biet duoc co gai nay da di dau, ve dau sau hang loat on ao nhuc nhoi.","Từng được đánh giá có tiềm năng phát triển vượt bậc nhờ vào vai ""phá cách"", sao nhí 9X này lại tự tay hủy hoại sự nghiệp của mình ở lứa tuổi ""thanh xuân"". Giờ đây khi nhìn lại, chẳng còn ai biết được cô gái này đã đi đâu, về đâu sau hàng loạt ồn ào nhức nhối."
"Hay bat cu quy hoach san bay, cao toc, duong vanh dai nao... deu khien gia dat vuon, dat ruong tai nhung khu vuc do tang cao.","Hay bất cứ quy hoạch sân bay, cao tốc, đường vành đai nào... đều khiến giá đất vườn, đất ruộng tại những khu vực đó tăng cao."
Cau thu goc Viet lap sieu pham o giai Thuy Si.,Cầu thủ gốc Việt lập siêu phẩm ở giải Thụy Sĩ.
Ong Ky du dinh se theo hoc lop y si ve y hoc co truyen.,Ông Kỳ dự định sẽ theo học lớp y sĩ về y học cổ truyền.
Loay hoay tim cach cuu nguoi ngheo.,Loay hoay tìm cách cứu người nghèo.
Pacific Airlines se su dung thuong hieu Jetstar Airways.,Pacific Airlines sẽ sử dụng thương hiệu Jetstar Airways.
"Ho tien bo rat nhieu, cong them khan gia chu nha co vu nhiet tinh.","Họ tiến bộ rất nhiều, cộng thêm khán giả chủ nhà cổ vũ nhiệt tình."
Thu hon 300 thot go nghien van chuyen trai phep.,Thu hơn 300 thớt gỗ nghiến vận chuyển trái phép.
5 cau thu T&T; Ha Noi bi bat tai dong lac.,5 cầu thủ T&T; Hà Nội bị bắt tại động lắc.
"Noi them ve viec nay, BB Tran tam su, cung boi toan ""dong dinh"" va thanh cong voi nhung vai dien ""gia gai"" nen anh va Hai Trieu mat kha nhieu co hoi trong nghe thuat.","Nói thêm về việc này, BB Trần tâm sự, cũng bởi toàn ""đóng đinh"" và thành công với những vai diễn ""giả gái"" nên anh và Hải Triều mất khá nhiều cơ hội trong nghệ thuật."
"Chien luoc Ky lan ""hon ca nhanh"" Ben canh tinh hop ly va kha nang nhan rong mo hinh kinh doanh, cong thuc chung hien nay de tao ra mot startup Ky Lan (cong ty khoi nghiep co von hoa tren 1 ty USD) do la so huu nguon tai chinh doi dao va chien luoc giam gia, khuyen mai gianh thi phan.","Chiến lược Kỳ lân ""hơn cả nhanh"" Bên cạnh tính hợp lý và khả năng nhân rộng mô hình kinh doanh, công thức chung hiện nay để tạo ra một startup Kỳ Lân (công ty khởi nghiệp có vốn hóa trên 1 tỷ USD) đó là sở hữu nguồn tài chính dồi dào và chiến lược giảm giá, khuyến mãi giành thị phần."
"Quang Nam: Tong ket Cuoc thi sang tao thanh, thieu nien, nhi dong lan thu III nam 2010.","Quảng Nam: Tổng kết Cuộc thi sáng tạo thanh, thiếu niên, nhi đồng lần thứ III năm 2010."
"Nam 2007, toan quan quyen gop hon 9 ty dong gop phan khac phuc hau qua thien tai.","Năm 2007, toàn quân quyên góp hơn 9 tỷ đồng góp phần khắc phục hậu quả thiên tai."
Tu hinh dua con giet ca cha va me.,Tử hình đứa con giết cả cha và mẹ.
"Explorer dat doanh so nua dau nam 2022 la 456 chiec, trong khi cung ky nam 2021 chi ban duoc 3 xe.","Explorer đạt doanh số nửa đầu năm 2022 là 456 chiếc, trong khi cùng kỳ năm 2021 chỉ bán được 3 xe."
"Nhip dap Thi truong 02/04: Tranh thu thoat hang, hai san giam tro lai.","Nhịp đập Thị trường 02/04: Tranh thủ thoát hàng, hai sàn giảm trở lại."
"""Sau khi nhan duoc thong tin, UBND huyen va lanh dao Trung tam Van hoa, The thao Truyen thong huyen Bac Ha da cu can bo den dong vien, chia buon voi gia dinh phong vien gap nan"" - ong Dang noi va cho biet gia dinh anh K.L.","""Sau khi nhận được thông tin, UBND huyện và lãnh đạo Trung tâm Văn hóa, Thể thao Truyền thông huyện Bắc Hà đã cử cán bộ đến động viên, chia buồn với gia đình phóng viên gặp nạn"" - ông Đăng nói và cho biết gia đình anh K.L."
THE GIOI 24H: Binh si Ukraine gui toi hau thu toi Tong thong.,THẾ GIỚI 24H: Binh sĩ Ukraine gửi tối hậu thư tới Tổng thống.
Smartphone va tablet hap dan cho mua Giang sinh.,Smartphone và tablet hấp dẫn cho mùa Giáng sinh.
Bong dang cua 'quan su' sau chuc vo dich Giai bong da U15 Dong Nam A.,Bóng dáng của 'quân sư' sau chức vô địch Giải bóng đá U15 Đông Nam Á.
Bi thu Thanh uy Pham Quang Nghi khai mac hoi cho lang nghe Thach That.,Bí thư Thành ủy Phạm Quang Nghị khai mạc hội chợ làng nghề Thạch Thất.
Con duong thanh nien chi la con duong cach mang.,Con đường thanh niên chỉ là con đường cách mạng.
BMW se tung ra 5 Series the he moi vao nam sau.,BMW sẽ tung ra 5 Series thế hệ mới vào năm sau.
Jerry Hall kem chong den 25 tuoi.,Jerry Hall kém chồng đến 25 tuổi.
"Pirlo, Xavi va nhung ngon nen World Cup da tat.","Pirlo, Xavi và những ngọn nến World Cup đã tắt."
Cac ban co san san pham roi nen xac dinh muc tieu va nen tang ro rang hon.,Các bạn có sẵn sản phẩm rồi nên xác định mục tiêu và nền tảng rõ ràng hơn.
Cong ty CP Van hoa tong hop Nghe An ky niem 40 nam thanh lap.,Công ty CP Văn hóa tổng hợp Nghệ An kỷ niệm 40 năm thành lập.
12 chiec op lung nay se giup iPhone cua ban tro nen doc nhat vo nhi.,12 chiếc ốp lưng này sẽ giúp iPhone của bạn trở nên độc nhất vô nhị.
"Hoc tro vung cao Hoang Su Phi gian nan ""bam"" lop.","Học trò vùng cao Hoàng Su Phì gian nan ""bám"" lớp."
Ket hop dong bo viec quan ly phuong tien ca nhan va phat trien co so ha tang giao thong do thi.,Kết hợp đồng bộ việc quản lý phương tiện cá nhân và phát triển cơ sở hạ tầng giao thông đô thị.
Thanh ly hai xe may: Dylan 125 va Spacy Nhat.,Thanh lý hai xe máy: Dylan 125 và Spacy Nhật.
"Gia vang vot len 45,12 trieu dong/luong.","Giá vàng vọt lên 45,12 triệu đồng/lượng."
"Doi voi Sterling, thanh cong den bao nhieu cung chang bao gio du.","Đối với Sterling, thành công đến bao nhiêu cũng chẳng bao giờ đủ."
Theo TS.,Theo TS.
"Keangnam ho bien: Nha tang le thanh cong vien do thi, ho nuoc.","Keangnam hô biến: Nhà tang lễ thành công viên đô thị, hồ nước."
Tasco khoi sac nho bat dong san.,Tasco khởi sắc nhờ bất động sản.
"Chu tich Quoc hoi Nguyen Thi Kim Ngan don, hoi dam voi Chu tich Quoc hoi Mi-an-ma.","Chủ tịch Quốc hội Nguyễn Thị Kim Ngân đón, hội đàm với Chủ tịch Quốc hội Mi-an-ma."
Nghe An: Muc luong cao nhat dat 40 trieu dong/nguoi/thang.,Nghệ An: Mức lương cao nhất đạt 40 triệu đồng/người/tháng.
"Ru nhau tam song Hong, hai hoc sinh chet duoi.","Rủ nhau tắm sông Hồng, hai học sinh chết đuối."
Barca gap rut gia han voi Busquets: Vi ta thuoc ve nhau.,Barca gấp rút gia hạn với Busquets: Vì ta thuộc về nhau.
Nhung tinh chat chua trong mat ong co the giup xoa diu nhung ho keo dai.,Những tinh chất chứa trong mật ong có thể giúp xoa dịu những ho kéo dài.
"Vuong gian lan tieu cuc, Bac Giang do tot nghiep 99,04%.","Vướng gian lận tiêu cực, Bắc Giang đỗ tốt nghiệp 99,04%."
Nguyen nhan vu viec dang duoc co quan chuc nang dieu tra lam ro.,Nguyên nhân vụ việc đang được cơ quan chức năng điều tra làm rõ.
Ngu dan bat duoc ca ngoai hanh tinh.,Ngư dân bắt được cá ngoài hành tinh.
Ukraine se thay Nga hien dai hoa vu khi cho Viet Nam.,Ukraine sẽ thay Nga hiện đại hóa vũ khí cho Việt Nam.
Tinh toan phuong an giam thue TNDN xuong 20%.,Tính toán phương án giảm thuế TNDN xuống 20%.
Siu Black me dong phim.,Siu Black mê đóng phim.
Truong hop di ung toi nghiem trong cung co the anh huong den suc khoe.,Trường hợp dị ứng tỏi nghiêm trọng cũng có thể ảnh hưởng đến sức khỏe.
Can Tho binh chon an pham bao chi Xuan 2014.,Cần Thơ bình chọn ấn phẩm báo chí Xuân 2014.
Tam giam bac si chuyen chup anh nong cua benh nhan.,Tạm giam bác sĩ chuyên chụp ảnh nóng của bệnh nhân.
"Ket cuc buon vi ""bia mieng"".","Kết cục buồn vì ""bia miệng""."
"""Me Satan"" - chat no ua thich cua IS.","""Mẹ Satan"" - chất nổ ưa thích của IS."
Quang Tri (Huong Hoa): Phat hien hai hai cot liet si cung di vat.,Quảng Trị (Hướng Hóa): Phát hiện hai hài cốt liệt sĩ cùng di vật.
"Theo Thanh Nien, Quang Hai se ky hop dong co thoi han 2 nam voi Pau FC.","Theo Thanh Niên, Quang Hải sẽ ký hợp đồng có thời hạn 2 năm với Pau FC."
"Chi nghe thoi, dung co nhin!.","Chỉ nghe thôi, đừng có nhìn!."
Hanh lang su song ....,Hành lang sự sống ....
Doi pho voi gau trang.,Đối phó với gấu trắng.
Gioi tre Ha thanh quay tung bung tai Duong chay sac mau.,Giới trẻ Hà thành quẩy tưng bừng tại Đường chạy sắc màu.
"Thay vi gioi han cac thu thuat tai tao de phuc hoi dien mao cho nhung benh nhan bi bien dang khuon mat hay khiem khuyet bam sinh, nhieu nguoi Trung Quoc da don nhan nhung loi ich cua viec phau thuat tham my.","Thay vì giới hạn các thủ thuật tái tạo để phục hồi diện mạo cho những bệnh nhân bị biến dạng khuôn mặt hay khiếm khuyết bẩm sinh, nhiều người Trung Quốc đã đón nhận những lợi ích của việc phẫu thuật thẩm mỹ."
Sang nay to chuc trong the le an tang hai cot dong chi Ly Tu Trong.,Sáng nay tổ chức trọng thể lễ an táng hài cốt đồng chí Lý Tự Trọng.
Lam trang min da vung nach.,Làm trắng mịn da vùng nách.
"Quan doi Iraq do sung ac liet voi IS, it nhat 15 binh si thiet mang.","Quân đội Iraq đọ súng ác liệt với IS, ít nhất 15 binh sĩ thiệt mạng."
"Khong chi quan tam toi viec tap luyen cua cac cau thu, huan luyen vien Erik ten Hag con muon kiem soat triet de che do dinh duong cua cac cau thu Man United o mua giai moi.","Không chỉ quan tâm tới việc tập luyện của các cầu thủ, huấn luyện viên Erik ten Hag còn muốn kiểm soát triệt để chế độ dinh dưỡng của các cầu thủ Man United ở mùa giải mới."
BT6: Quy 1 lai 2.7 ty dong nho thanh ly cac khoan dau tu.,BT6: Quý 1 lãi 2.7 tỷ đồng nhờ thanh lý các khoản đầu tư.
Ong cung dua ra canh bao doi voi Kiev va dong minh phuong Tay.,Ông cũng đưa ra cảnh báo đối với Kiev và đồng minh phương Tây.
"FLC uoc dat loi nhuan 409,5 ti dong quy 2/2015.","FLC ước đạt lợi nhuận 409,5 tỉ đồng quý 2/2015."
May bay tang hinh TQ con lau moi co the tham chien?.,Máy bay tàng hình TQ còn lâu mới có thể tham chiến?.
Vu khong nha chong?.,Vu khống nhà chồng?.
"Dua khuyen mai, cam ket soc de du khach mua nha.","Đua khuyến mại, cam kết sốc để dụ khách mua nhà."
Hyundai Kona moi ra mat co ban dac biet 'Iron Man'.,Hyundai Kona mới ra mắt có bản đặc biệt 'Iron Man'.
"Co khi thay tui tui nilon noi tren mat nuoc, ho vot de dung nuoc mua chia nho uong qua ngay.","Có khi thấy túi túi nilon nổi trên mặt nước, họ vớt để đựng nước mưa chia nhỏ uống qua ngày."
"Samsung ban mang san xuat o cung gia 1,37 ty USD.","Samsung bán mảng sản xuất ổ cứng giá 1,37 tỷ USD."
Tang luong tu thang 7/2013.,Tăng lương từ tháng 7/2013.
Phim Cuoi tuan phien ban moi.,Phim Cuối tuần phiên bản mới.
"Cac khuyet tat ong than kinh co the xay ra trong khoang thoi gian nay neu khong phat trien dung cach, gay khuyet tat nao khien tre cham phat trien hoac phat trien khong binh thuong.","Các khuyết tật ống thần kinh có thể xảy ra trong khoảng thời gian này nếu không phát triển đúng cách, gây khuyết tật não khiến trẻ chậm phát triển hoặc phát triển không bình thường."
4 diem tham quan hang dau Viet Nam trong long Ha Noi.,4 điểm tham quan hàng đầu Việt Nam trong lòng Hà Nội.
"""Cat con"" buon ngu khi lai xe.","""Cắt cơn"" buồn ngủ khi lái xe."
"Chau Au to chuc ""Ngay viec lam"".","Châu Âu tổ chức ""Ngày việc làm""."
DTVN: Can co them tien dao.,ĐTVN: Cần có thêm tiền đạo.
Nhan sac co gai ten la cover 'Khong phai dang vua dau'.,Nhan sắc cô gái tên lạ cover 'Không phải dạng vừa đâu'.
Mac OS X Lion: Chu su tu manh me cua Apple.,Mac OS X Lion: Chú sư tử mạnh mẽ của Apple.
Ro ri gia ban than gio Pagani Huayra manh nhat.,Rò rỉ giá bán thần gió Pagani Huayra mạnh nhất.
Giai thoat 7 nu nhan vien massage khoi khach san.,Giải thoát 7 nữ nhân viên massage khỏi khách sạn.
Du bao thoi tiet ngay mai 21/7/2015: Bac Bo tiep tuc co mua rao va dong.,Dự báo thời tiết ngày mai 21/7/2015: Bắc Bộ tiếp tục có mưa rào và dông.
Thuong hieu quan ao Kik: Gay va hay va lay?.,Thương hiệu quần áo Kik: Gây vạ hay vạ lây?.
"Trung Quoc ""nhan ban"" gian khoan phuc vu tham vong ba quyen.","Trung Quốc ""nhân bản"" giàn khoan phục vụ tham vọng bá quyền."
"Nhung nam gan day, nu ca si tro lai voi am nhac, phat hanh loat ca khuc Tat ca se thay em (Hamlet Truong), Cay xuong rong manh me (Nguyen Van Chung)... Hoi dau nam nay, MXH ro tin Pham Quynh Anh duoc ban trai la doanh nhan goc Ha thanh cau hon.","Những năm gần đây, nữ ca sĩ trở lại với âm nhạc, phát hành loạt ca khúc Tất cả sẽ thay em (Hamlet Trương), Cây xương rồng mạnh mẽ (Nguyễn Văn Chung)... Hồi đầu năm nay, MXH rộ tin Phạm Quỳnh Anh được bạn trai là doanh nhân gốc Hà thành cầu hôn."
Phoi hop dam bao an ninh khu vuc bien gioi Viet Lao.,Phối hợp đảm bảo an ninh khu vực biên giới Việt Lào.
LDLD Quang Binh ky ket chuong trinh phoi hop voi so LDTBXH tinh.,LĐLĐ Quảng Bình ký kết chương trình phối hợp với sở LĐTBXH tỉnh.
"Tuy nhien, sau cuoc hop thong nhat voi cac truong tieu hoc tren dia ban phuong, Truong Tieu hoc Hoang Liet da khong kip thoi thong bao, to chuc hop ban trao doi, thong bao lai voi phu huynh ve van de phan tuyen ma truc tiep tham muu, de xuat len UBND quan Hoang Mai.","Tuy nhiên, sau cuộc họp thống nhất với các trường tiểu học trên địa bàn phường, Trường Tiểu học Hoàng Liệt đã không kịp thời thông báo, tổ chức họp bàn trao đổi, thông báo lại với phụ huynh về vấn đề phân tuyến mà trực tiếp tham mưu, đề xuất lên UBND quận Hoàng Mai."
"Giai thich ro hon, CEO Kien Guru lay vi du, binh thuong neu xem YouTube, cac video se chay toan bo tu phut 0 den phut thu 10 khong dung, Tuy nhien, bang cong nghe Adaptive learning-hoc tap thich ung, hoc sinh se xem tu phut 0-3, sau do video tu dong dung lai de dat cau hoi tuong tac.","Giải thích rõ hơn, CEO Kiến Guru lấy ví dụ, bình thường nếu xem YouTube, các video sẽ chạy toàn bộ từ phút 0 đến phút thứ 10 không dừng, Tuy nhiên, bằng công nghệ Adaptive learning-học tập thích ứng, học sinh sẽ xem từ phút 0-3, sau đó video tự động dừng lại để đặt câu hỏi tương tác."
Mitsubishi Triton the he moi ve Viet Nam can canh tu A- Z.,Mitsubishi Triton thế hệ mới về Việt Nam cận cảnh từ A- Z.
Sao giam can 'chong mat' nho khieu vu.,Sao giảm cân 'chóng mặt' nhờ khiêu vũ.
"Ket thuc giai dau, Tuan Tai dan dau danh sach Vua kien tao voi 2 duong chuyen thanh ban.","Kết thúc giải đấu, Tuấn Tài dẫn đầu danh sách Vua kiến tạo với 2 đường chuyền thành bàn."
"Phat hien SUV 7 cho cao cap co gia chi 1,5 ty dong.","Phát hiện SUV 7 chỗ cao cấp có giá chỉ 1,5 tỷ đồng."
Lu song Hong cao nhat trong 22 nam.,Lũ sông Hồng cao nhất trong 22 năm.
Nhan vien danh xe tai cuom sach quan ao shop thoi trang.,Nhân viên đánh xe tải cuỗm sạch quần áo shop thời trang.
Chung tay giup dong bao ngheo don Tet.,Chung tay giúp đồng bào nghèo đón Tết.
"Duy Manh hen ngay tai xuat, mong duoc da cap voi Cong Phuong, Tuan Anh.","Duy Mạnh hẹn ngày tái xuất, mong được đá cặp với Công Phượng, Tuấn Anh."
Vietinbank duoc gia han khai truong hoat dong chi nhanh Van Don.,Vietinbank được gia hạn khai trương hoạt động chi nhánh Vân Đồn.
Lady Gaga ba hoang toc gia.,Lady Gaga bà hoàng tóc giả.
Neu thoi tiet qua nong ma uong do lanh co the anh huong den suc khoe.,Nếu thời tiết quá nóng mà uống đồ lạnh có thể ảnh hưởng đến sức khỏe.
Tuan Van hoc Nhat Ban 2014 tai Ha Noi.,Tuần Văn học Nhật Bản 2014 tại Hà Nội.
Nam moi lang nghe hung ca khuc Xuan con mai voi thoi gian.,Năm mới lắng nghe hững ca khúc Xuân còn mãi với thời gian.
Cong nhan ket qua khao nghiem ngo bien doi gene.,Công nhận kết quả khảo nghiệm ngô biến đổi gene.
Giac mo co that cua sinh vien ngheo.,Giấc mơ có thật của sinh viên nghèo.
"Ho cung co 7,7 ty USD trai phieu dang luu hanh.","Họ cũng có 7,7 tỷ USD trái phiếu đang lưu hành."
"Trong nganh cong nghiep chien luoc tai chinh - ngan hang, NTQ Solution da ho tro cho nhieu to chuc tai chinh toan cau nhu AIA HongKong, Mixcare, FwD, Manulife, MBAL…, giam chi phi, toi uu van hanh, cai thien trai nghiem khach hang va phat trien nhung mo hinh kinh doanh moi.","Trong ngành công nghiệp chiến lược tài chính - ngân hàng, NTQ Solution đã hỗ trợ cho nhiều tổ chức tài chính toàn cầu như AIA HongKong, Mixcare, FwD, Manulife, MBAL…, giảm chi phí, tối ưu vận hành, cải thiện trải nghiệm khách hàng và phát triển những mô hình kinh doanh mới."
so 751 Ngo Quyen; 6.,số 751 Ngô Quyền; 6.
Case bao ve tiet lo nhung tinh nang thu vi tren Galaxy Note 8.,Case bảo vệ tiết lộ những tính năng thú vị trên Galaxy Note 8.
"Sau khi den tien cho Nga, Phap se de dang ban chien ham Mistral.","Sau khi đền tiền cho Nga, Pháp sẽ dễ dàng bán chiến hạm Mistral."
7 phim kinh di ve ngay sinh nhat dang nho va dang so.,7 phim kinh dị về ngày sinh nhật đáng nhớ và đáng sợ.
Bao Tien phong 9.,Báo Tiền phong 9.
LG HB954TB: He thong am thanh tai gia ly tuong.,LG HB954TB: Hệ thống âm thanh tại gia lý tưởng.
Nhieu hoat dong dac sac ky niem 70 nam Cach mang Thang Tam va Quoc khanh.,Nhiều hoạt động đặc sắc kỷ niệm 70 năm Cách mạng Tháng Tám và Quốc khánh.
Canh sat tin rang Yamagami da su dung vu khi manh nhat ma anh ta che tao de am sat ong Abe.,Cảnh sát tin rằng Yamagami đã sử dụng vũ khí mạnh nhất mà anh ta chế tạo để ám sát ông Abe.
"Bay gio anh do mot binh trieu may, trieu mot trieu hai"", anh Trung noi.","Bây giờ anh đổ một bình triệu mấy, triệu mốt triệu hai"", anh Trung nói."
"XE HOT NGAY 29/9: 4 xe ga gia re dang mua nhat Viet Nam, sedan chevrolet gia hon 200 trieu.","XE HOT NGÀY 29/9: 4 xe ga giá rẻ đáng mua nhất Việt Nam, sedan chevrolet giá hơn 200 triệu."
Binh An,Bình An
"Vu chong cat gan tay, gan chan vo: Bi cao xin hoan toa.","Vụ chồng cắt gân tay, gân chân vợ: Bị cáo xin hoãn tòa."
Khoi ngoai rot rong 51 trieu USD vao TTCK Viet Nam tu dau nam.,Khối ngoại rót ròng 51 triệu USD vào TTCK Việt Nam từ đầu năm.
"Dich vu trang tri Noel ""hut"" khach.","Dịch vụ trang trí Noel ""hút"" khách."
"Vo ""de danh"" trinh tiet cho nguoi tinh dai gia.","Vợ ""để dành"" trinh tiết cho người tình đại gia."
Ibra bi David Luiz ha knock-out trren san tap.,Ibra bị David Luiz hạ knock-out trrên sân tập.
Lat tay nhung chieu tung hoa mu ban chung cu tren mang.,Lật tẩy những chiêu tung hỏa mù bán chung cư trên mạng.
XMXT Sai Gon va bao Tien Phong noi gi ve nghi van ban do?.,XMXT Sài Gòn và báo Tiền Phong nói gì về nghi vấn bán độ?.
Anh co vo con can cham soc va mot khoan the chap o thoi diem moi lam noi dung tren YouTube.,Anh có vợ con cần chăm sóc và một khoản thế chấp ở thời điểm mới làm nội dung trên YouTube.
Tap the duc nhieu giup ngua tieu duong.,Tập thể dục nhiều giúp ngừa tiểu đường.
Not tram nong ro Yen Ne.,Nốt trầm nong rổ Yến Nê.
Bo Y te yeu cau giam sat phong kham tu.,Bộ Y tế yêu cầu giám sát phòng khám tư.
"iPhone 6 cua nguoi Viet, Nokia XL, Zenfone 5 hot nhat tuan.","iPhone 6 của người Việt, Nokia XL, Zenfone 5 hot nhất tuần."
"Kon Tum: Bat 3 doi tuong trom cap o cac co quan, truong hoc.","Kon Tum: Bắt 3 đối tượng trộm cắp ở các cơ quan, trường học."
"Sau khi trien khai ban beta vao thang 4, cong ty da phat hanh ban cap nhat bo sung cai dat ""Ngoai tru danh ba cua toi"", cho phep kiem soat chi tiet hon nhung ai co the biet duoc lan cuoi ban truy cap ung dung.","Sau khi triển khai bản beta vào tháng 4, công ty đã phát hành bản cập nhật bổ sung cài đặt ""Ngoại trừ danh bạ của tôi"", cho phép kiểm soát chi tiết hơn những ai có thể biết được lần cuối bạn truy cập ứng dụng."
PEGA co nha may lap rap rong 15.000m2 tai Bac Giang voi cong suat thiet ke dat 40.000 xe/thang.,PEGA có nhà máy lắp ráp rộng 15.000m2 tại Bắc Giang với công suất thiết kế đạt 40.000 xe/tháng.
"Theo dai dien Hoi Nong dan xa, so ga nay deu den thoi diem xuat chuong voi trong luong trung binh 3kg/con, gia ban 70.000-80.000 dong.","Theo đại diện Hội Nông dân xã, số gà này đều đến thời điểm xuất chuồng với trọng lượng trung bình 3kg/con, giá bán 70.000-80.000 đồng."
Hon 30 trieu dong ban doc ung ho be gai bi ong dot.,Hơn 30 triệu đồng bạn đọc ủng hộ bé gái bị ong đốt.
"Anh: Thanh Quang Khi den doan chui qua gam cau vuot Linh Xuan (TP Thu Duc, TPHCM), thung container bi mac ket, khong the tiep tuc di chuyen.","Ảnh: Thanh Quang Khi đến đoạn chui qua gầm cầu vượt Linh Xuân (TP Thủ Đức, TPHCM), thùng container bị mắc kẹt, không thể tiếp tục di chuyển."
Hang Viet da xac lap duoc vi tri voi nguoi tieu dung.,Hàng Việt đã xác lập được vị trí với người tiêu dùng.
Pakixtan co ngoai truong nu dau tien va tre nhat.,Pakixtan có ngoại trưởng nữ đầu tiên và trẻ nhất.
"DIEM TIN: M.U don hung tin tu Di Maria, Ronaldo lay long Benitez.","ĐIỂM TIN: M.U đón hung tin từ Di Maria, Ronaldo lấy lòng Benitez."
Hinh anh IS chat dau nghi pham gian diep tren pho gay kinh hai.,Hình ảnh IS chặt đầu nghi phạm gián điệp trên phố gây kinh hãi.
10 thoi quen buoi toi gay hai cho da.,10 thói quen buổi tối gây hại cho da.
"Noi la ""dap ung phan nao"" boi Sporting Lisbon rat nho be so voi Atletico Madrid, Bayern Munich, PSG va Chelsea, cac doi bong tung duoc lien he voi CR7, ve danh tieng lan co hoi canh tranh danh hieu.","Nói là ""đáp ứng phần nào"" bởi Sporting Lisbon rất nhỏ bé so với Atletico Madrid, Bayern Munich, PSG và Chelsea, các đội bóng từng được liên hệ với CR7, về danh tiếng lẫn cơ hội cạnh tranh danh hiệu."
Nga da sap nhap Crimea tu Ukraine vao nam 2014.,Nga đã sáp nhập Crimea từ Ukraine vào năm 2014.
Nhung quan ca phe dac biet o Sai Gon.,Những quán cà phê đặc biệt ở Sài Gòn.
Nang co va cang da bang chi.,Nâng cơ và căng da bằng chỉ.
"Ha Noi: Chay nha o pho co, 2 nguoi bi thuong.","Hà Nội: Cháy nhà ở phố cổ, 2 người bị thương."
"Tra Vinh, van dong ung ho Quy Vi Truong Sa than yeu.","Trà Vinh, vận động ủng hộ Quỹ Vì Trường Sa thân yêu."
Lam ro viec thuyen vien nhay tau.,Làm rõ việc thuyền viên nhảy tàu.
"De ""nhap mon"" don nha, tac gia Luc Vy thuyet phuc nguoi doc tu ""coi troi"" tu tuong trong viec tich tru do dac da cu, khong con cong dung, ""dam"" vut bo nhung mon do thua thai lam ngoi nha chat choi de giu gin khoang khong gian trong can thiet cho sinh hoat.","Để ""nhập môn"" dọn nhà, tác giả Lục Vy thuyết phục người đọc tự ""cởi trói"" tư tưởng trong việc tích trữ đồ đạc đã cũ, không còn công dụng, ""dám"" vứt bỏ những món đồ thừa thãi làm ngôi nhà chật chội để giữ gìn khoảng không gian trống cần thiết cho sinh hoạt."
Day moi la 'chuyen bien tinh hinh'.,Đây mới là 'chuyển biến tình hình'.
"Ba 9X ngong nghenh dao pho bang ""xe nhay"".","Ba 9X ngông nghênh dạo phố bằng ""xe nhảy""."
Hot girl lam dang ben Cowon 2 cam ung.,Hot girl làm dáng bên Cowon 2 cảm ứng.
Nhan dinh Zlin vs Copenhagen 02h05 ngay 20/10 (Europa League 2017/18).,Nhận định Zlin vs Copenhagen 02h05 ngày 20/10 (Europa League 2017/18).
Tom cao buoc Katie loi dung truyen thong.,Tom cáo buộc Katie lợi dụng truyền thông.
"""Ca chua cung da tang gia gap doi"", chi cho biet them.","""Cà chua cũng đã tăng giá gấp đôi"", chị cho biết thêm."
"Ong Le Manh Ha - Pho Chu tich UBND TP tham cac don vi, ca nhan tren dia ban quan 5, 9 va Thu Duc.","Ông Lê Mạnh Hà - Phó Chủ tịch UBND TP thăm các đơn vị, cá nhân trên địa bàn quận 5, 9 và Thủ Đức."
6 dieu khien con dau de cua me tram trong hon.,6 điều khiến cơn đau đẻ của mẹ trầm trọng hơn.
"Nguoi ham mo deu hy vong cap doi ""Gio - May"" co cai ket dep.","Người hâm mộ đều hy vọng cặp đôi ""Gió - Mây"" có cái kết đẹp."
"Hanh vi cua 2 nguoi tren da lam mat quyen quan ly cua Nha nuoc ve dat dai, gay thiet hai cho Nha nuoc 27,3 trieu dong.","Hành vi của 2 người trên đã làm mất quyền quản lý của Nhà nước về đất đai, gây thiệt hại cho Nhà nước 27,3 triệu đồng."
"Abhigya Anand cho rang trong nua cuoi nam 2022, nhieu quoc gia tren the gioi se tro nen bat luc trong viec kiem soat dich benh.","Abhigya Anand cho rằng trong nửa cuối năm 2022, nhiều quốc gia trên thế giới sẽ trở nên bất lực trong việc kiểm soát dịch bệnh."
Doi thoai A-Au o An Do: Vien anh hop tac Nga - Trung - An.,Đối thoại Á-Âu ở Ấn Độ: Viễn ảnh hợp tác Nga - Trung - Ấn.
Di Maria huong luong 130.000 bang/tuan tai Man United.,Di Maria hưởng lương 130.000 bảng/tuần tại Man United.
Khai mac Giai bong da nam Doan TNCS HCM Bo GD&DT lan thu 2.,Khai mạc Giải bóng đá nam Đoàn TNCS HCM Bộ GD&ĐT lần thứ 2.
Dieu tri va du phong oi vo non.,Điều trị và dự phòng ối vỡ non.
Co me nao dang uong thuoc dong y cua ong lang Den o Chem khong nhi?.,Có mẹ nào đang uống thuốc đông y của ông lang Đen ở Chèm không nhỉ?.
Nha vo dich bi tat.,Nhà vô địch bị tát.
Xet xu duong day mua ban hon 5.000 banh ma tuy.,Xét xử đường dây mua bán hơn 5.000 bánh ma túy.
"Hoi thang 3, sau khi xung dot giua Nga va Ukraine bung no, Hiep hoi Thi truong vang thoi London (LBMA) da loai bo cac nha may tinh che vang cua Nga ra khoi danh sach giao hang.","Hồi tháng 3, sau khi xung đột giữa Nga và Ukraine bùng nổ, Hiệp hội Thị trường vàng thỏi London (LBMA) đã loại bỏ các nhà máy tinh chế vàng của Nga ra khỏi danh sách giao hàng."
Trung ve Dong Trieu: 'Tam gac tinh que huong de cong hien cho HAGL'.,Trung vệ Đông Triều: 'Tạm gác tình quê hương để cống hiến cho HAGL'.
Hai co gai muu tri thoat 'dong quy' nho tieng me de.,Hai cô gái mưu trí thoát 'động quỷ' nhờ tiếng mẹ đẻ.
"Khi do, cac chat phai dao thai o lau trong ruot gia, gay kich thich nhieu vao niem mac ruot va de gay ton thuong, tao thanh o loet.","Khi đó, các chất phải đào thải ở lâu trong ruột già, gây kích thích nhiều vào niêm mạc ruột và dễ gây tổn thương, tạo thành ổ loét."
Ngoi nha la su tiep noi cua nhung canh dong lua de co khong gian xanh.,Ngôi nhà là sự tiếp nối của những cánh đồng lúa để có không gian xanh.
Gap go nhung nguoi co kha nang phi thuong nhat the gioi.,Gặp gỡ những người có khả năng phi thường nhất thế giới.
Can trong hang khuyen mai dang... bip.,Cẩn trọng hàng khuyến mãi dạng... bịp.
Bat giam doc Cong ty Tay Nam vi truc loi gan 60 ti dong.,Bắt giám đốc Công ty Tây Nam vì trục lợi gần 60 tỉ đồng.
Thay da tu nhien voi Ipeel.,Thay da tự nhiên với Ipeel.
Vu nha bao bi dot: Kien nghi dieu tra lai.,Vụ nhà báo bị đốt: Kiến nghị điều tra lại.
Vach tran chieu thuc xe buyt nhai long hanh tai Dong Nai.,Vạch trần chiêu thức xe buýt nhái lộng hành tại Đồng Nai.
7 pham nhan tron trai linh them gan 40 nam tu.,7 phạm nhân trốn trại lĩnh thêm gần 40 năm tù.
Dong sang lap Facebook Saverin bac tin cuoi hoa hau Singapore.,Đồng sáng lập Facebook Saverin bác tin cưới hoa hậu Singapore.
"Gio day, voi iOS 16, kha nang dich thuat den voi ung dung May anh co san, cho phep nguoi dung thuc hien dich thuat bang cach su dung tinh nang Live Text da duoc tich hop san tren iOS 15.","Giờ đây, với iOS 16, khả năng dịch thuật đến với ứng dụng Máy ảnh có sẵn, cho phép người dùng thực hiện dịch thuật bằng cách sử dụng tính năng Live Text đã được tích hợp sẵn trên iOS 15."
Santos trinh lang than dong dat gia hon ca Neymar.,Santos trình làng thần đồng đắt giá hơn cả Neymar.
"Dang chu y, theo quy hoach, phan khu chuc nang, hinh thanh truc cay xanh, khu vui choi giai tri, cong vien van hoa tam linh, cong vien van hoa nghe thuat chuyen de, bao gom viec xay dung mot nha hat quy mo lon, hien dai, tieu bieu cho Thu do Ha Noi; ket hop voi khu vuc phat trien thuong mai, dich vu, khach san phuc vu du lich nghi duong dam bao cac tieu chuan theo quy dinh hien hanh.","Đáng chú ý, theo quy hoạch, phân khu chức năng, hình thành trục cây xanh, khu vui chơi giải trí, công viên văn hóa tâm linh, công viên văn hóa nghệ thuật chuyên đề, bao gồm việc xây dựng một nhà hát quy mô lớn, hiện đại, tiêu biểu cho Thủ đô Hà Nội; kết hợp với khu vực phát triển thương mại, dịch vụ, khách sạn phục vụ du lịch nghỉ dưỡng đảm bảo các tiêu chuẩn theo quy định hiện hành."
Nga doa kien Ukraine neu khong tra khoan no 3 ty USD.,Nga dọa kiện Ukraine nếu không trả khoản nợ 3 tỷ USD.
'Hoa phep' cho vong mot tron tria hon.,'Hóa phép' cho vòng một tròn trịa hơn.
Hit cua Phuong My Chi tiep tuc dan dau BXH Zing.,Hit của Phương Mỹ Chi tiếp tục dẫn đầu BXH Zing.
Nhung chien ma ha son.,Những chiến mã hạ sơn.
Dong Nai: Dao tac khong tha nha chua.,Đồng Nai: Đạo tặc không tha nhà chùa.
CHINH THUC: Liverpool nhan phan quyet vu Riyad Mahrez.,CHÍNH THỨC: Liverpool nhận phán quyết vụ Riyad Mahrez.
Thuong hieu thep Viet Duc voi 2 san pham cua hang gom dong thep cuon CB240 o muc 16.360 dong/kg; con thep thanh van D10 CB300 co gia 16.770 dong/kg.,Thương hiệu thép Việt Đức với 2 sản phẩm của hãng gồm dòng thép cuộn CB240 ở mức 16.360 đồng/kg; còn thép thanh vằn D10 CB300 có giá 16.770 đồng/kg.
Cong nghiep CNTT trong xu the dau tu moi.,Công nghiệp CNTT trong xu thế đầu tư mới.
"17h30 ngay 11/9, Juventus-Parma: Qua mung ngay khai truong.","17h30 ngày 11/9, Juventus-Parma: Quà mừng ngày khai trương."
TPHCM: Pha duong day danh de va ca do bong da lon.,TPHCM: Phá đường dây đánh đề và cá độ bóng đá lớn.
Nhung goc anh chua tung thay ve linh Phap tai Dien Bien Phu.,Những góc ảnh chưa từng thấy về lính Pháp tại Điện Biên Phủ.
Viet Nam co mu bao hiem 'chong dan'.,Việt Nam có mũ bảo hiểm 'chống đạn'.
"Bo Tai chinh chu dong phoi hop voi Bo Ke hoach va Dau tu, Ngan hang Nha nuoc Viet Nam tiep tuc day manh cong tac tong hop, phan tich, du bao, xay dung truoc cac kich ban cu the, chi tiet, sat voi tinh hinh thuc te giup cho cong tac quan ly, dieu hanh cua Chinh phu va cac Bo, nganh.","Bộ Tài chính chủ động phối hợp với Bộ Kế hoạch và Đầu tư, Ngân hàng Nhà nước Việt Nam tiếp tục đẩy mạnh công tác tổng hợp, phân tích, dự báo, xây dựng trước các kịch bản cụ thể, chi tiết, sát với tình hình thực tế giúp cho công tác quản lý, điều hành của Chính phủ và các Bộ, ngành."
Vo kempo va giai thoai nha vo dich taekwondo... da lon san.,Võ kempo và giai thoại nhà vô địch taekwondo... đá lộn sân.
Chinh phu Nhat Ban se tang gap ba lan so cua hang mien thue.,Chính phủ Nhật Bản sẽ tăng gấp ba lần số cửa hàng miễn thuế.
HLV Van Gaal muon mua bo ba nguoi Duc ngay tai World Cup 2014.,HLV Van Gaal muốn mua bộ ba người Đức ngay tại World Cup 2014.
"Trong khi, cac nha san xuat cong nghiep lon co the phai doi mat voi tinh trang phan chia va gian doan, khien hang nghin viec lam gap rui ro.","Trong khi, các nhà sản xuất công nghiệp lớn có thể phải đối mặt với tình trạng phân chia và gián đoạn, khiến hàng nghìn việc làm gặp rủi ro."
Kiem soat an toan thuc pham tu thay doi tu duy lam nong nghiep.,Kiểm soát an toàn thực phẩm từ thay đổi tư duy làm nông nghiệp.
Nhung con so dang ne cua Game of Thrones.,Những con số đáng nể của Game of Thrones.
Lo dien ngan hang muon rot ngan ty vao Tay Nguyen.,Lộ diện ngân hàng muốn rót ngàn tỷ vào Tây Nguyên.
Bosnia len danh sach du W.C: Niem hi vong Dzeko!.,Bosnia lên danh sách dự W.C: Niềm hi vọng Dzeko!.
"Chu tich Joan Laporta cho biet rang ong cam thay co loi va ""mac no"" Lionel Messi sau khi chung kien sieu sao nguoi Argentina roi san Nou Camp vao mua he nam ngoai.","Chủ tịch Joan Laporta cho biết rằng ông cảm thấy có lỗi và ""mắc nợ"" Lionel Messi sau khi chứng kiến siêu sao người Argentina rời sân Nou Camp vào mùa hè năm ngoái."
Truy to 4 doi tuong trom cho.,Truy tố 4 đối tượng trộm chó.
Ky 19: Pham Xuan An va cuoc hoi ngo voi cum truong Tu Cang giua Sai Gon.,Kỳ 19: Phạm Xuân Ẩn và cuộc hội ngộ với cụm trưởng Tư Cang giữa Sài Gòn.
Khang nghi muc an qua nhe trong vu an Thuy dien Dakdrinh Quang Ngai.,Kháng nghị mức án quá nhẹ trong vụ án Thủy điện Đắkđrinh Quảng Ngãi.
Thi truong chung khoan My ngay 26/4 di ngang cho tin tu Fed.,Thị trường chứng khoán Mỹ ngày 26/4 đi ngang chờ tin từ Fed.
"Thuong luong tot, nguoi lao dong duoc nho.","Thương lượng tốt, người lao động được nhờ."
BLF: Lai rong 6 thang dat 83% ke hoach nam.,BLF: Lãi ròng 6 tháng đạt 83% kế hoạch năm.
Djokovic va co hoi lich su tai Masters Cincinnati 2014.,Djokovic và cơ hội lịch sử tại Masters Cincinnati 2014.
Thi diem 6 thang oto dien chay trong pho co.,Thí điểm 6 tháng ôtô điện chạy trong phố cổ.
Chung toi da ben nhau 10 nam.,Chúng tôi đã bên nhau 10 năm.
"La Liga, Serie A tro lai tren SCTV.","La Liga, Serie A trở lại trên SCTV."
Duyen dang ao dai: Co ban Kieu Oanh hoa thieu nu xua.,Duyên dáng áo dài: Cô bạn Kiều Oanh hóa thiếu nữ xưa.
Tin don 'Thanh Loc bao xe khach Thanh Buoi bi cuop' la that thiet.,Tin đồn 'Thành Lộc báo xe khách Thành Bưởi bị cướp' là thất thiệt.
Nguon: https://arttimes.vn/giai-tri/nu-than-bi-a-la-dj-kiem-youtuber-mac-ao-co-rong-menh-mong-34gay-ngh...Nguon: https://arttimes.vn/giai-tri/nu-than-bi-a-la-dj-kiem-youtuber-mac-ao-co-rong-menh-mong-34gay-nghen-mang34-c47a6751.html,Nguồn: https://arttimes.vn/giai-tri/nu-than-bi-a-la-dj-kiem-youtuber-mac-ao-co-rong-menh-mong-34gay-ngh...Nguồn: https://arttimes.vn/giai-tri/nu-than-bi-a-la-dj-kiem-youtuber-mac-ao-co-rong-menh-mong-34gay-nghen-mang34-c47a6751.html
"Anh: AFP/TTXVN Cac nha phan tich cua ngan hang Goldman Sachs (My) gan day cho rang thi truong dau giao ngay dang trong tinh trang bi that chat, voi gia dau Brent giao ngay chenh lech o muc ky luc voi gia dau ky han.","Ảnh: AFP/TTXVN Các nhà phân tích của ngân hàng Goldman Sachs (Mỹ) gần đây cho rằng thị trường dầu giao ngay đang trong tình trạng bị thắt chặt, với giá dầu Brent giao ngay chênh lệch ở mức kỷ lục với giá dầu kỳ hạn."
Thi sinh uong nham axit noi gi sau tai nan?.,Thí sinh uống nhầm axit nói gì sau tai nạn?.
"Ngay 19.12.1984, Tuyen bo chung Anh - Trung Quoc duoc ky ket tai Bac Kinh.","Ngày 19.12.1984, Tuyên bố chung Anh - Trung Quốc được ký kết tại Bắc Kinh."
"Cac bac si canh bao, cac gia dinh co tre nho luon can than voi cac do vat sac nhon, de xa tam voi cua cac chau.","Các bác sĩ cảnh báo, các gia đình có trẻ nhỏ luôn cẩn thận với các đồ vật sắc nhọn, để xa tầm với của các cháu."
Khai mac WEF chu de Lanh dao chu dong va co trach nhiem.,Khai mạc WEF chủ đề Lãnh đạo chủ động và có trách nhiệm.
"Chuyen nhuong Liverpool, Chelsea, Real: Tin moi nhat ve Lewandowski, Teixeira, Silva....","Chuyển nhượng Liverpool, Chelsea, Real: Tin mới nhất về Lewandowski, Teixeira, Silva...."
Al Qaeda de doa tan cong cac nha ngoai giao My.,Al Qaeda đe dọa tấn công các nhà ngoại giao Mỹ.
"Clip co gai tre nhuc ma, nem tien vao mat nhan vien ban hang gay phan no.","Clip cô gái trẻ nhục mạ, ném tiền vào mặt nhân viên bán hàng gây phẫn nộ."
"Dai hoc Cong nghiep Ha Noi cong bo diem xet tuyen Dai hoc, Cao dang 2016.","Đại học Công nghiệp Hà Nội công bố điểm xét tuyển Đại học, Cao đẳng 2016."
Tam giam 4 thang nguoi dan ba dung xang dot chong.,Tạm giam 4 tháng người đàn bà dùng xăng đốt chồng.
"Tuy nhien, trong cac hoc tro kia may ai la nguoi hieu thau dao ngon nguon lich su lang minh.","Tuy nhiên, trong các học trò kia mấy ai là người hiểu thấu đáo ngọn nguồn lịch sử làng mình."
Khi cac nha lanh dao... lang tranh.,Khi các nhà lãnh đạo... lảng tránh.
Bong da Viet Nam co the du AFC Champions League.,Bóng đá Việt Nam có thể dự AFC Champions League.
Phat hoang khi thay chuot quai vat trong nha.,Phát hoảng khi thấy chuột quái vật trong nhà.
"""Nguoi mua dam co the bi truy to..."".","""Người mua dâm có thể bị truy tố...""."
Ba cong nhan bi truy sat.,Ba công nhân bị truy sát.
"Viec chuyen nay o chuyen khoa nao, co phai cac chuyen khoa ""hot"" nhu ngoai, giai phau tham my, san, rang ham mat hay ca cac chuyen khoa giai phau tu thi, dong y, phuc hoi chuc nang, giam dinh phap y, lao, phong… Ngoai ra, cung can danh gia ve lua tuoi cua cac bac sy, nhan vien y te khac nghi viec, chuyen viec.","Việc chuyển này ở chuyên khoa nào, có phải các chuyên khoa ""hot"" như ngoại, giải phẫu thẩm mỹ, sản, răng hàm mặt hay cả các chuyên khoa giải phẫu tử thi, đông y, phục hồi chức năng, giám định pháp y, lao, phong… Ngoài ra, cũng cần đánh giá về lứa tuổi của các bác sỹ, nhân viên y tế khác nghỉ việc, chuyển việc."
Phim truyen hinh moi: Tinh yeu sau hon nhan.,Phim truyền hình mới: Tình yêu sau hôn nhân.
Binh Duong quyet bao ve thanh cong danh hieu vo dich Mekong Cup.,Bình Dương quyết bảo vệ thành công danh hiệu vô địch Mekong Cup.
"Tot nghiep nganh cong nghe sinh hoc Truong DH An Giang nam 2015 nhung vi dam me nghe thuat, hoi hoa nen anh quyet dinh den TP.HCM hoc trang diem va lam toc.","Tốt nghiệp ngành công nghệ sinh học Trường ĐH An Giang năm 2015 nhưng vì đam mê nghệ thuật, hội họa nên anh quyết định đến TP.HCM học trang điểm và làm tóc."
7 viec don gian me nen lam de thai nhi thong minh.,7 việc đơn giản mẹ nên làm để thai nhi thông minh.
Vi sao ong mat chet sau khi dung tuyet chieu?.,Vì sao ong mật chết sau khi dùng tuyệt chiêu?.
Chu phuong tien tu in va dan tem len phuong tien cua minh.,Chủ phương tiện tự in và dán tem lên phương tiện của mình.
Nguoi dep cua dien anh Viet thap nien 90 bat ngo tro lai.,Người đẹp của điện ảnh Việt thập niên 90 bất ngờ trở lại.
"Diem tin sang 5.9: Petr Cech muon thao chay khoi Chelsea, M.U don nhan tin vui.","Điểm tin sáng 5.9: Petr Cech muốn tháo chạy khỏi Chelsea, M.U đón nhận tin vui."
"U23 Viet Nam: Thang kieu nay thi ""ac don"" that.","U23 Việt Nam: Thắng kiểu này thì ""ác đòn"" thật."
Lo dien nguoi yeu dep trai nhu tai tu cua A hau Tu Anh.,Lộ diện người yêu đẹp trai như tài tử của Á hậu Tú Anh.
"""Mourinho de nhi"" luu dat sang Nga.","""Mourinho đệ nhị"" lưu dạt sang Nga."
"Tuy nhien, ong Marcos Jr cung co lap truong cung ran hon ve cac tranh chap chu quyen va theo duoi cach tiep can can bang hon voi cac cuong quoc lon.","Tuy nhiên, ông Marcos Jr cũng có lập trường cứng rắn hơn về các tranh chấp chủ quyền và theo đuổi cách tiếp cận cân bằng hơn với các cường quốc lớn."
Buot long canh nguoi dan vot ca chet hang loat do gia ret.,Buốt lòng cảnh người dân vớt cá chết hàng loạt do giá rét.
TP. Ho Chi Minh: Ky ket trien khai the da nang hoc duong.,TP. Hồ Chí Minh: Ký kết triển khai thẻ đa năng học đường.
"Do do em khong duoc phep that bai, em phai gong ganh, co gang het suc de lo lang cho gia dinh.","Do đó em không được phép thất bại, em phải gồng gánh, cố gắng hết sức để lo lắng cho gia đình."
"Khu vuon bao quanh nha, kha vuong vuc.","Khu vườn bao quanh nhà, khá vuông vức."
"Nghe si Quang Teo cho biet, dao dien, NSND Khai Hung chinh la ""nhip cau"" chap noi cap bai trung Quang Teo - Giang Coi va bo tu Van Hiep - Quang Teo - Giang Coi - Tra My.","Nghệ sĩ Quang Tèo cho biết, đạo diễn, NSND Khải Hưng chính là ""nhịp cầu"" chắp nối cặp bài trùng Quang Tèo - Giang Còi và bộ tứ Văn Hiệp - Quang Tèo - Giang Còi - Trà My."
Sap dieu chinh cuoc dien thoai co dinh.,Sắp điều chỉnh cước điện thoại cố định.
'Hot boy' vuot bao benh thanh van dong vien tieu bieu.,'Hot boy' vượt bạo bệnh thành vận động viên tiêu biểu.
Thanh lap Trung tam quan ly cua khau.,Thành lập Trung tâm quản lý cửa khẩu.
"Du so huu he thong theo doi kem co dong hon HIMARS, tuy nhien M270 co suc manh gap doi voi 12 ong phong ten lua 227mm.","Dù sở hữu hệ thống theo dõi kém cơ động hơn HIMARS, tuy nhiên M270 có sức mạnh gấp đôi với 12 ống phóng tên lửa 227mm."
Mr&Miss; HV Ki thuat Quan su cam dong phut giay ben nguoi linh.,Mr&Miss; HV Kĩ thuật Quân sự cảm động phút giây bên người lính.
"Trong khi do, chu re van than nhien dung tren san khau trong tieng nhac va den disco nhap nhay nhu chua co chuyen gi xay ra.","Trong khi đó, chú rể vẫn thản nhiên đứng trên sân khấu trong tiếng nhạc và đèn disco nhấp nháy như chưa có chuyện gì xảy ra."
"""Giao chien bang goi o Hong Kong.","""Giao chiến bằng gối ở Hồng Kông."
Duoc ho tro chi phi dao tao nghe.,Được hỗ trợ chi phí đào tạo nghề.
"Hoa thi phi bung no, ban dang ngoi khong cung gap hoa.","Họa thị phi bùng nổ, bạn đang ngồi không cũng gặp họa."
"Anh: Binh Minh Trong do, san pham vai thieu duoc chon la san pham trung bay chinh voi thiet ke gian hang noi bat.","Ảnh: Bình Minh Trong đó, sản phẩm vải thiều được chọn là sản phẩm trưng bày chính với thiết kế gian hàng nổi bật."
Tau chien Nga tang cuong hien dien tai Dia Trung Hai.,Tàu chiến Nga tăng cường hiện diện tại Địa Trung Hải.
Fan nu tuyet dep cua Guerrero.,Fan nữ tuyệt đẹp của Guerrero.
Thuyen truong ke lai giay phut tau cho gan 5.000 tan hang chim xuong bien.,Thuyền trưởng kể lại giây phút tàu chở gần 5.000 tấn hàng chìm xuống biển.
VN-Index vuot len muc 540 diem.,VN-Index vượt lên mức 540 điểm.
Sao Han may man hen ho voi nguoi tung la than tuong cua minh.,Sao Hàn may mắn hẹn hò với người từng là thần tượng của mình.
Cat Stevens luu dien tro lai sau 35 nam voi phong cach RB.,Cat Stevens lưu diễn trở lại sau 35 năm với phong cách RB.
Da co 3 nguoi thiet mang trong vu dung do tai Ukraine.,Đã có 3 người thiệt mạng trong vụ đụng độ tại Ukraine.
Tang truong tien luong nhanh hon mot phan phan anh du bao cua nguoi tieu dung doi voi lam phat trong tuong lai.,Tăng trưởng tiền lương nhanh hơn một phần phản ánh dự báo của người tiêu dùng đối với lạm phát trong tương lai.
Pique: Toi da tro lai la mot trong nhung hau ve hay nhat the gioi.,Pique: Tôi đã trở lại là một trong những hậu vệ hay nhất thế giới.
Hon 30 ba bau bi tiem nham vac-xin.,Hơn 30 bà bầu bị tiêm nhầm vắc-xin.
San xuat thuoc chua benh tu cay thuoc la.,Sản xuất thuốc chữa bệnh từ cây thuốc lá.
"An nham goi bot thong ham cau, 3 tre mam non nhap vien khan cap.","Ăn nhầm gói bột thông hầm cầu, 3 trẻ mầm non nhập viện khẩn cấp."
Nhi khong nghi la chung ta nen noi them ve dieu nay nua.,Nhi không nghĩ là chúng ta nên nói thêm về điều này nữa.
Tuyen phat thich dang bo sau kinh doanh da cap bang cac gian hang ao.,Tuyên phạt thích đáng bộ sậu kinh doanh đa cấp bằng các gian hàng ảo.
"(Internet van vat - mot mang luoi cac thiet bi thong minh, may moc co khi va ky thuat so co lien quan voi nhau va co kha nang truyen du lieu qua mang ma khong yeu cau su tuong tac giua con nguoi voi may tinh). Toi pham mang co the su dung he thong nay de cung cap nang luong cho cac ro bot phan mem hoac cac con bot hoat dong mot cach tu chu.","(Internet vạn vật - một mạng lưới các thiết bị thông minh, máy móc cơ khí và kỹ thuật số có liên quan với nhau và có khả năng truyền dữ liệu qua mạng mà không yêu cầu sự tương tác giữa con người với máy tính). Tội phạm mạng có thể sử dụng hệ thống này để cung cấp năng lượng cho các rô bốt phần mềm hoặc các con bot hoạt động một cách tự chủ."
"Hoc truoc, sai nhieu.","Học trước, sai nhiều."
Tin soc: Macbook Air moi mac loi ve Wifi?.,Tin sốc: Macbook Air mới mắc lỗi về Wifi?.
"De an xa hoi hoa giao duc dao tao va y te giai doan 2009-2015: Can hon 7,4 nghin ty dong de thuc hien.","Đề án xã hội hóa giáo dục đào tạo và y tế giai đoạn 2009-2015: Cần hơn 7,4 nghìn tỷ đồng để thực hiện."
Thue xuat khau khoang san se bi ap kich tran.,Thuế xuất khẩu khoáng sản sẽ bị áp kịch trần.
Benh nhi duoc cai ECMO sau hon nua thang va rut ong noi khi.,Bệnh nhi được cai ECMO sau hơn nửa tháng và rút ống nội khí.
"Thoi diem do, ong Nguyen The Anh dang la Pho Cuc truong Cuc phong, chong ma tuy va toi pham thuoc Bo Tu lenh Bo doi Bien phong, biet phai sang giu chuc vu Pho Chanh Van Phong, thuoc Van phong Thuong truc Ban chi dao 389 quoc gia.","Thời điểm đó, ông Nguyễn Thế Anh đang là Phó Cục trưởng Cục phòng, chống ma túy và tội phạm thuộc Bộ Tư lệnh Bộ đội Biên phòng, biệt phái sang giữ chức vụ Phó Chánh Văn Phòng, thuộc Văn phòng Thường trực Ban chỉ đạo 389 quốc gia."
Man United: Nhiem vu cap bach cua Van Gaal.,Man United: Nhiệm vụ cấp bách của Van Gaal.
"Chon thuong hieu uy tin, nguon goc xuat xu ro rang Khi chon mua may, ngoai chat luong, kieu dang va gia ca thi con can quan tam den dich vu hau mai cua nha cung cap nhu che do bao hanh, phu tung thay the… Hien nay tren thi truong co rat nhieu loai may lanh khac nhau, trong khi day lai la san pham gia tri cao va su dung lau dai, vi the viec su dung cac loai may co thuong hieu se khien nguoi tieu dung co the yen tam hon ve viec bao hanh hoac thay the linh kien sau nay.","Chọn thương hiệu uy tín, nguồn gốc xuất xứ rõ ràng Khi chọn mua máy, ngoài chất lượng, kiểu dáng và giá cả thì còn cần quan tâm đến dịch vụ hậu mãi của nhà cung cấp như chế độ bảo hành, phụ tùng thay thế… Hiện nay trên thị trường có rất nhiều loại máy lạnh khác nhau, trong khi đây lại là sản phẩm giá trị cao và sử dụng lâu dài, vì thế việc sử dụng các loại máy có thương hiệu sẽ khiến người tiêu dùng có thể yên tâm hơn về việc bảo hành hoặc thay thế linh kiện sau này."
Kinh te di xuong ty le thuan voi so vu ca map tan cong.,Kinh tế đi xuống tỷ lệ thuận với số vụ cá mập tấn công.
Lam ro nguyen nhan chau be tu vong tai nha tre Hong Ha.,Làm rõ nguyên nhân cháu bé tử vong tại nhà trẻ Hồng Hà.
Co gai xinh dep trong Giai dua xe dia hinh quoc te.,Cô gái xinh đẹp trong Giải đua xe địa hình quốc tế.
"Tuy nhien, vien canh chia tay Ronaldo ngay trong he nay co the khong phai con ac mong voi ""Quy do"". Loi da cua MU se co su thay doi lon khi Erik ten Hag ngoi vao ghe thuyen truong.","Tuy nhiên, viễn cảnh chia tay Ronaldo ngay trong hè này có thể không phải cơn ác mộng với ""Quỷ đỏ"". Lối đá của MU sẽ có sự thay đổi lớn khi Erik ten Hag ngồi vào ghế thuyền trưởng."
Ngu it lam tang nguy co truy tim.,Ngủ ít làm tăng nguy cơ trụy tim.
Nhung loai ca ky di o Viet Nam.,Những loài cá kỳ dị ở Việt Nam.
CMV thong qua chi tieu 30 ty dong lai sau thue.,CMV thông qua chỉ tiêu 30 tỷ đồng lãi sau thuế.
Giai U21 Quoc te 2017: Hai doi Viet Nam danh roi chien thang.,Giải U21 Quốc tế 2017: Hai đội Việt Nam đánh rơi chiến thắng.
Dieu do dong nghia ban sao ky thuat so ngay cang can thiet doi voi qua trinh phat trien xe tu lai.,Điều đó đồng nghĩa bản sao kỹ thuật số ngày càng cần thiết đối với quá trình phát triển xe tự lái.
Dong Nai lay y kien ve quy hoach kho cang noi dia.,Đồng Nai lấy ý kiến về quy hoạch kho cảng nội địa.
"Doi voi Cong giao, trong nha tho Chinh thong giao co mot le tuong niem nguoi da khuat goi la panikhida, co nguon goc tu tieng Hy Lap, nghia la cau nguyen suot dem.","Đối với Công giáo, trong nhà thờ Chính thống giáo có một lễ tưởng niệm người đã khuất gọi là panikhida, có nguồn gốc từ tiếng Hy Lạp, nghĩa là cầu nguyện suốt đêm."
Tau Trung Quoc tien vao dao tranh chap voi Nhat.,Tàu Trung Quốc tiến vào đảo tranh chấp với Nhật.
Kich hoat va dieu chinh hieu ung do hoa dong trong Ubuntu.,Kích hoạt và điều chỉnh hiệu ứng đồ họa động trong Ubuntu.
Daley Blind: Toi du thong minh de da trung ve cho M.U.,Daley Blind: Tôi đủ thông minh để đá trung vệ cho M.U.
'Nu hoang' Vu Thi Huong hanh phuc ben ban trai nguoi Duc.,'Nữ hoàng' Vũ Thị Hương hạnh phúc bên bạn trai người Đức.
"Ngam ""my nhan ba nguc"" khien dan mang dien dao.","Ngắm ""mỹ nhân ba ngực"" khiến dân mạng điên đảo."
"Sinh vien Do Minh Hoang (22 tuoi) - mot trong 5 thanh vien cua nhom - chia se tu khi ket thuc cuoc thi den nay, cac the he may do moi lien tuc ra doi.","Sinh viên Đỗ Minh Hoàng (22 tuổi) - một trong 5 thành viên của nhóm - chia sẻ từ khi kết thúc cuộc thi đến nay, các thế hệ máy đo mới liên tục ra đời."
"Sau thoi gian bi tri hoan vi dich benh, phien xet xu lien quan den vu kien ke tren se dien ra vao ngay 11.10 toi tai Manhattan (My). Thang 3.2018, Cao Van Tuong khien lang giai tri xu Trung mot phen chan dong khi vuong cao buoc cuong dam tai Uc.","Sau thời gian bị trì hoãn vì dịch bệnh, phiên xét xử liên quan đến vụ kiện kể trên sẽ diễn ra vào ngày 11.10 tới tại Manhattan (Mỹ). Tháng 3.2018, Cao Vân Tường khiến làng giải trí xứ Trung một phen chấn động khi vướng cáo buộc cưỡng dâm tại Úc."
Sap dien ra hoi cho quoc te Ha Noi 2010.,Sắp diễn ra hội chợ quốc tế Hà Nội 2010.
Tung buoc lam ro nguyen nhan tu vong cua hai san phu.,Từng bước làm rõ nguyên nhân tử vong của hai sản phụ.
Dot dien tap Han Quang dien ra trong boi canh xuat hien thong tin Chu tich Ha vien My Nancy Pelosi du kien dan dau phai doan tham Dai Loan vao thang 8.,Đợt diễn tập Hán Quang diễn ra trong bối cảnh xuất hiện thông tin Chủ tịch Hạ viện Mỹ Nancy Pelosi dự kiến dẫn đầu phái đoàn thăm Đài Loan vào tháng 8.
"Mourinho: Ke ca vo dich World Cup, Messi van khong the vi dai.","Mourinho: Kể cả vô địch World Cup, Messi vẫn không thể vĩ đại."
"Ngay 27-6, Cong an tinh Lam Dong cho biet da tien hanh truy to bi can Bui Thi Mai Lien (48 tuoi, Da Lat) va 3 dong pham ve cac toi ""lua dao chiem doat tai san"", ""lam dung tin nhiem chiem doat tai san"". Ba Lien la vo ong D.X.S.","Ngày 27-6, Công an tỉnh Lâm Đồng cho biết đã tiến hành truy tố bị can Bùi Thị Mai Liên (48 tuổi, Đà Lạt) và 3 đồng phạm về các tội ""lừa đảo chiếm đoạt tài sản"", ""lạm dụng tín nhiệm chiếm đoạt tài sản"". Bà Liên là vợ ông Đ.X.S."
Chiem nguong VDV nem lao quyen ru.,Chiêm ngưỡng VĐV ném lao quyến rũ.
"Dinh chi co so mam non co bao mau cam dao doa, danh tre nhu dau vat.","Đình chỉ cơ sở mầm non có bảo mẫu cầm dao dọa, đánh trẻ như đấu vật."
Hut mat voi ve goi cam cua my nhan tuyen Australia.,Hút mắt với vẻ gợi cảm của mỹ nhân tuyển Australia.
Bo truong Nguyen Bac Son tiep doan cap cao cong ty Ericsson-LG.,Bộ trưởng Nguyễn Bắc Son tiếp đoàn cấp cao công ty Ericsson-LG.
Twitter cung cap dich vu thong dich da ngon ngu.,Twitter cung cấp dịch vụ thông dịch đa ngôn ngữ.
Le cuoi am cung cua vo chong Trang Nhung giua gia ret Ha Noi.,Lễ cưới ấm cúng của vợ chồng Trang Nhung giữa giá rét Hà Nội.
"Tai tu lai chiec xe Telsa di chuyen tren duong Chinh Bac, thuoc pho Dao Vien dot ngot lao vao cot dien.","Tài tử lái chiếc xe Telsa di chuyển trên đường Chính Bắc, thuộc phố Đào Viên đột ngột lao vào cột điện."
"Nguoi dan Trung Quoc quan niem rang an keo ho lo co tac dung xua duoi van den, mang lai nhieu dieu may man cho nguoi thuong thuc.","Người dân Trung Quốc quan niệm rằng ăn kẹo hồ lô có tác dụng xua đuổi vận đen, mang lại nhiều điều may mắn cho người thưởng thức."
"Xo xat o Ha Tinh, hon 10 cong an nhap vien.","Xô xát ở Hà Tĩnh, hơn 10 công an nhập viện."
"Nguoi dep ""Titanic"" tro lai voi cau chuyen tinh yeu kich tinh va cam dong.","Người đẹp ""Titanic"" trở lại với câu chuyện tình yêu kịch tính và cảm động."
"Co the thay rang nhung nguoi sang tao noi dung tren TikTok ho chi la nguoi lam ra cac khoanh khac giai tri, dap ung thi hieu cua so dong.","Có thể thấy rằng những người sáng tạo nội dung trên TikTok họ chỉ là người làm ra các khoảnh khắc giải trí, đáp ứng thị hiếu của số đông."
Chuyen gia quoc te gop y bao ton di san.,Chuyên gia quốc tế góp ý bảo tồn di sản.
"Thuy Top ""ep"" vong 1 de hoan doi lam vua he Sac-Lo.","Thủy Top ""ép"" vòng 1 để hoán đổi làm vua hề Sác-Lô."
MobiFone nang cap co so chua du lieu ve dich vu.,MobiFone nâng cấp cơ sở chứa dữ liệu về dịch vụ.
"Bep gas noi lau no tai dam gio, ba nguoi bi bong nang.","Bếp gas nồi lẩu nổ tại đám giỗ, ba người bị bỏng nặng."
"May bay pham vung cam, Nha Trang so tan gap.","Máy bay phạm vùng cấm, Nhà Trắng sơ tán gấp."
"Lumia 1030 ro ri hinh anh sac net ""dep tung milimet"".","Lumia 1030 rò rỉ hình ảnh sắc nét ""đẹp từng milimet""."
Sau do T.,Sau đó T.
Dien dan doanh nghiep Israel-Viet Nam.,Diễn đàn doanh nghiệp Israel-Việt Nam.
"2 vu tai nan, nhieu nguoi bi thuong.","2 vụ tai nạn, nhiều người bị thương."
Gia vang dao chieu manh.,Giá vàng đảo chiều mạnh.
"Thu tuong yeu cau lam ro thong tin ve lam thu o Thanh Hoa, Hai Phong.","Thủ tướng yêu cầu làm rõ thông tin về lạm thu ở Thanh Hóa, Hải Phòng."
Cong dong nguoi Viet Nam o Slovakia phan doi Trung Quoc ha dat trai phep gian khoan Hai Duong 981.,Cộng đồng người Việt Nam ở Slovakia phản đối Trung Quốc hạ đặt trái phép giàn khoan Hải Dương 981.
Ronaldo tu tin Real danh bai M.U tai Old Trafford.,Ronaldo tự tin Real đánh bại M.U tại Old Trafford.
Bui Lan Huong co hinh xam mau do day thu hut.,Bùi Lan Hương có hình xăm màu đỏ đầy thu hút.
"The thao giua dong xoay thi truong: Thoai von khoi ""manh dat Vang"".","Thể thao giữa dòng xoáy thị trường: Thoái vốn khỏi ""mảnh đất Vàng""."
"Thang 12/2014, phat bieu tai Le ky niem 5 nam thanh lap TPL Shipping, ong Nguyen Van Dat voi vai tro la co van Hoi dong quan tri TPL Shipping, cho biet: ""Nam 2015, chung toi dat muc tieu loi nhuan cua TPL Shipping tu 400 - 500 ty dong; mua them 2 - 4 con tau tri gia khoang 50 - 80 trieu do la My.","Tháng 12/2014, phát biểu tại Lễ kỷ niệm 5 năm thành lập TPL Shipping, ông Nguyễn Văn Đạt với vai trò là cố vấn Hội đồng quản trị TPL Shipping, cho biết: ""Năm 2015, chúng tôi đặt mục tiêu lợi nhuận của TPL Shipping từ 400 - 500 tỷ đồng; mua thêm 2 - 4 con tàu trị giá khoảng 50 - 80 triệu đô la Mỹ."
"Kiem tra xu ly vu ""gan 200 ha dat rung roi vao tay tu nhan"".","Kiểm tra xử lý vụ ""gần 200 ha đất rừng rơi vào tay tư nhân""."
Ho Hoai Anh da tu dong di khong phai muc dich vi nghe thuat ma la giai tri.,Hồ Hoài Anh đã tự động đi không phải mục đích vì nghệ thuật mà là giải trí.
Viet Nam Han Quoc: Chia se kien thuc trong nganh thiet ke cong nghiep.,Việt Nam Hàn Quốc: Chia sẻ kiến thức trong ngành thiết kế công nghiệp.
Goc khuat sau vu sieu mau Ngoc Thuy kien me ruot doi 5 can biet thu.,Góc khuất sau vụ siêu mẫu Ngọc Thúy kiện mẹ ruột đòi 5 căn biệt thự.
Cac loai banh ngot lam tu ban tay cac me xa xu (phan 4).,Các loại bánh ngọt làm từ bàn tay các mẹ xa xứ (phần 4).
"Vi doc lap, tu do cua To quoc, vi hanh phuc cua Nhan dan da co biet bao nguoi con than yeu cua dan toc nga xuong va mai mai nam lai manh dat thieng lieng nay.","Vì độc lập, tự do của Tổ quốc, vì hạnh phúc của Nhân dân đã có biết bao người con thân yêu của dân tộc ngã xuống và mãi mãi nằm lại mảnh đất thiêng liêng này."
"Thang dam Phu Yen tren san Thong Nhat, CLB TP.HCM tam dan dau bang.","Thắng đậm Phú Yên trên sân Thống Nhất, CLB TP.HCM tạm dẫn đầu bảng."
"""Moi lan su dung nha ve sinh o bat ky dau, toi cung ngo nghieng quan sat ky luong.","""Mỗi lần sử dụng nhà vệ sinh ở bất kỳ đâu, tôi cũng ngó nghiêng quan sát kỹ lưỡng."
"My ""duoc loi"" hon EU trong cac lenh trung phat Moskva.","Mỹ ""được lợi"" hơn EU trong các lệnh trừng phạt Moskva."
Day manh cong tac phoi hop giu vung an ninh bien gioi.,Đẩy mạnh công tác phối hợp giữ vững an ninh biên giới.
"Benh vien FV dau tu them 1,5 trieu USD trang bi thiet bi hien dai.","Bệnh viện FV đầu tư thêm 1,5 triệu USD trang bị thiết bị hiện đại."
Tra My Next Top Model tap tanh bat de.,Trà My Next Top Model tập tành bắt dế.
"Trong mua giong co kha nang xay ra loc, set, mua da va gio giat manh.","Trong mưa giông có khả năng xảy ra lốc, sét, mưa đá và gió giật mạnh."
Top 7 sao Han kiem bon trong nam 2012.,Top 7 sao Hàn kiếm bộn trong năm 2012.
Se to chuc Hoi dong Tien luong quoc gia.,Sẽ tổ chức Hội đồng Tiền lương quốc gia.
"Ngay 6/7, Don Bien phong Vang Ma Chai ra quyet dinh khoi to vu an; ngay 7/7, ban giao vu an cho Co quan An ninh dieu tra Cong an tinh dieu tra theo tham quyen.","Ngày 6/7, Đồn Biên phòng Vàng Ma Chải ra quyết định khởi tố vụ án; ngày 7/7, bàn giao vụ án cho Cơ quan An ninh điều tra Công an tỉnh điều tra theo thẩm quyền."
Daul Kim cai va voi ban trai truoc khi chet.,Daul Kim cãi vã với bạn trai trước khi chết.
"Mong rang voi 4 dia diem ke tren, ban va gia dinh se co them nhieu lua chon thu vi cho chuyen kham pha Dai Loan them phan hap dan.","Mong rằng với 4 địa điểm kể trên, bạn và gia đình sẽ có thêm nhiều lựa chọn thú vị cho chuyến khám phá Đài Loan thêm phần hấp dẫn."
"Ong Theo ke, troi dat giua bien nhieu ngay trong dieu kien thoi tiet co luc rat xau, cung voi do la doi, khat va lanh khien moi nguoi kiet suc dan, co nguoi thiep di.","Ông Theo kể, trôi dạt giữa biển nhiều ngày trong điều kiện thời tiết có lúc rất xấu, cùng với đó là đói, khát và lạnh khiến mọi người kiệt sức dần, có người thiếp đi."
"Vo phi cong Casa-212 mat tich: 'Da la vo nguoi linh, phai xac dinh tam ly cho tinh huong xau nhat'.","Vợ phi công Casa-212 mất tích: 'Đã là vợ người lính, phải xác định tâm lý cho tình huống xấu nhất'."
Da Nang da san sang cham soc dac biet cho ong Nguyen Ba Thanh.,Đà Nẵng đã sẵn sàng chăm sóc đặc biệt cho ông Nguyễn Bá Thanh.
Chinh phu Anh da ep duoc Facebook phai dong thue.,Chính phủ Anh đã ép được Facebook phải đóng thuế.
"Buoi trinh dien thoi trang Chung ket World Cup 1998 cua Yves Saint Laurent da ban tang cho ""Stade de France"" muoi lam phut ma thuat thoi trang trong mot trong nhung su kien som nhat bao hieu dieu gi sap xay ra.","Buổi trình diễn thời trang Chung kết World Cup 1998 của Yves Saint Laurent đã ban tặng cho ""Stade de France"" mười lăm phút ma thuật thời trang trong một trong những sự kiện sớm nhất báo hiệu điều gì sắp xảy ra."
Khac phuc dut cap quang Dia Trung Hai.,Khắc phục đứt cáp quang Địa Trung Hải.
"Syria: SAA, SDF tien sau vao Raqqa, diet hang loat tay sung IS.","Syria: SAA, SDF tiến sâu vào Raqqa, diệt hàng loạt tay súng IS."
Nhieu nguon tin cho biet ca hai bo con da 10 nam khong lien lac.,Nhiều nguồn tin cho biết cả hai bố con đã 10 năm không liên lạc.
Binh Phuoc: De nghi xu ly co so Giao duc hoat dong trai phep.,Bình Phước: Đề nghị xử lý cơ sở Giáo dục hoạt động trái phép.
"Khong nen trum vat truoc qua den xe va tay lai, vi nhu vay se khien cho viec dieu khien xe kho hon.","Không nên trùm vạt trước qua đèn xe và tay lái, vì như vậy sẽ khiến cho việc điều khiển xe khó hơn."
Mang thai 5w ma boi thuoc chong loet mieng co sao khong a???.,Mang thai 5w ma bôi thuốc chống loét miệng có sao không a???.
"O vong 7, Ha Tinh se tiep SLNA trong tran derby xu Nghe.","Ở vòng 7, Hà Tĩnh sẽ tiếp SLNA trong trận derby xứ Nghệ."
Lan theo dau vet bon toi pham rua tien quoc te.,Lần theo dấu vết bọn tội phạm rửa tiền quốc tế.
"Vua tuyen bo chinh thuc ket hon, ""Tieu Long Nu"" up mo tin da mang thai.","Vừa tuyên bố chính thức kết hôn, ""Tiểu Long Nữ"" úp mở tin đã mang thai."
"Baggott noi: ""Toi nho khi bat dau su nghiep tai hoc vien Ipswich, toi luon mo uoc choi cho Indonesia.","Baggott nói: ""Tôi nhớ khi bắt đầu sự nghiệp tại học viện Ipswich, tôi luôn mơ ước chơi cho Indonesia."
"Le Duong Bao Lam hoi: ""Em nghi the nao ve anh Truong Giang?","Lê Dương Bảo Lâm hỏi: ""Em nghĩ thế nào về anh Trường Giang?"
"Luc nay, Dat co tinh lai o to BKS 43A-455.50, tong thang phia sau xe may khien chi H.","Lúc này, Đạt cố tình lái ô tô BKS 43A-455.50, tông thẳng phía sau xe máy khiến chị H."
Thong qua danh sach ung vien Bo Chinh tri khoa toi.,Thông qua danh sách ứng viên Bộ Chính trị khóa tới.
Sieu trom xin duoc chet truoc toa.,Siêu trộm xin được chết trước tòa.
"Fla bay cao, Corinthians roi tu do.","Fla bay cao, Corinthians rơi tự do."
Khoang cach tu con so.,Khoảng cách từ con số.
Ngo ngang truoc kha nang nhay nhot sieu goi cam cua Ngoc Trinh.,Ngỡ ngàng trước khả năng nhảy nhót siêu gợi cảm của Ngọc Trinh.
"Truoc suc ep rat lon tu doi bong ao do, U19 Brunei phai lui sau phong ngu du tran dau dien ra chua day 10 phut.","Trước sức ép rất lớn từ đội bóng áo đỏ, U19 Brunei phải lùi sâu phòng ngự dù trận đấu diễn ra chưa đầy 10 phút."
Laptop dau tien cua Xiaomi nhai trang tron MacBook Air.,Laptop đầu tiên của Xiaomi nhái trắng trợn MacBook Air.
DH Dong A mo nganh Quan tri truyen thong tich hop.,ĐH Đông Á mở ngành Quản trị truyền thông tích hợp.
Cho the nay lam sao thay duong!.,Chở thế này làm sao thấy đường!.
De yeu khong ghen.,Để yêu không ghen.
5 su kien quan su noi bat nhat ngay 11.4.,5 sự kiện quân sự nổi bật nhất ngày 11.4.
"Nang cao hieu qua tu van ban, thu tuc.","Nâng cao hiệu quả từ văn bản, thủ tục."
Lac vao khong gian giai tri tu A sang Au tai Sun World.,Lạc vào không gian giải trí từ Á sang Âu tại Sun World.
Nong bong tran Everton va Liverpool.,Nóng bỏng trận Everton và Liverpool.
Ukraine - chu de chinh buoi tra loi truc tiep cua ong Putin.,Ukraine - chủ đề chính buổi trả lời trực tiếp của ông Putin.
"Nhu vay, chinh quyen cac cap phai tuyen truyen ve viec phan loai rac den nguoi dan.","Như vậy, chính quyền các cấp phải tuyên truyền về việc phân loại rác đến người dân."
Renault Ondelios concept tren doi canh thien than.,Renault Ondelios concept trên đôi cánh thiên thần.
"Thay vi ap dat nhung phan doan chu quan cua ban ve hanh vi cua con, hay chong lai su hay noi dung theo nghia den cua nhung gi ban thay.","Thay vì áp đặt những phán đoán chủ quan của bạn về hành vi của con, hãy chống lại sự hãy nói đúng theo nghĩa đen của những gì bạn thấy."
"TCS la Tap doan CNTT lon hang dau the gioi, lot Top 100 thuong hieu lon nhat toan cau (theo Adda247); con NTQ nam trong Top 10 doanh nghiep CNTT Viet Nam 2021 (theo Vietnamplus). Cuoc hop tac chien luoc nay da mo ra mot ""loi tat"" giup cac doanh nghiep tai chinh Viet chuyen doi so nhanh chong va de dang hon bao gio het: TCS BaNCS.","TCS là Tập đoàn CNTT lớn hàng đầu thế giới, lọt Top 100 thương hiệu lớn nhất toàn cầu (theo Adda247); còn NTQ nằm trong Top 10 doanh nghiệp CNTT Việt Nam 2021 (theo Vietnamplus). Cuộc hợp tác chiến lược này đã mở ra một ""lối tắt"" giúp các doanh nghiệp tài chính Việt chuyển đổi số nhanh chóng và dễ dàng hơn bao giờ hết: TCS BaNCS."
"Giai phong al-Sukhna, SAA siet chat gong kim vao Dier Ezzor.","Giải phóng al-Sukhna, SAA siết chặt gọng kìm vào Dier Ezzor."
Thai phu dung iPhone dang sac tu vong: Nguyen nhan vu viec.,Thai phụ dùng iPhone đang sạc tử vong: Nguyên nhân vụ việc.
"My Tam chinh thuc ngoi ghe nong ""The Voice Viet"" mua 3.","Mỹ Tâm chính thức ngồi ghế nóng ""The Voice Việt"" mùa 3."
HLV Miura lien tiep nhan tin 'set danh'.,HLV Miura liên tiếp nhận tin 'sét đánh'.
Gio to hung vuong 10/3 co nen di choi Moc Chau?.,Giỗ tổ hùng vương 10/3 có nên đi chơi Mộc Châu?.
Thi vao lop 10 tai Ha Noi: Nhieu thi sinh tu tin dat diem cao mon Tieng Anh.,Thi vào lớp 10 tại Hà Nội: Nhiều thí sinh tự tin đạt điểm cao môn Tiếng Anh.
"Trien khai nhanh cac co hoi dau tu de nang cao hieu qua, do linh dong va an toan van hanh.","Triển khai nhanh các cơ hội đầu tư để nâng cao hiệu quả, độ linh động và an toàn vận hành."
7 meo can biet de giu lop trang diem lau troi.,7 mẹo cần biết để giữ lớp trang điểm lâu trôi.
